f0,f1,f2,f3,f4,f5,f6,f7,f8,f9,f10,f11,f12,f13,f14,f15,f16,f17,f18,f19,f20,f21,f22,f23,f24,f25,f26,f27,f28,f29,f30,f31,f32,f33,f34,f35,f36,f37,f38,f39,f40,f41,f42,f43,f44,f45,f46,f47,f48,f49,f50,f51,f52,f53,f54,f55,f56,f57,f58,f59,f60,f61,f62,label
6496,-0.315569,-0.013368,0.113071,-0.397424,-0.087003,0.107884,-0.258943,-0.117927,0.09845,-0.15371,-0.122849,0.0181,-0.30725,-0.033149,0.043229,-0.379807,-0.109391,0.049072,-0.234696,-0.113158,0.047113,-0.136401,-0.095258,-0.050359,-0.281968,-0.054524,-0.019828,-0.320843,-0.111468,-0.008568,-0.218588,-0.112891,-0.004884,-0.14563,-0.099555,A
0.0,0.0,-0.0,0.116085,-0.061071,-0.025019,0.18779,-0.205076,-0.033183,0.208111,-0.338092,-0.045638,0.230959,-0.434191,-0.053877,0.159847,-0.308497,0.002328,0.177217,-0.392721,-0.061463,0.165684,-0.298847,-0.104252,0.154962,-0.20649,-0.123066,0.086999,-0.317413,-0.00952,0.110745,-0.401061,-0.085617,0.107799,-0.262757,-0.119172,0.099102,-0.157193,-0.125108,0.018511,-0.308273,-0.030095,0.041087,-0.380792,-0.108782,0.04963,-0.234835,-0.114726,0.048808,-0.136417,-0.097312,-0.050388,-0.283261,-0.052266,-0.019977,-0.321174,-0.110562,-0.007843,-0.219791,-0.113235,-0.004026,-0.147516,-0.100264,A
0.0,0.0,-0.0,0.112282,-0.059159,-0.026095,0.183012,-0.201625,-0.035408,0.203594,-0.335667,-0.048585,0.226969,-0.432531,-0.057726,0.155092,-0.308193,-0.003663,0.173842,-0.39151,-0.065815,0.161869,-0.295968,-0.105977,0.151298,-0.203436,-0.123302,0.082593,-0.315879,-0.01485,0.107014,-0.398378,-0.089164,0.103992,-0.259232,-0.119581,0.096261,-0.152802,-0.123997,0.014594,-0.306121,-0.034448,0.038841,-0.375548,-0.112068,0.046025,-0.229619,-0.116102,0.044335,-0.130377,-0.097952,-0.05362,-0.280764,-0.055649,-0.02303,-0.319382,-0.113907,-0.011539,-0.21654,-0.115819,-0.008338,-0.142762,-0.102572,A
0.0,0.0,-0.0,0.115998,-0.06003,-0.024557,0.186699,-0.203149,-0.033454,0.206041,-0.337666,-0.046679,0.22772,-0.434158,-0.055906,0.159459,-0.306439,0.000247,0.176764,-0.391951,-0.062502,0.1645,-0.299672,-0.104319,0.152999,-0.20838,-0.122884,0.086874,-0.315085,-0.011823,0.110835,-0.397316,-0.086686,0.107145,-0.259127,-0.118907,0.097492,-0.153689,-0.124652,0.018914,-0.306726,-0.032377,0.042643,-0.379161,-0.109832,0.049229,-0.233303,-0.114231,0.046346,-0.134497,-0.096507,-0.049919,-0.282871,-0.054539,-0.019189,-0.32219,-0.112546,-0.008301,-0.21996,-0.114537,-0.005738,-0.147074,-0.101454,A
0.0,0.0,-0.0,0.117894,-0.063099,-0.024088,0.188117,-0.207159,-0.032426,0.207469,-0.34234,-0.045545,0.228261,-0.439071,-0.054566,0.159623,-0.311295,0.003344,0.176946,-0.396758,-0.062257,0.165274,-0.3036,-0.106666,0.154008,-0.211256,-0.126402,0.086703,-0.318856,-0.009508,0.110015,-0.402431,-0.088259,0.10718,-0.262133,-0.123059,0.097792,-0.155119,-0.129428,0.018806,-0.309529,-0.031215,0.040963,-0.382305,-0.112204,0.049241,-0.234872,-0.118062,0.047501,-0.135776,-0.100105,-0.050159,-0.285358,-0.054474,-0.019733,-0.32482,-0.114557,-0.008537,-0.222199,-0.11719,-0.00568,-0.149311,-0.103859,A
0.0,0.0,-0.0,0.114431,-0.059689,-0.024932,0.185492,-0.203558,-0.033127,0.205697,-0.336692,-0.045598,0.228107,-0.432582,-0.053871,0.159033,-0.306339,0.000999,0.175473,-0.392485,-0.063211,0.162893,-0.298441,-0.105548,0.151707,-0.206329,-0.123779,0.086386,-0.315134,-0.010879,0.108865,-0.401308,-0.087675,0.105647,-0.263071,-0.12074,0.097199,-0.157821,-0.125907,0.018119,-0.306116,-0.031427,0.039448,-0.380279,-0.11065,0.047596,-0.234095,-0.116127,0.047049,-0.135997,-0.098058,-0.050583,-0.281551,-0.053509,-0.02101,-0.321133,-0.112243,-0.008669,-0.219124,-0.114864,-0.004308,-0.146193,-0.10157,A
0.0,0.0,-0.0,0.112705,-0.059161,-0.023892,0.182234,-0.201138,-0.032423,0.200354,-0.335783,-0.045272,0.223824,-0.430246,-0.054234,0.155589,-0.30594,0.000324,0.172767,-0.391208,-0.061473,0.161294,-0.298594,-0.102313,0.150569,-0.20732,-0.120187,0.083108,-0.313909,-0.011646,0.106674,-0.397638,-0.085063,0.103466,-0.259427,-0.116294,0.094601,-0.15428,-0.121393,0.015296,-0.304905,-0.031909,0.038535,-0.378403,-0.108259,0.045955,-0.232606,-0.11218,0.044232,-0.134055,-0.094288,-0.053331,-0.279682,-0.053659,-0.023199,-0.320689,-0.111057,-0.011611,-0.218159,-0.112684,-0.008314,-0.144936,-0.099359,A
0.0,0.0,-0.0,0.113742,-0.055916,-0.024523,0.184993,-0.198825,-0.033158,0.201902,-0.335298,-0.045865,0.22152,-0.430385,-0.05456,0.156536,-0.304725,-0.000954,0.171247,-0.389368,-0.062694,0.159862,-0.29521,-0.10362,0.149513,-0.203559,-0.121783,0.083617,-0.31203,-0.012594,0.105137,-0.395448,-0.085805,0.103634,-0.258768,-0.117184,0.095099,-0.155315,-0.122786,0.015448,-0.303096,-0.032448,0.037086,-0.376729,-0.108276,0.046078,-0.232093,-0.11238,0.044743,-0.134278,-0.094954,-0.053094,-0.278827,-0.053894,-0.022888,-0.31895,-0.1109,-0.010437,-0.216896,-0.112844,-0.006686,-0.144191,-0.10001,A
0.0,0.0,-0.0,0.115356,-0.058296,-0.02542,0.185713,-0.200646,-0.034119,0.202972,-0.33513,-0.047243,0.219763,-0.431412,-0.056381,0.155167,-0.30378,0.000539,0.171479,-0.386614,-0.065166,0.161147,-0.293184,-0.109487,0.151181,-0.200933,-0.12923,0.083115,-0.311195,-0.011657,0.105794,-0.393859,-0.089669,0.105375,-0.258776,-0.124774,0.097612,-0.154623,-0.131628,0.015412,-0.301727,-0.032573,0.037626,-0.374076,-0.112736,0.047066,-0.230379,-0.119165,0.046562,-0.132643,-0.101733,-0.052739,-0.277192,-0.055172,-0.02277,-0.314482,-0.11482,-0.00904,-0.214308,-0.118262,-0.003474,-0.142238,-0.105589,A
0.0,0.0,-0.0,0.1103,-0.072411,-0.021979,0.168622,-0.215574,-0.02976,0.176056,-0.347801,-0.042797,0.187029,-0.441231,-0.052205,0.133996,-0.312303,0.007815,0.143664,-0.402226,-0.055399,0.14123,-0.315479,-0.099475,0.136597,-0.225015,-0.119415,0.065047,-0.311803,-0.005423,0.080617,-0.400935,-0.081051,0.089737,-0.270536,-0.117351,0.088018,-0.167982,-0.125499,0.00046,-0.296344,-0.02725,0.016206,-0.376248,-0.105072,0.036392,-0.238,-0.113491,0.042553,-0.142922,-0.098091,-0.065399,-0.265467,-0.050464,-0.038934,-0.311521,-0.108386,-0.019378,-0.214809,-0.112544,-0.00993,-0.144141,-0.100953,A
0.0,0.0,-0.0,0.112148,-0.076615,-0.020252,0.168998,-0.222049,-0.026639,0.174229,-0.356388,-0.038951,0.184422,-0.45018,-0.047525,0.130703,-0.316798,0.013515,0.139592,-0.408417,-0.049947,0.138515,-0.320301,-0.095083,0.134571,-0.227854,-0.115541,0.061515,-0.31479,-0.000423,0.076315,-0.406724,-0.077185,0.087836,-0.275927,-0.115365,0.08694,-0.172414,-0.124254,-0.003,-0.298632,-0.023042,0.011903,-0.380257,-0.101834,0.034122,-0.240956,-0.110994,0.040904,-0.145368,-0.095486,-0.068495,-0.267166,-0.046937,-0.041729,-0.313498,-0.105384,-0.020859,-0.215741,-0.109636,-0.010693,-0.14472,-0.097706,A
0.0,0.0,-0.0,0.110414,-0.079034,-0.021607,0.164612,-0.225015,-0.029064,0.171107,-0.357069,-0.042295,0.183022,-0.452081,-0.051981,0.128965,-0.320755,0.010432,0.13858,-0.409974,-0.054554,0.137756,-0.323559,-0.100689,0.134968,-0.232286,-0.121791,0.059844,-0.319025,-0.003316,0.075254,-0.405296,-0.082043,0.087562,-0.273501,-0.120717,0.087975,-0.168445,-0.129809,-0.004668,-0.302173,-0.025888,0.011034,-0.378429,-0.10735,0.032901,-0.238339,-0.117757,0.039597,-0.141966,-0.102701,-0.070298,-0.269167,-0.049711,-0.043049,-0.312929,-0.110835,-0.022456,-0.214568,-0.116257,-0.012379,-0.14329,-0.104784,A
0.0,0.0,-0.0,0.109612,-0.076032,-0.020654,0.165847,-0.220967,-0.027236,0.172271,-0.352148,-0.039393,0.183861,-0.44652,-0.047963,0.130535,-0.318616,0.011045,0.138877,-0.408338,-0.051287,0.138373,-0.320816,-0.09491,0.137416,-0.229756,-0.114569,0.060848,-0.317854,-0.002396,0.075086,-0.405335,-0.078211,0.08603,-0.272681,-0.114365,0.086983,-0.169498,-0.121814,-0.004174,-0.301198,-0.024396,0.009747,-0.378125,-0.102888,0.03111,-0.237995,-0.111665,0.039189,-0.142882,-0.095896,-0.069699,-0.267851,-0.047581,-0.045451,-0.311208,-0.10598,-0.024024,-0.213526,-0.110475,-0.012143,-0.142893,-0.098648,A
0.0,0.0,-0.0,0.112151,-0.077368,-0.021594,0.168985,-0.221894,-0.028892,0.175768,-0.354792,-0.041866,0.18602,-0.448951,-0.051126,0.131935,-0.317536,0.011128,0.141613,-0.40584,-0.053965,0.139946,-0.318047,-0.100182,0.136297,-0.227085,-0.121299,0.062401,-0.315757,-0.002695,0.078041,-0.404947,-0.08175,0.088908,-0.272631,-0.120838,0.088298,-0.168205,-0.12999,-0.002255,-0.29931,-0.025293,0.012723,-0.378293,-0.106472,0.034508,-0.238009,-0.116488,0.041605,-0.141829,-0.101075,-0.067816,-0.26748,-0.049189,-0.041722,-0.311916,-0.10941,-0.021176,-0.213729,-0.114409,-0.010636,-0.142472,-0.102732,A
0.0,0.0,-0.0,0.104249,-0.075033,-0.020626,0.159727,-0.219294,-0.026682,0.166755,-0.349307,-0.037569,0.178353,-0.443694,-0.044945,0.123083,-0.317459,0.007092,0.13388,-0.402771,-0.050934,0.131973,-0.31562,-0.089978,0.13027,-0.226127,-0.106859,0.053682,-0.316201,-0.005126,0.070507,-0.405899,-0.075445,0.080197,-0.276085,-0.106444,0.081985,-0.172373,-0.111194,-0.010393,-0.298573,-0.02536,0.006041,-0.374065,-0.099178,0.025968,-0.236309,-0.105147,0.033447,-0.14127,-0.088656,-0.07381,-0.263658,-0.046712,-0.049048,-0.309886,-0.102191,-0.028458,-0.213108,-0.104789,-0.017707,-0.142,-0.092336,A
0.0,0.0,-0.0,0.107254,-0.077242,-0.020467,0.161723,-0.223718,-0.027639,0.166889,-0.356522,-0.040018,0.180046,-0.451426,-0.049037,0.124632,-0.322258,0.006548,0.135235,-0.409933,-0.053301,0.133856,-0.32313,-0.094576,0.130661,-0.232638,-0.112912,0.054325,-0.319538,-0.006331,0.069894,-0.407807,-0.0781,0.08136,-0.275285,-0.110717,0.08252,-0.169667,-0.116905,-0.010508,-0.301492,-0.027307,0.006213,-0.379401,-0.101909,0.027794,-0.240146,-0.108083,0.034978,-0.14318,-0.091991,-0.07531,-0.2664,-0.04947,-0.049521,-0.315445,-0.10542,-0.028318,-0.217991,-0.107866,-0.018235,-0.145304,-0.095463,A
0.0,0.0,-0.0,0.109837,-0.075789,-0.02151,0.166667,-0.221445,-0.028789,0.173386,-0.354414,-0.041336,0.181838,-0.449539,-0.050317,0.129734,-0.317676,0.008879,0.138709,-0.406315,-0.054134,0.137461,-0.318081,-0.098243,0.134809,-0.227175,-0.118114,0.059603,-0.316174,-0.00428,0.074683,-0.404958,-0.080068,0.084826,-0.271674,-0.115925,0.084675,-0.167811,-0.123349,-0.00537,-0.299117,-0.025975,0.009282,-0.377923,-0.103805,0.030439,-0.238465,-0.111717,0.037736,-0.143343,-0.095694,-0.070721,-0.266361,-0.048985,-0.045803,-0.31191,-0.10634,-0.024724,-0.214747,-0.109825,-0.013752,-0.143757,-0.097607,A
0.0,0.0,-0.0,0.106945,-0.07892,-0.020845,0.162034,-0.226714,-0.027163,0.167771,-0.358709,-0.038584,0.17732,-0.454295,-0.046397,0.122264,-0.325698,0.007555,0.133838,-0.414624,-0.05141,0.132357,-0.326861,-0.091351,0.130565,-0.236387,-0.108694,0.052087,-0.32321,-0.004858,0.068245,-0.414887,-0.07577,0.079967,-0.284435,-0.107122,0.08288,-0.179165,-0.112103,-0.012784,-0.304519,-0.025521,0.004103,-0.381112,-0.099926,0.025616,-0.241997,-0.105862,0.033751,-0.145403,-0.089209,-0.076775,-0.268463,-0.04737,-0.050443,-0.315886,-0.102966,-0.028923,-0.218507,-0.105354,-0.018033,-0.146391,-0.092722,A
0.0,0.0,-0.0,0.10883,-0.077978,-0.021348,0.164696,-0.224896,-0.028748,0.171252,-0.35886,-0.041284,0.181837,-0.455251,-0.050467,0.127694,-0.322406,0.006884,0.136744,-0.411429,-0.054266,0.135711,-0.32586,-0.096817,0.133294,-0.235989,-0.116042,0.057486,-0.31954,-0.006083,0.072775,-0.406592,-0.079692,0.083884,-0.274648,-0.113904,0.08416,-0.16893,-0.121032,-0.007658,-0.301957,-0.027375,0.007925,-0.377198,-0.103762,0.029604,-0.238343,-0.111231,0.036837,-0.141218,-0.095673,-0.073336,-0.26823,-0.049958,-0.047974,-0.314765,-0.107346,-0.02737,-0.216728,-0.110868,-0.017049,-0.144038,-0.09906,A
0.0,0.0,-0.0,0.109477,-0.077094,-0.022345,0.16459,-0.222413,-0.030056,0.17022,-0.35554,-0.042934,0.181514,-0.450189,-0.052259,0.127987,-0.317975,0.007479,0.137154,-0.406221,-0.055912,0.136186,-0.320138,-0.100294,0.133569,-0.23022,-0.120477,0.057913,-0.315782,-0.005461,0.073611,-0.401308,-0.082386,0.084479,-0.267851,-0.118881,0.084522,-0.162913,-0.126818,-0.006514,-0.298745,-0.026987,0.009174,-0.373829,-0.106455,0.030976,-0.233558,-0.115233,0.038213,-0.137231,-0.099679,-0.071796,-0.26628,-0.049817,-0.046007,-0.310325,-0.109389,-0.025223,-0.212286,-0.113992,-0.014609,-0.141123,-0.102385,A
0.0,0.0,-0.0,0.112673,-0.06594,-0.020137,0.176402,-0.206089,-0.02703,0.195753,-0.338646,-0.039519,0.194851,-0.433434,-0.049198,0.142065,-0.287079,0.008735,0.14749,-0.372785,-0.057778,0.13808,-0.287929,-0.105496,0.128518,-0.2008,-0.127612,0.071388,-0.286503,-0.005864,0.085398,-0.373244,-0.087465,0.084451,-0.241648,-0.126062,0.07714,-0.138776,-0.134392,0.006201,-0.274352,-0.028767,0.02003,-0.350833,-0.10997,0.030354,-0.215997,-0.118034,0.031357,-0.122368,-0.101295,-0.0579,-0.249063,-0.053014,-0.03606,-0.290863,-0.110968,-0.022098,-0.198251,-0.11427,-0.013805,-0.131301,-0.101925,A
0.0,0.0,-0.0,0.114149,-0.068959,-0.01988,0.177798,-0.208623,-0.027036,0.194857,-0.339573,-0.039775,0.193222,-0.434569,-0.049441,0.139656,-0.287634,0.008959,0.149596,-0.373026,-0.057359,0.140429,-0.286798,-0.104313,0.130541,-0.199616,-0.125678,0.071248,-0.287588,-0.00553,0.088036,-0.374591,-0.085716,0.087777,-0.244846,-0.123648,0.079907,-0.143394,-0.131833,0.007272,-0.275741,-0.028331,0.02221,-0.354926,-0.108248,0.033417,-0.219795,-0.115453,0.034494,-0.125509,-0.098331,-0.05652,-0.25085,-0.05246,-0.03421,-0.295556,-0.109439,-0.019732,-0.203032,-0.111936,-0.011727,-0.134921,-0.099083,A
0.0,0.0,-0.0,0.11113,-0.065622,-0.020524,0.173844,-0.206212,-0.027485,0.188539,-0.337078,-0.039543,0.188076,-0.430587,-0.04841,0.138321,-0.28777,0.008191,0.147588,-0.372993,-0.056085,0.138127,-0.285955,-0.101341,0.12837,-0.197677,-0.12168,0.069594,-0.288238,-0.005081,0.084572,-0.37296,-0.08215,0.084878,-0.243537,-0.118066,0.07797,-0.142838,-0.125237,0.005156,-0.275898,-0.026606,0.018741,-0.351673,-0.103824,0.030906,-0.217352,-0.110324,0.033295,-0.124092,-0.093287,-0.058763,-0.249658,-0.049487,-0.036934,-0.293039,-0.10465,-0.021488,-0.200676,-0.106615,-0.012678,-0.13308,-0.093645,A
0.0,0.0,-1e-06,-0.032662,-0.141089,0.082079,-0.019112,-0.260598,0.10167,0.014405,-0.363636,0.108674,0.019812,-0.437131,0.114198,-0.041413,-0.343294,0.016953,0.063331,-0.36931,0.052963,0.075737,-0.29068,0.091093,0.063493,-0.248101,0.111872,0.006618,-0.321192,-0.023566,0.111325,-0.318725,0.019666,0.104075,-0.243579,0.047458,0.076068,-0.213905,0.052087,0.058692,-0.280397,-0.051522,0.143769,-0.266532,0.000535,0.12521,-0.196568,0.026667,0.09718,-0.172837,0.020726,0.109488,-0.236242,-0.072647,0.163101,-0.21172,-0.027621,0.137034,-0.153427,-0.002776,0.108201,-0.133688,0.00052,A
0.0,0.0,-0.0,0.079433,-0.077597,-0.012687,0.116121,-0.207336,-0.021276,0.113772,-0.310074,-0.036706,0.109463,-0.394777,-0.04725,0.066266,-0.315814,0.014523,0.119731,-0.36465,-0.038419,0.12852,-0.273881,-0.071889,0.124283,-0.193317,-0.083434,0.017143,-0.319035,0.000514,0.090747,-0.352171,-0.052459,0.100546,-0.238718,-0.070345,0.094684,-0.156554,-0.06893,-0.029944,-0.307298,-0.021965,0.057555,-0.320154,-0.080821,0.065802,-0.200547,-0.078523,0.058179,-0.11903,-0.058761,-0.072235,-0.275566,-0.045445,0.016172,-0.282113,-0.085166,0.031138,-0.198137,-0.078916,0.02551,-0.136311,-0.062287,A
0.0,0.0,-0.0,0.106658,-0.053362,-0.01775,0.169472,-0.18044,-0.024041,0.182836,-0.301781,-0.03537,0.183136,-0.389197,-0.043719,0.138743,-0.265875,0.007941,0.153195,-0.345721,-0.048728,0.145046,-0.266359,-0.088186,0.134393,-0.184132,-0.105998,0.076538,-0.273706,-0.005032,0.096951,-0.352646,-0.072695,0.095929,-0.230035,-0.103743,0.086839,-0.135174,-0.109852,0.01753,-0.267378,-0.025525,0.039041,-0.33787,-0.094829,0.046673,-0.208752,-0.099574,0.04449,-0.121454,-0.083887,-0.042629,-0.24707,-0.047191,-0.013925,-0.284998,-0.098421,-0.003798,-0.193703,-0.099881,-0.001768,-0.128769,-0.087977,A
0.0,0.0,-0.0,0.103951,-0.058924,-0.018154,0.164757,-0.187749,-0.024808,0.177337,-0.306282,-0.036141,0.17934,-0.393492,-0.044508,0.133175,-0.27586,0.005034,0.149224,-0.34937,-0.04942,0.140806,-0.269701,-0.086361,0.131537,-0.189512,-0.102718,0.071502,-0.282454,-0.007262,0.092067,-0.358452,-0.071971,0.092464,-0.236112,-0.09974,0.086895,-0.141235,-0.104195,0.012662,-0.273618,-0.026894,0.034505,-0.339997,-0.094003,0.043582,-0.21094,-0.098346,0.043201,-0.12296,-0.083037,-0.046974,-0.249288,-0.047616,-0.01936,-0.287235,-0.097299,-0.006616,-0.196182,-0.098875,-0.002235,-0.130014,-0.08752,A
0.0,0.0,-0.0,0.105605,-0.053033,-0.0204,0.169596,-0.182116,-0.027574,0.182477,-0.303611,-0.038994,0.184466,-0.391946,-0.047187,0.138262,-0.272817,0.003174,0.156248,-0.346808,-0.05216,0.147644,-0.265886,-0.089374,0.137877,-0.184929,-0.105885,0.075923,-0.281545,-0.008247,0.098673,-0.354155,-0.073727,0.098238,-0.230731,-0.101833,0.091458,-0.136151,-0.106553,0.016538,-0.274905,-0.027264,0.041314,-0.337618,-0.095532,0.048781,-0.207038,-0.09971,0.046879,-0.118751,-0.084109,-0.043571,-0.253025,-0.047606,-0.012887,-0.28554,-0.098603,-0.001867,-0.193063,-0.100458,0.000762,-0.127684,-0.089105,A
0.0,0.0,-0.0,0.107916,-0.041897,-0.018309,0.18225,-0.163042,-0.024769,0.207693,-0.281803,-0.035762,0.216402,-0.370657,-0.044209,0.153944,-0.246213,0.002132,0.170144,-0.325576,-0.056289,0.15294,-0.244547,-0.096089,0.136835,-0.163312,-0.113524,0.089006,-0.259328,-0.010456,0.110795,-0.338099,-0.079347,0.099559,-0.217831,-0.110095,0.084921,-0.126322,-0.115851,0.027607,-0.258181,-0.030051,0.047084,-0.330512,-0.099312,0.045361,-0.202031,-0.103099,0.038703,-0.113651,-0.08684,-0.033973,-0.243227,-0.050748,-0.01072,-0.28204,-0.100689,-0.005085,-0.191584,-0.101042,-0.003558,-0.125701,-0.088429,A
0.0,0.0,-1e-06,-0.095052,-0.085644,-0.030081,-0.14741,-0.242383,-0.04289,-0.168284,-0.374468,-0.05741,-0.193175,-0.469571,-0.064212,-0.096353,-0.329527,-0.007042,-0.101951,-0.416001,-0.055576,-0.095253,-0.305478,-0.077375,-0.091354,-0.226052,-0.084378,-0.034284,-0.329015,-0.012706,-0.040064,-0.427264,-0.065157,-0.041731,-0.296039,-0.073371,-0.039376,-0.22751,-0.067014,0.030225,-0.311003,-0.026738,0.029047,-0.419897,-0.077536,0.01409,-0.291561,-0.057754,0.009896,-0.226119,-0.032325,0.092865,-0.275426,-0.044255,0.08427,-0.352222,-0.077509,0.061552,-0.266279,-0.063045,0.055602,-0.218382,-0.044926,A
0.0,0.0,-1e-06,-0.093225,-0.08606,-0.029789,-0.144782,-0.242255,-0.042978,-0.166113,-0.37301,-0.058116,-0.192324,-0.466611,-0.065846,-0.094825,-0.329322,-0.006588,-0.100216,-0.4141,-0.055471,-0.09329,-0.304854,-0.078655,-0.088695,-0.226392,-0.086856,-0.033639,-0.328168,-0.012473,-0.039102,-0.42523,-0.064817,-0.040058,-0.294867,-0.073261,-0.037178,-0.226176,-0.067302,0.029846,-0.309531,-0.026867,0.030515,-0.419087,-0.077868,0.01537,-0.291823,-0.058532,0.010761,-0.225227,-0.033313,0.091615,-0.273381,-0.044773,0.084143,-0.351173,-0.078329,0.061207,-0.265947,-0.06428,0.054628,-0.216579,-0.046432,A
0.0,0.0,-1e-06,-0.094043,-0.088439,-0.027529,-0.144224,-0.241967,-0.039887,-0.163289,-0.370848,-0.054747,-0.188172,-0.463329,-0.062684,-0.092418,-0.322926,-0.003914,-0.09853,-0.408394,-0.051311,-0.092788,-0.302062,-0.073996,-0.088127,-0.223927,-0.081978,-0.031852,-0.321202,-0.0105,-0.037933,-0.417583,-0.060877,-0.040412,-0.291578,-0.069381,-0.037154,-0.22325,-0.063913,0.030915,-0.303002,-0.025373,0.030225,-0.411403,-0.07435,0.01465,-0.287981,-0.055708,0.011177,-0.222088,-0.03153,0.092189,-0.267714,-0.0436,0.083367,-0.346229,-0.075596,0.060064,-0.263748,-0.061598,0.054501,-0.214413,-0.044147,A
0.0,0.0,-1e-06,-0.092485,-0.088889,-0.028447,-0.143032,-0.243427,-0.041621,-0.163546,-0.371658,-0.057345,-0.188655,-0.463707,-0.066117,-0.093352,-0.325342,-0.005077,-0.098992,-0.412848,-0.054571,-0.092446,-0.307898,-0.079292,-0.088394,-0.227591,-0.088085,-0.032705,-0.32183,-0.011503,-0.039353,-0.420949,-0.063881,-0.040733,-0.294328,-0.073688,-0.038083,-0.222128,-0.06846,0.030955,-0.302584,-0.026458,0.0298,-0.412868,-0.076083,0.013383,-0.289022,-0.058149,0.008528,-0.220602,-0.033958,0.093526,-0.266341,-0.044966,0.084267,-0.344681,-0.076499,0.061121,-0.263483,-0.062893,0.055947,-0.214614,-0.045632,A
0.0,0.0,-1e-06,-0.092515,-0.08787,-0.028155,-0.142371,-0.240322,-0.041819,-0.161191,-0.36928,-0.057982,-0.185318,-0.462427,-0.067221,-0.092035,-0.32236,-0.00648,-0.09691,-0.408912,-0.055519,-0.090888,-0.304102,-0.079496,-0.087118,-0.224282,-0.087952,-0.031483,-0.319086,-0.012877,-0.037172,-0.41775,-0.064352,-0.038893,-0.291758,-0.073179,-0.036302,-0.220766,-0.067881,0.03175,-0.300227,-0.027602,0.032091,-0.412242,-0.076765,0.015626,-0.288586,-0.057768,0.010669,-0.220318,-0.03332,0.093716,-0.264554,-0.045842,0.085707,-0.34365,-0.077518,0.062417,-0.262017,-0.063589,0.056715,-0.212832,-0.046309,A
0.0,0.0,-1e-06,-0.091336,-0.086933,-0.028425,-0.140737,-0.239755,-0.04129,-0.160184,-0.368666,-0.05629,-0.183013,-0.461413,-0.064127,-0.09203,-0.322623,-0.006392,-0.096334,-0.412706,-0.0535,-0.090331,-0.308709,-0.075801,-0.08711,-0.229207,-0.083118,-0.032038,-0.319477,-0.011846,-0.03667,-0.420386,-0.061354,-0.037827,-0.295038,-0.069607,-0.035732,-0.223636,-0.064039,0.030847,-0.300811,-0.025503,0.031249,-0.412508,-0.07342,0.015575,-0.289274,-0.05542,0.010113,-0.21991,-0.031657,0.092565,-0.265415,-0.042585,0.084773,-0.347411,-0.074012,0.062385,-0.265802,-0.060799,0.0562,-0.214582,-0.043904,A
0.0,0.0,-1e-06,-0.090003,-0.089293,-0.026618,-0.135574,-0.234319,-0.039498,-0.150875,-0.359141,-0.055111,-0.17398,-0.44879,-0.064346,-0.086864,-0.315318,-0.003435,-0.090362,-0.398517,-0.0499,-0.086359,-0.29896,-0.072774,-0.082964,-0.220896,-0.080941,-0.027985,-0.312101,-0.009874,-0.032271,-0.408515,-0.059028,-0.036842,-0.287272,-0.067564,-0.035142,-0.216697,-0.062344,0.032753,-0.292492,-0.02438,0.032928,-0.397366,-0.072048,0.014884,-0.280089,-0.054638,0.009092,-0.213975,-0.03138,0.09153,-0.255782,-0.04217,0.084274,-0.332445,-0.072778,0.060725,-0.255679,-0.059837,0.054427,-0.207647,-0.043479,A
0.0,0.0,-1e-06,-0.089993,-0.089724,-0.02634,-0.135532,-0.233746,-0.039388,-0.151584,-0.358037,-0.055345,-0.175461,-0.447515,-0.065146,-0.086446,-0.314447,-0.00265,-0.090405,-0.397774,-0.049273,-0.086927,-0.298996,-0.072852,-0.083846,-0.220622,-0.081475,-0.027652,-0.311281,-0.009287,-0.031822,-0.408137,-0.058271,-0.036653,-0.287703,-0.067307,-0.034871,-0.215441,-0.062433,0.033101,-0.291648,-0.024058,0.033492,-0.397448,-0.07114,0.015207,-0.280993,-0.054319,0.009716,-0.213473,-0.031585,0.092201,-0.254766,-0.042149,0.084286,-0.330838,-0.072298,0.060771,-0.25511,-0.059796,0.055182,-0.206878,-0.043868,A
0.0,0.0,-1e-06,-0.089851,-0.090339,-0.027264,-0.135893,-0.234099,-0.040882,-0.151404,-0.358671,-0.057249,-0.174711,-0.448782,-0.067211,-0.088289,-0.31626,-0.003789,-0.09194,-0.39845,-0.05031,-0.087189,-0.299142,-0.073229,-0.083452,-0.2206,-0.081452,-0.029379,-0.313222,-0.010302,-0.033665,-0.409538,-0.059831,-0.037339,-0.288861,-0.068656,-0.035507,-0.217048,-0.063578,0.031321,-0.293785,-0.024986,0.031182,-0.397978,-0.07279,0.014331,-0.281409,-0.055758,0.0088,-0.214498,-0.032748,0.090029,-0.256898,-0.043048,0.082756,-0.332477,-0.073547,0.060103,-0.256502,-0.06086,0.054263,-0.208691,-0.044772,A
0.0,0.0,-1e-06,-0.090522,-0.089292,-0.026186,-0.136448,-0.233877,-0.039011,-0.152132,-0.35846,-0.054581,-0.175185,-0.447529,-0.063815,-0.086877,-0.314885,-0.003572,-0.09121,-0.3978,-0.049907,-0.086976,-0.297939,-0.072737,-0.083254,-0.220052,-0.080905,-0.027973,-0.311746,-0.010256,-0.032845,-0.40763,-0.058996,-0.036616,-0.286563,-0.067265,-0.033933,-0.215669,-0.06202,0.032777,-0.292149,-0.024981,0.032773,-0.396583,-0.072096,0.015386,-0.279425,-0.054615,0.010401,-0.212927,-0.031547,0.091816,-0.255395,-0.043,0.083977,-0.331301,-0.073256,0.060793,-0.254902,-0.06038,0.055182,-0.207044,-0.044203,A
0.0,0.0,-1e-06,-0.088907,-0.088562,-0.027928,-0.134559,-0.232662,-0.041687,-0.150129,-0.35737,-0.058039,-0.173286,-0.447245,-0.068012,-0.086339,-0.314274,-0.004759,-0.089641,-0.396297,-0.051569,-0.085086,-0.296565,-0.074589,-0.081311,-0.218619,-0.082855,-0.027422,-0.311035,-0.010931,-0.031405,-0.407422,-0.06031,-0.035353,-0.286617,-0.068716,-0.033252,-0.215602,-0.063448,0.033118,-0.291442,-0.025355,0.033807,-0.395726,-0.073551,0.016129,-0.278745,-0.056169,0.010309,-0.212121,-0.032856,0.091793,-0.254665,-0.043184,0.085247,-0.330382,-0.074025,0.061694,-0.254388,-0.061143,0.055039,-0.206542,-0.044874,A
0.0,0.0,-1e-06,-0.089933,-0.089382,-0.026156,-0.136293,-0.234967,-0.038888,-0.152979,-0.359672,-0.054411,-0.176857,-0.449062,-0.063655,-0.086272,-0.316593,-0.002715,-0.09137,-0.3987,-0.04895,-0.08735,-0.299225,-0.072013,-0.083224,-0.221047,-0.080424,-0.027548,-0.313399,-0.009427,-0.032885,-0.410277,-0.058727,-0.037023,-0.28961,-0.067614,-0.034284,-0.217866,-0.06252,0.033082,-0.293789,-0.024177,0.031486,-0.397334,-0.071635,0.013981,-0.280459,-0.054658,0.009323,-0.214088,-0.031706,0.092095,-0.257119,-0.042209,0.083036,-0.333128,-0.072308,0.059452,-0.256808,-0.059479,0.054078,-0.208968,-0.04333,A
0.0,0.0,-1e-06,-0.089605,-0.088022,-0.027302,-0.136383,-0.233984,-0.040356,-0.153503,-0.359065,-0.055942,-0.176697,-0.448377,-0.064958,-0.087356,-0.317328,-0.004478,-0.090923,-0.401778,-0.051161,-0.087125,-0.301819,-0.073871,-0.083183,-0.223134,-0.081825,-0.028219,-0.313744,-0.010657,-0.03233,-0.411527,-0.060442,-0.036303,-0.290329,-0.06879,-0.033137,-0.218186,-0.063127,0.032729,-0.294089,-0.025031,0.032598,-0.397815,-0.072804,0.014702,-0.28081,-0.055467,0.0099,-0.213845,-0.032101,0.092174,-0.257467,-0.042846,0.084485,-0.333694,-0.073225,0.06034,-0.257804,-0.060505,0.054352,-0.209294,-0.044312,A
0.0,0.0,-1e-06,-0.090421,-0.089696,-0.025498,-0.136554,-0.235665,-0.037931,-0.153637,-0.359977,-0.053234,-0.178069,-0.448796,-0.062308,-0.086922,-0.317196,-0.002717,-0.091209,-0.39972,-0.048696,-0.08745,-0.300602,-0.071876,-0.084031,-0.221909,-0.080453,-0.028113,-0.314099,-0.009644,-0.03227,-0.411114,-0.058559,-0.036284,-0.290376,-0.067515,-0.033751,-0.217796,-0.062618,0.032902,-0.294277,-0.02447,0.033154,-0.400289,-0.071209,0.015376,-0.283192,-0.05418,0.010331,-0.21573,-0.031494,0.092268,-0.257215,-0.042549,0.084163,-0.332682,-0.072544,0.060345,-0.256713,-0.059883,0.054682,-0.208589,-0.043936,A
0.0,0.0,-1e-06,-0.089571,-0.087998,-0.027468,-0.136658,-0.233266,-0.040986,-0.154528,-0.358668,-0.056976,-0.17847,-0.448052,-0.066396,-0.088592,-0.316689,-0.005067,-0.091361,-0.402708,-0.051444,-0.087159,-0.303372,-0.074065,-0.084512,-0.224362,-0.08193,-0.029197,-0.313342,-0.011027,-0.032855,-0.411268,-0.059919,-0.03627,-0.290852,-0.068331,-0.034382,-0.21876,-0.063032,0.03193,-0.293673,-0.025103,0.032458,-0.397708,-0.071761,0.015076,-0.281136,-0.054588,0.009462,-0.214196,-0.031748,0.091431,-0.256923,-0.042621,0.083895,-0.332913,-0.072214,0.060447,-0.257213,-0.059481,0.054281,-0.209244,-0.043521,A
0.0,0.0,-1e-06,-0.089395,-0.089031,-0.027439,-0.136063,-0.233832,-0.040959,-0.154009,-0.358445,-0.057114,-0.177505,-0.448065,-0.066916,-0.086366,-0.31654,-0.004449,-0.091025,-0.399756,-0.051029,-0.086716,-0.300755,-0.074355,-0.08298,-0.222533,-0.082905,-0.027409,-0.313219,-0.010678,-0.032246,-0.41022,-0.059869,-0.036055,-0.290008,-0.068686,-0.033606,-0.217875,-0.063666,0.033296,-0.293323,-0.025068,0.033298,-0.397878,-0.072456,0.015432,-0.281673,-0.055576,0.010048,-0.214563,-0.032713,0.092259,-0.256065,-0.042876,0.084764,-0.331479,-0.073044,0.061089,-0.256636,-0.060471,0.055019,-0.208643,-0.044488,A
0.0,0.0,-1e-06,-0.089278,-0.089045,-0.027044,-0.135779,-0.23401,-0.04048,-0.152961,-0.359115,-0.056404,-0.176609,-0.449223,-0.065799,-0.086584,-0.316013,-0.005725,-0.091499,-0.399577,-0.051582,-0.086814,-0.299304,-0.07337,-0.083501,-0.221165,-0.080884,-0.027617,-0.312608,-0.012059,-0.032625,-0.409795,-0.061141,-0.036236,-0.288023,-0.069462,-0.034478,-0.216635,-0.064228,0.033298,-0.292812,-0.026223,0.033327,-0.39878,-0.073811,0.015824,-0.280499,-0.056287,0.00986,-0.213359,-0.033134,0.092285,-0.256025,-0.043652,0.085258,-0.332384,-0.074482,0.061633,-0.255314,-0.061608,0.054991,-0.207151,-0.045358,A
0.0,0.0,-1e-06,-0.090184,-0.087588,-0.02728,-0.1367,-0.234639,-0.040281,-0.154185,-0.359846,-0.055767,-0.17838,-0.449356,-0.064709,-0.088054,-0.316814,-0.005186,-0.092195,-0.40093,-0.051537,-0.08737,-0.30056,-0.07407,-0.084287,-0.222626,-0.081976,-0.028782,-0.313708,-0.011344,-0.033429,-0.40943,-0.060367,-0.03659,-0.287591,-0.068715,-0.034659,-0.216894,-0.06341,0.032405,-0.293871,-0.025531,0.032686,-0.398497,-0.072633,0.015621,-0.280328,-0.055149,0.010203,-0.214184,-0.032109,0.091627,-0.257063,-0.043087,0.084051,-0.331098,-0.073163,0.061441,-0.254612,-0.060306,0.056046,-0.207922,-0.04419,A
0.0,0.0,-1e-06,-0.089624,-0.087403,-0.026426,-0.136624,-0.235655,-0.039187,-0.154185,-0.360817,-0.054355,-0.177975,-0.4516,-0.062939,-0.087939,-0.319517,-0.004766,-0.09243,-0.403629,-0.051509,-0.087999,-0.302419,-0.075252,-0.085026,-0.224253,-0.084149,-0.028235,-0.31702,-0.011267,-0.03297,-0.413615,-0.060363,-0.03512,-0.290966,-0.069516,-0.03269,-0.219144,-0.0649,0.033618,-0.297355,-0.025655,0.0344,-0.405629,-0.07279,0.017711,-0.285191,-0.055737,0.012324,-0.216718,-0.033163,0.093406,-0.260698,-0.0433,0.084118,-0.33469,-0.075086,0.060937,-0.255894,-0.063195,0.055427,-0.207254,-0.047425,A
0.0,0.0,-1e-06,-0.089588,-0.088604,-0.027263,-0.135468,-0.234242,-0.040702,-0.152256,-0.359045,-0.056664,-0.176408,-0.448936,-0.06624,-0.086814,-0.316437,-0.004906,-0.089927,-0.401043,-0.050907,-0.086044,-0.30178,-0.073864,-0.083398,-0.222832,-0.082281,-0.027557,-0.312822,-0.011087,-0.031314,-0.410561,-0.059946,-0.035081,-0.29021,-0.068977,-0.033594,-0.21713,-0.064271,0.033278,-0.29275,-0.025251,0.034434,-0.39883,-0.071989,0.01681,-0.28233,-0.055277,0.010679,-0.21424,-0.03289,0.092313,-0.255802,-0.042815,0.084936,-0.331417,-0.073135,0.061125,-0.255949,-0.060963,0.054555,-0.207301,-0.045373,A
0.0,0.0,-1e-06,-0.089226,-0.089895,-0.027614,-0.134894,-0.236078,-0.041168,-0.150415,-0.361188,-0.056939,-0.172832,-0.451722,-0.066053,-0.088051,-0.320502,-0.005834,-0.087247,-0.406712,-0.051919,-0.083943,-0.306624,-0.07465,-0.083413,-0.226033,-0.082652,-0.027614,-0.315493,-0.011617,-0.027776,-0.412727,-0.060712,-0.032011,-0.291432,-0.06984,-0.032509,-0.21833,-0.065097,0.034082,-0.294954,-0.025349,0.037516,-0.397615,-0.07158,0.019697,-0.280832,-0.054727,0.012002,-0.214059,-0.032349,0.093384,-0.258028,-0.042524,0.087509,-0.333146,-0.07167,0.063769,-0.257068,-0.058825,0.056449,-0.209827,-0.042926,A
0.0,0.0,0.0,0.067951,-0.045918,-0.028888,0.110439,-0.157001,-0.036458,0.072601,-0.255233,-0.042597,0.007627,-0.28974,-0.049844,0.108105,-0.29407,-0.008713,0.113255,-0.416845,-0.025668,0.106021,-0.490049,-0.046843,0.093453,-0.552908,-0.063975,0.062281,-0.310582,-0.012801,0.067371,-0.445195,-0.024632,0.063552,-0.531845,-0.047039,0.052997,-0.60428,-0.065801,0.018829,-0.297827,-0.021749,0.021671,-0.422225,-0.036669,0.021609,-0.50045,-0.059815,0.015099,-0.568388,-0.076658,-0.02767,-0.263212,-0.033948,-0.024227,-0.359404,-0.04733,-0.022317,-0.41797,-0.057463,-0.024136,-0.47109,-0.066036,B
0.0,0.0,0.0,0.068743,-0.051043,-0.027191,0.11283,-0.161503,-0.034067,0.075175,-0.259047,-0.040071,0.014163,-0.2986,-0.046821,0.109331,-0.300774,-0.0053,0.114115,-0.424555,-0.021593,0.107084,-0.497698,-0.042315,0.095,-0.558699,-0.05909,0.062085,-0.318156,-0.009533,0.065861,-0.453741,-0.020914,0.061825,-0.538363,-0.042722,0.050708,-0.607349,-0.061092,0.018215,-0.305979,-0.018688,0.019951,-0.42989,-0.032908,0.019374,-0.506994,-0.055166,0.012046,-0.572354,-0.071662,-0.027332,-0.271394,-0.031063,-0.023769,-0.366751,-0.044112,-0.023235,-0.426693,-0.054208,-0.026915,-0.481077,-0.062815,B
0.0,0.0,0.0,0.06858,-0.051248,-0.027611,0.113731,-0.162273,-0.034738,0.077181,-0.261543,-0.040929,0.016263,-0.302581,-0.047808,0.110225,-0.301753,-0.005503,0.115172,-0.425653,-0.021645,0.108247,-0.498812,-0.042299,0.096763,-0.560357,-0.059208,0.063143,-0.319945,-0.00974,0.067027,-0.456323,-0.020844,0.063507,-0.541083,-0.04254,0.053383,-0.611027,-0.061046,0.01939,-0.30823,-0.018917,0.021292,-0.433269,-0.03294,0.020924,-0.510676,-0.055115,0.014063,-0.576927,-0.071797,-0.026153,-0.273918,-0.031376,-0.023384,-0.369722,-0.044224,-0.022563,-0.429636,-0.054206,-0.025432,-0.48436,-0.062931,B
0.0,0.0,0.0,0.068642,-0.05228,-0.026788,0.11121,-0.162227,-0.033514,0.072575,-0.258729,-0.039405,0.011663,-0.29696,-0.0461,0.108079,-0.300778,-0.004391,0.112274,-0.424243,-0.02001,0.105152,-0.49659,-0.040347,0.093638,-0.557409,-0.056946,0.060971,-0.318229,-0.00866,0.064221,-0.452792,-0.019245,0.06003,-0.536207,-0.040536,0.049556,-0.605246,-0.058704,0.016984,-0.305958,-0.017817,0.017922,-0.429185,-0.031538,0.016928,-0.505621,-0.053256,0.009777,-0.571317,-0.069413,-0.028748,-0.271284,-0.030171,-0.026035,-0.367265,-0.042572,-0.02557,-0.426678,-0.051952,-0.028557,-0.48086,-0.060113,B
0.0,0.0,0.0,0.06846,-0.052752,-0.02751,0.110888,-0.163485,-0.034158,0.070898,-0.260863,-0.039822,0.00823,-0.297423,-0.046036,0.107727,-0.301492,-0.003105,0.112795,-0.423834,-0.018173,0.106082,-0.496015,-0.038183,0.094668,-0.556457,-0.054532,0.060554,-0.319702,-0.0067,0.064454,-0.453411,-0.016634,0.060849,-0.536782,-0.037504,0.050646,-0.605067,-0.055232,0.016658,-0.308076,-0.015378,0.018059,-0.430421,-0.028195,0.017946,-0.506044,-0.049562,0.011456,-0.570406,-0.065428,-0.02889,-0.273482,-0.027427,-0.025515,-0.368071,-0.038891,-0.024806,-0.427166,-0.047967,-0.027728,-0.480757,-0.055904,B
0.0,0.0,0.0,0.06884,-0.050276,-0.030229,0.111838,-0.161619,-0.038065,0.071198,-0.260395,-0.044183,0.007038,-0.295834,-0.05081,0.107464,-0.297924,-0.007221,0.111802,-0.420093,-0.023285,0.104066,-0.492585,-0.044083,0.091421,-0.55375,-0.06102,0.05977,-0.315395,-0.009746,0.063252,-0.448552,-0.020691,0.058234,-0.533803,-0.042678,0.046514,-0.604156,-0.061311,0.015698,-0.303101,-0.017365,0.017937,-0.423683,-0.030873,0.016743,-0.499935,-0.053313,0.008725,-0.565293,-0.070044,-0.029557,-0.268542,-0.028492,-0.02544,-0.3615,-0.040511,-0.024308,-0.420535,-0.050431,-0.027251,-0.474622,-0.059117,B
0.0,0.0,0.0,0.067356,-0.049394,-0.027638,0.108899,-0.162905,-0.034664,0.069803,-0.260444,-0.040777,0.004223,-0.293579,-0.047516,0.105794,-0.298949,-0.004293,0.110088,-0.419827,-0.02015,0.102863,-0.492275,-0.040831,0.090692,-0.553105,-0.057818,0.059239,-0.316308,-0.008614,0.062024,-0.449285,-0.019674,0.057688,-0.534148,-0.041501,0.047171,-0.604154,-0.059865,0.015797,-0.303417,-0.017944,0.01781,-0.425191,-0.032107,0.016655,-0.502342,-0.054449,0.008879,-0.567846,-0.070808,-0.029231,-0.267413,-0.03059,-0.025876,-0.359763,-0.043349,-0.025296,-0.418568,-0.053275,-0.028898,-0.471955,-0.061744,B
0.0,0.0,0.0,0.065766,-0.048825,-0.030113,0.107549,-0.164527,-0.03735,0.067125,-0.264951,-0.042779,0.000824,-0.298382,-0.048305,0.105775,-0.297239,-0.004888,0.108581,-0.417258,-0.019508,0.10077,-0.48985,-0.039186,0.089083,-0.550202,-0.05555,0.05821,-0.316732,-0.007057,0.058816,-0.448655,-0.016695,0.05429,-0.532548,-0.037331,0.045107,-0.601294,-0.054722,0.014266,-0.305214,-0.014411,0.014849,-0.426391,-0.026906,0.013666,-0.501741,-0.047901,0.006807,-0.565604,-0.063412,-0.031027,-0.269881,-0.025387,-0.027807,-0.362237,-0.036789,-0.027265,-0.420941,-0.045921,-0.030305,-0.474186,-0.053795,B
0.0,0.0,0.0,0.068567,-0.053882,-0.029284,0.110003,-0.166884,-0.037533,0.069828,-0.265373,-0.044523,0.005193,-0.300979,-0.052077,0.105908,-0.300875,-0.006767,0.109259,-0.423114,-0.024042,0.101088,-0.496221,-0.045908,0.088364,-0.557158,-0.063555,0.058371,-0.318453,-0.010094,0.0603,-0.451352,-0.021937,0.055149,-0.535768,-0.044278,0.04445,-0.605582,-0.063255,0.014113,-0.306239,-0.01854,0.01467,-0.426834,-0.032256,0.013411,-0.503279,-0.054501,0.006001,-0.568494,-0.071335,-0.031355,-0.271266,-0.030526,-0.028794,-0.363947,-0.042185,-0.028034,-0.422937,-0.051897,-0.030979,-0.476627,-0.060689,B
0.0,0.0,0.0,0.068447,-0.05278,-0.031038,0.109493,-0.166392,-0.039698,0.067729,-0.265422,-0.046723,0.001893,-0.300525,-0.054293,0.104745,-0.303605,-0.008763,0.106911,-0.427345,-0.026072,0.098321,-0.501154,-0.047736,0.08562,-0.562693,-0.06531,0.057067,-0.321542,-0.011278,0.057686,-0.455217,-0.023104,0.051808,-0.540681,-0.045247,0.040669,-0.611341,-0.064121,0.013,-0.309134,-0.019018,0.012251,-0.430021,-0.032506,0.009966,-0.506944,-0.054576,0.001854,-0.572806,-0.07145,-0.032055,-0.273482,-0.030497,-0.030435,-0.366153,-0.04188,-0.030187,-0.424713,-0.051478,-0.033579,-0.478256,-0.060306,B
0.0,0.0,0.0,0.069605,-0.055423,-0.029492,0.110918,-0.167547,-0.03785,0.069528,-0.266246,-0.045053,0.004834,-0.301629,-0.052856,0.10618,-0.304833,-0.005793,0.10894,-0.427446,-0.023059,0.099933,-0.500451,-0.045181,0.086795,-0.56214,-0.06312,0.058538,-0.321421,-0.009304,0.059627,-0.453959,-0.021363,0.053594,-0.538687,-0.044309,0.042345,-0.609645,-0.063915,0.014236,-0.308118,-0.018078,0.013492,-0.429188,-0.03223,0.010906,-0.506514,-0.055107,0.002479,-0.573199,-0.072483,-0.030998,-0.272179,-0.030441,-0.03007,-0.366187,-0.042303,-0.030026,-0.426008,-0.052351,-0.033284,-0.480867,-0.061526,B
0.0,0.0,0.0,0.069707,-0.054858,-0.030119,0.109801,-0.167915,-0.038466,0.066953,-0.266109,-0.045352,0.00136,-0.30043,-0.052644,0.104787,-0.304136,-0.006678,0.106887,-0.427511,-0.02406,0.097768,-0.501003,-0.045993,0.084746,-0.562338,-0.0636,0.056443,-0.321584,-0.009623,0.056962,-0.454976,-0.021295,0.050608,-0.540673,-0.043568,0.039339,-0.611381,-0.062525,0.011613,-0.308656,-0.017861,0.010472,-0.429292,-0.031415,0.007744,-0.505888,-0.053412,-0.000148,-0.571454,-0.070043,-0.033773,-0.272177,-0.029788,-0.032585,-0.364777,-0.04087,-0.032674,-0.423397,-0.050106,-0.03586,-0.47665,-0.058588,B
0.0,0.0,0.0,0.068513,-0.052418,-0.029918,0.110539,-0.164924,-0.037848,0.069582,-0.263291,-0.044508,0.006219,-0.300865,-0.05169,0.10581,-0.304667,-0.006764,0.10775,-0.427566,-0.023804,0.099192,-0.500565,-0.045337,0.086353,-0.561462,-0.06284,0.058396,-0.321855,-0.009889,0.059319,-0.455523,-0.021977,0.053132,-0.540645,-0.044256,0.041194,-0.611008,-0.063185,0.014321,-0.308727,-0.01829,0.013242,-0.429238,-0.032417,0.010647,-0.505912,-0.054578,0.002324,-0.571384,-0.071411,-0.030672,-0.273022,-0.030352,-0.029298,-0.365523,-0.042694,-0.029359,-0.424833,-0.052822,-0.032771,-0.479161,-0.061917,B
0.0,0.0,0.0,0.067797,-0.053081,-0.029576,0.109697,-0.166199,-0.037142,0.068088,-0.263746,-0.043422,0.005121,-0.301874,-0.05027,0.105145,-0.304913,-0.006803,0.107283,-0.428873,-0.023545,0.0988,-0.501889,-0.044505,0.086033,-0.562286,-0.06149,0.057682,-0.322087,-0.009888,0.05857,-0.45686,-0.021356,0.052723,-0.541549,-0.042794,0.041195,-0.6108,-0.061037,0.013682,-0.308611,-0.018237,0.013014,-0.430944,-0.032106,0.010733,-0.507981,-0.05382,0.002717,-0.574001,-0.070298,-0.031373,-0.27236,-0.030165,-0.029583,-0.365619,-0.04273,-0.029474,-0.425158,-0.05265,-0.032781,-0.48014,-0.061456,B
0.0,0.0,0.0,0.067262,-0.053927,-0.030684,0.109369,-0.164824,-0.039035,0.068804,-0.262098,-0.045886,0.006381,-0.301555,-0.053254,0.105015,-0.30399,-0.007607,0.107109,-0.427358,-0.024476,0.098375,-0.49987,-0.045858,0.085674,-0.561016,-0.063277,0.057281,-0.321451,-0.010376,0.058236,-0.45564,-0.021985,0.052531,-0.539844,-0.043978,0.041698,-0.609409,-0.062838,0.013019,-0.308795,-0.018484,0.012683,-0.430765,-0.032559,0.010627,-0.507249,-0.054701,0.003331,-0.573085,-0.071635,-0.032194,-0.273492,-0.030273,-0.031,-0.366699,-0.042877,-0.031003,-0.425533,-0.052916,-0.033813,-0.479867,-0.061966,B
0.0,0.0,0.0,0.067314,-0.054049,-0.031157,0.109741,-0.166315,-0.039697,0.06743,-0.26467,-0.046743,0.003604,-0.302248,-0.054154,0.105174,-0.306285,-0.006771,0.107009,-0.428995,-0.023476,0.098216,-0.50131,-0.044771,0.085484,-0.562139,-0.062165,0.057194,-0.32383,-0.009385,0.057806,-0.457284,-0.020789,0.052167,-0.541174,-0.042673,0.041101,-0.610784,-0.061436,0.012922,-0.310679,-0.017456,0.011906,-0.431615,-0.031164,0.009931,-0.508045,-0.053085,0.002318,-0.573844,-0.06986,-0.032393,-0.274768,-0.029343,-0.030982,-0.367779,-0.041356,-0.030743,-0.426944,-0.051132,-0.033582,-0.481671,-0.060039,B
0.0,0.0,0.0,0.067506,-0.051477,-0.030318,0.109313,-0.16581,-0.037821,0.068461,-0.26493,-0.04388,0.005693,-0.303967,-0.050228,0.105484,-0.304833,-0.005919,0.107818,-0.427842,-0.022835,0.098356,-0.499135,-0.044121,0.084576,-0.55814,-0.061121,0.057735,-0.32234,-0.008389,0.058463,-0.457029,-0.019399,0.052053,-0.541248,-0.041152,0.03993,-0.609721,-0.059604,0.01365,-0.309453,-0.016307,0.012473,-0.431132,-0.029707,0.009714,-0.50733,-0.051727,0.000923,-0.571498,-0.068358,-0.031352,-0.27325,-0.027922,-0.028855,-0.366573,-0.040063,-0.028731,-0.425659,-0.050097,-0.032263,-0.479253,-0.058941,B
0.0,0.0,0.0,0.067934,-0.053757,-0.029514,0.10871,-0.16823,-0.036608,0.066024,-0.265723,-0.042381,0.001662,-0.302026,-0.04858,0.103841,-0.305456,-0.004977,0.105387,-0.428078,-0.021643,0.095683,-0.499398,-0.042869,0.081926,-0.558461,-0.05988,0.056225,-0.32245,-0.007826,0.056266,-0.456245,-0.018754,0.04958,-0.540395,-0.04053,0.037367,-0.609313,-0.059023,0.012219,-0.309193,-0.016059,0.010337,-0.430335,-0.029434,0.007197,-0.505924,-0.051289,-0.00176,-0.569901,-0.067705,-0.032828,-0.272637,-0.027934,-0.031028,-0.365881,-0.039795,-0.031249,-0.425063,-0.049497,-0.03519,-0.478765,-0.058093,B
0.0,0.0,0.0,0.0673,-0.054664,-0.029428,0.108932,-0.165813,-0.036407,0.070498,-0.263497,-0.042114,0.01136,-0.304235,-0.048112,0.102501,-0.306308,-0.003363,0.104875,-0.427783,-0.018665,0.095835,-0.497397,-0.039072,0.083414,-0.556509,-0.055914,0.055569,-0.32335,-0.006137,0.056223,-0.457348,-0.016264,0.050269,-0.540028,-0.037706,0.039497,-0.608379,-0.056298,0.011949,-0.310638,-0.014375,0.011099,-0.43237,-0.027888,0.008924,-0.508294,-0.050204,0.001633,-0.573694,-0.067261,-0.032477,-0.275213,-0.026167,-0.031544,-0.368402,-0.038749,-0.031975,-0.426969,-0.049089,-0.035007,-0.481043,-0.058324,B
0.0,0.0,0.0,0.06731,-0.055915,-0.029706,0.109402,-0.166745,-0.037907,0.0688,-0.264606,-0.044941,0.007663,-0.301553,-0.052365,0.103664,-0.306081,-0.006158,0.105573,-0.428888,-0.023643,0.095441,-0.498978,-0.045507,0.081441,-0.558141,-0.063177,0.056415,-0.322589,-0.009574,0.056716,-0.457639,-0.021597,0.049664,-0.540546,-0.044037,0.037904,-0.608732,-0.063233,0.012767,-0.309163,-0.018324,0.011486,-0.431818,-0.032731,0.008363,-0.508696,-0.055213,0.000114,-0.574456,-0.072426,-0.0318,-0.272692,-0.030682,-0.031031,-0.366314,-0.043443,-0.031623,-0.425447,-0.053714,-0.035096,-0.479829,-0.062986,B
0.0,0.0,0.0,0.068008,-0.053481,-0.0292,0.109861,-0.165808,-0.036803,0.070317,-0.264684,-0.04327,0.009932,-0.304485,-0.050123,0.104982,-0.305039,-0.005989,0.107317,-0.428345,-0.023795,0.097764,-0.49946,-0.045579,0.084337,-0.558041,-0.062805,0.057595,-0.322713,-0.008983,0.058156,-0.457281,-0.020887,0.051323,-0.541268,-0.042808,0.039636,-0.609828,-0.061421,0.013853,-0.310129,-0.017301,0.012099,-0.431624,-0.031133,0.008567,-0.508331,-0.052739,-0.000151,-0.572926,-0.069233,-0.030724,-0.274246,-0.029223,-0.02979,-0.367093,-0.041359,-0.030455,-0.425962,-0.051034,-0.034071,-0.479466,-0.059687,B
0.0,0.0,0.0,0.06892,-0.053558,-0.030387,0.109399,-0.16905,-0.037526,0.065043,-0.268255,-0.043019,-0.002228,-0.300682,-0.048713,0.10447,-0.304785,-0.004505,0.105953,-0.427847,-0.019973,0.096911,-0.500848,-0.040373,0.084249,-0.56134,-0.057059,0.056232,-0.32255,-0.006688,0.05653,-0.455721,-0.01676,0.050485,-0.540688,-0.037842,0.03911,-0.60977,-0.055809,0.011825,-0.30997,-0.014306,0.010322,-0.430503,-0.026644,0.008156,-0.505768,-0.047954,0.000375,-0.569338,-0.064018,-0.033218,-0.273983,-0.025731,-0.03148,-0.366354,-0.036139,-0.031229,-0.425218,-0.045199,-0.034275,-0.478472,-0.053516,B
0.0,0.0,0.0,0.068428,-0.054061,-0.030143,0.109291,-0.166607,-0.038042,0.066088,-0.264522,-0.044546,0.003854,-0.302873,-0.051414,0.103637,-0.305852,-0.006452,0.105289,-0.429553,-0.023851,0.095722,-0.501906,-0.045421,0.082368,-0.561768,-0.062683,0.055913,-0.32363,-0.009167,0.056161,-0.458129,-0.020861,0.049238,-0.542326,-0.042693,0.037236,-0.611281,-0.061257,0.011955,-0.310894,-0.017281,0.010424,-0.432633,-0.031222,0.006871,-0.508977,-0.052842,-0.001931,-0.573843,-0.06919,-0.032916,-0.274669,-0.029072,-0.031771,-0.367787,-0.041311,-0.032278,-0.426897,-0.05097,-0.035912,-0.48087,-0.059556,B
0.0,0.0,0.0,0.068105,-0.054173,-0.028975,0.109149,-0.16876,-0.036663,0.065607,-0.267304,-0.043275,-0.001073,-0.300644,-0.050368,0.104428,-0.305191,-0.005623,0.106023,-0.428339,-0.022462,0.096937,-0.501274,-0.043714,0.083748,-0.561382,-0.060842,0.056344,-0.322656,-0.009056,0.056503,-0.456365,-0.020631,0.050189,-0.541435,-0.04245,0.038316,-0.610652,-0.060841,0.012038,-0.309556,-0.017671,0.010262,-0.430535,-0.031174,0.007769,-0.506584,-0.052575,-0.000515,-0.57008,-0.068631,-0.033298,-0.27333,-0.029924,-0.031355,-0.366217,-0.041516,-0.031615,-0.425857,-0.050829,-0.035709,-0.47943,-0.059159,B
0.0,0.0,0.0,0.069124,-0.053213,-0.028787,0.109923,-0.166456,-0.036107,0.066159,-0.263946,-0.042352,0.002236,-0.299765,-0.049206,0.105657,-0.304176,-0.006018,0.106869,-0.427281,-0.023364,0.097572,-0.499292,-0.044743,0.084344,-0.55859,-0.061853,0.057567,-0.321454,-0.009588,0.057264,-0.45572,-0.021704,0.050487,-0.540019,-0.04373,0.03867,-0.609,-0.062285,0.013352,-0.30853,-0.018413,0.011025,-0.429728,-0.032841,0.0076,-0.505992,-0.054642,-0.000961,-0.570505,-0.070916,-0.031611,-0.272518,-0.030782,-0.030433,-0.365877,-0.043252,-0.030966,-0.425073,-0.052991,-0.034804,-0.479079,-0.061606,B
0.0,0.0,0.0,0.067623,-0.053956,-0.029272,0.108619,-0.166455,-0.036647,0.070424,-0.264353,-0.042852,0.009856,-0.303113,-0.049406,0.103081,-0.305816,-0.005222,0.105527,-0.428385,-0.022161,0.096463,-0.499452,-0.043532,0.083415,-0.558418,-0.060679,0.055674,-0.322628,-0.00823,0.056051,-0.456462,-0.01944,0.04983,-0.539964,-0.041094,0.038366,-0.608305,-0.059521,0.011832,-0.309195,-0.016564,0.010233,-0.430492,-0.030123,0.007521,-0.506603,-0.051708,-0.000646,-0.571047,-0.068095,-0.033039,-0.272422,-0.028513,-0.032091,-0.365462,-0.040835,-0.032283,-0.424836,-0.050654,-0.035727,-0.478629,-0.059293,B
0.0,0.0,0.0,0.067393,-0.051511,-0.02825,0.109096,-0.1652,-0.034492,0.069353,-0.264062,-0.039834,0.007843,-0.30158,-0.045447,0.105208,-0.304696,-0.003082,0.107394,-0.426213,-0.019322,0.09764,-0.495645,-0.040103,0.083879,-0.552926,-0.056809,0.057469,-0.322207,-0.006342,0.057114,-0.455811,-0.016911,0.050479,-0.538379,-0.038285,0.03847,-0.605674,-0.056494,0.01345,-0.309255,-0.014988,0.010876,-0.431144,-0.028361,0.007474,-0.50555,-0.05001,-0.001625,-0.568338,-0.066356,-0.03185,-0.272958,-0.027184,-0.030734,-0.366605,-0.039635,-0.031559,-0.425187,-0.049779,-0.035927,-0.478409,-0.058621,B
0.0,0.0,-0.0,-0.071783,-0.059044,-0.039291,-0.093981,-0.188179,-0.048796,-0.043683,-0.276641,-0.055951,0.016305,-0.277843,-0.060934,-0.079434,-0.306219,-0.015227,-0.082512,-0.418893,-0.031447,-0.077553,-0.487014,-0.048112,-0.070102,-0.550813,-0.06474,-0.03292,-0.324305,-0.012958,-0.032257,-0.451809,-0.02665,-0.025987,-0.530997,-0.039162,-0.020503,-0.600158,-0.050865,0.010517,-0.315674,-0.017396,0.013963,-0.434837,-0.034544,0.016821,-0.509556,-0.049129,0.019225,-0.575947,-0.060966,0.053457,-0.285233,-0.027162,0.050016,-0.384429,-0.045535,0.05137,-0.445321,-0.057517,0.055935,-0.496654,-0.067475,B
0.0,0.0,-0.0,-0.071325,-0.059446,-0.038876,-0.093143,-0.189892,-0.048011,-0.041996,-0.278496,-0.054777,0.018551,-0.276838,-0.05936,-0.079516,-0.306347,-0.015033,-0.082854,-0.420348,-0.031039,-0.077465,-0.489028,-0.047454,-0.069542,-0.552661,-0.06383,-0.033193,-0.32418,-0.012745,-0.032619,-0.451787,-0.026127,-0.026342,-0.53119,-0.03815,-0.020931,-0.599817,-0.049299,0.010337,-0.315765,-0.017091,0.014068,-0.434965,-0.033799,0.017446,-0.509866,-0.047853,0.020434,-0.575506,-0.059139,0.053555,-0.28581,-0.02678,0.050646,-0.385247,-0.044924,0.052362,-0.446025,-0.056588,0.057149,-0.496521,-0.066114,B
0.0,0.0,-0.0,-0.071453,-0.060004,-0.037298,-0.09397,-0.18904,-0.04601,-0.04352,-0.276317,-0.05279,0.017183,-0.277963,-0.057467,-0.079826,-0.306242,-0.013006,-0.083845,-0.420819,-0.028921,-0.079296,-0.491475,-0.045106,-0.072309,-0.555305,-0.061169,-0.03305,-0.323358,-0.011568,-0.033009,-0.451349,-0.025293,-0.027654,-0.531528,-0.03766,-0.023232,-0.599648,-0.048846,0.01056,-0.313888,-0.016704,0.013309,-0.43345,-0.033808,0.015344,-0.509018,-0.048267,0.017036,-0.574929,-0.059656,0.053514,-0.282496,-0.026962,0.049677,-0.382069,-0.045366,0.050225,-0.444109,-0.057234,0.053619,-0.495999,-0.066762,B
0.0,0.0,-0.0,-0.071156,-0.061089,-0.036792,-0.093021,-0.190095,-0.045074,-0.042577,-0.277048,-0.05164,0.017446,-0.279577,-0.05619,-0.078828,-0.307186,-0.012233,-0.083651,-0.422006,-0.02791,-0.079718,-0.491989,-0.043925,-0.073602,-0.556346,-0.059854,-0.032245,-0.324588,-0.011065,-0.03201,-0.452302,-0.024531,-0.027059,-0.53267,-0.036724,-0.023651,-0.601013,-0.047796,0.011299,-0.315298,-0.016473,0.013789,-0.434573,-0.033303,0.015831,-0.510324,-0.047468,0.017308,-0.576198,-0.058754,0.054046,-0.28445,-0.027031,0.050192,-0.382693,-0.045093,0.051045,-0.443916,-0.056689,0.054902,-0.494885,-0.066125,B
0.0,0.0,-0.0,-0.071519,-0.060616,-0.036628,-0.093992,-0.189534,-0.04459,-0.043507,-0.277385,-0.050895,0.017054,-0.278521,-0.055058,-0.07888,-0.306019,-0.01083,-0.083848,-0.420238,-0.025909,-0.08012,-0.489369,-0.041652,-0.073778,-0.553168,-0.057408,-0.032387,-0.323407,-0.009497,-0.032358,-0.450603,-0.022121,-0.027364,-0.530555,-0.033606,-0.02373,-0.598239,-0.04416,0.011069,-0.314277,-0.014861,0.013278,-0.432939,-0.03098,0.015529,-0.508498,-0.044563,0.017425,-0.573787,-0.055428,0.053831,-0.283676,-0.02545,0.04997,-0.381271,-0.04295,0.050862,-0.441896,-0.054197,0.054855,-0.491966,-0.06336,B
0.0,0.0,-0.0,-0.069446,-0.060951,-0.036164,-0.091554,-0.187308,-0.044506,-0.04229,-0.272291,-0.050976,0.018336,-0.27886,-0.055289,-0.076279,-0.304163,-0.012346,-0.080267,-0.420336,-0.028339,-0.075291,-0.492786,-0.044229,-0.067826,-0.556521,-0.059652,-0.030668,-0.320556,-0.011024,-0.029931,-0.44879,-0.024572,-0.02402,-0.52983,-0.036584,-0.019183,-0.597181,-0.047085,0.011595,-0.310647,-0.016135,0.014548,-0.429826,-0.032867,0.016779,-0.506519,-0.046963,0.018593,-0.572087,-0.057797,0.052863,-0.278796,-0.026177,0.050434,-0.376886,-0.04414,0.051824,-0.437516,-0.05544,0.055896,-0.487719,-0.064228,B
0.0,0.0,-0.0,-0.069322,-0.061813,-0.035612,-0.091654,-0.188581,-0.043897,-0.041797,-0.274731,-0.0506,0.019057,-0.276943,-0.055244,-0.07659,-0.30459,-0.011207,-0.080499,-0.419234,-0.026849,-0.075684,-0.489389,-0.042809,-0.068406,-0.552616,-0.058498,-0.03069,-0.321316,-0.01017,-0.030195,-0.44851,-0.02362,-0.024519,-0.528665,-0.035741,-0.019939,-0.596061,-0.046564,0.012396,-0.311756,-0.015555,0.015187,-0.430565,-0.032108,0.01761,-0.505804,-0.046079,0.01979,-0.570803,-0.057064,0.054892,-0.280094,-0.025913,0.051466,-0.377737,-0.043592,0.052382,-0.438847,-0.054894,0.05627,-0.489501,-0.063939,B
0.0,0.0,-0.0,-0.069748,-0.061227,-0.036855,-0.09175,-0.189777,-0.04526,-0.041852,-0.276442,-0.051785,0.018937,-0.277826,-0.056094,-0.076619,-0.305566,-0.012178,-0.080284,-0.420747,-0.027784,-0.075215,-0.491197,-0.043519,-0.067606,-0.55451,-0.059039,-0.030506,-0.322098,-0.010499,-0.029962,-0.44925,-0.023739,-0.024584,-0.529405,-0.035339,-0.020418,-0.597066,-0.04561,0.012694,-0.312217,-0.015359,0.01595,-0.431029,-0.031844,0.018582,-0.506014,-0.04525,0.020805,-0.570947,-0.055616,0.055208,-0.280482,-0.025337,0.051544,-0.378459,-0.042937,0.052501,-0.439019,-0.05384,0.056414,-0.489043,-0.062398,B
0.0,0.0,-0.0,-0.07019,-0.059948,-0.036444,-0.0923,-0.187868,-0.044858,-0.041542,-0.273338,-0.051412,0.019453,-0.274945,-0.055915,-0.077369,-0.303944,-0.012537,-0.080816,-0.418753,-0.028236,-0.075836,-0.489315,-0.044157,-0.068497,-0.552536,-0.059871,-0.031352,-0.320378,-0.011197,-0.030383,-0.447588,-0.024745,-0.024916,-0.527599,-0.036908,-0.020689,-0.595124,-0.047759,0.011657,-0.310728,-0.016297,0.015256,-0.429885,-0.033094,0.017541,-0.505188,-0.04726,0.019312,-0.570226,-0.058282,0.053874,-0.279339,-0.026406,0.050921,-0.378654,-0.044444,0.05217,-0.439791,-0.055935,0.056261,-0.490411,-0.065058,B
0.0,0.0,-0.0,-0.071167,-0.060862,-0.036569,-0.092355,-0.188895,-0.044709,-0.041653,-0.275894,-0.051119,0.017851,-0.277132,-0.05551,-0.077732,-0.30409,-0.011096,-0.08103,-0.416514,-0.026511,-0.076826,-0.484853,-0.042801,-0.070226,-0.548173,-0.058922,-0.031637,-0.320625,-0.009836,-0.030546,-0.446688,-0.022816,-0.02519,-0.526287,-0.03503,-0.020826,-0.594172,-0.046163,0.011411,-0.311262,-0.015199,0.014676,-0.429283,-0.031497,0.016979,-0.504765,-0.045493,0.018979,-0.570112,-0.056671,0.053808,-0.280625,-0.025719,0.05022,-0.379358,-0.043296,0.051228,-0.440562,-0.054572,0.055448,-0.491447,-0.063771,B
0.0,0.0,-0.0,-0.070925,-0.0612,-0.036633,-0.091187,-0.188812,-0.044909,-0.039985,-0.275508,-0.051334,0.01832,-0.274158,-0.055827,-0.077396,-0.304085,-0.011474,-0.080239,-0.417626,-0.026467,-0.075837,-0.486299,-0.042629,-0.069088,-0.549674,-0.058848,-0.031459,-0.320254,-0.010162,-0.03026,-0.446801,-0.023088,-0.025157,-0.526291,-0.035859,-0.020966,-0.594595,-0.047547,0.011355,-0.310805,-0.015328,0.015251,-0.429163,-0.031438,0.01772,-0.504288,-0.046062,0.019908,-0.569783,-0.057868,0.053527,-0.28017,-0.025606,0.050585,-0.379618,-0.04308,0.052082,-0.440732,-0.054697,0.056664,-0.491732,-0.064316,B
0.0,0.0,-0.0,-0.071349,-0.059181,-0.038231,-0.091481,-0.187216,-0.047184,-0.040023,-0.274224,-0.054016,0.019047,-0.275288,-0.05886,-0.077847,-0.303208,-0.013601,-0.081282,-0.415942,-0.029328,-0.077124,-0.483655,-0.045854,-0.070935,-0.54737,-0.062335,-0.031938,-0.320105,-0.011588,-0.030751,-0.446134,-0.024764,-0.025679,-0.524291,-0.037138,-0.021269,-0.592627,-0.048804,0.011034,-0.311384,-0.016231,0.015087,-0.428848,-0.032512,0.017355,-0.503976,-0.046661,0.019554,-0.570758,-0.058494,0.053424,-0.281718,-0.026191,0.050396,-0.379145,-0.043525,0.051747,-0.438356,-0.054789,0.056305,-0.488072,-0.064516,B
0.0,0.0,-0.0,-0.069767,-0.060837,-0.036151,-0.091483,-0.188308,-0.044529,-0.041364,-0.27547,-0.051265,0.01845,-0.275231,-0.055882,-0.076086,-0.304597,-0.010707,-0.079726,-0.418161,-0.026066,-0.075505,-0.487288,-0.042204,-0.068651,-0.550482,-0.058163,-0.030392,-0.320572,-0.00961,-0.029581,-0.447269,-0.022801,-0.02418,-0.526999,-0.035214,-0.019812,-0.594719,-0.046357,0.012417,-0.310681,-0.015033,0.015822,-0.42924,-0.031491,0.018269,-0.504341,-0.045683,0.020394,-0.569282,-0.056804,0.054791,-0.279283,-0.02554,0.051713,-0.378275,-0.043151,0.05299,-0.439832,-0.054559,0.057123,-0.490859,-0.063712,B
0.0,0.0,-0.0,-0.069786,-0.059626,-0.035305,-0.094021,-0.186422,-0.043834,-0.046014,-0.274445,-0.050781,0.015337,-0.280414,-0.055502,-0.076942,-0.305736,-0.010391,-0.081181,-0.419425,-0.026597,-0.076977,-0.490545,-0.043014,-0.070052,-0.553283,-0.058839,-0.032079,-0.321595,-0.009806,-0.032027,-0.447996,-0.02373,-0.026336,-0.528604,-0.036142,-0.020972,-0.595576,-0.047018,0.010013,-0.31184,-0.015773,0.012591,-0.430346,-0.032861,0.015151,-0.507431,-0.047349,0.017749,-0.572709,-0.058477,0.051713,-0.280759,-0.026644,0.048231,-0.379887,-0.044706,0.048554,-0.441396,-0.056212,0.051918,-0.492198,-0.065228,B
0.0,0.0,-0.0,-0.069515,-0.059666,-0.035733,-0.093569,-0.186103,-0.044315,-0.045151,-0.273736,-0.051165,0.016016,-0.277991,-0.055768,-0.076933,-0.306005,-0.010841,-0.081588,-0.421048,-0.026586,-0.0775,-0.492485,-0.042733,-0.07053,-0.555647,-0.058466,-0.031878,-0.321488,-0.009824,-0.032177,-0.448452,-0.02331,-0.027026,-0.528738,-0.035441,-0.022381,-0.595571,-0.046163,0.01031,-0.311128,-0.015314,0.013028,-0.429953,-0.031855,0.015231,-0.505773,-0.045739,0.017506,-0.570437,-0.056498,0.051993,-0.279078,-0.025793,0.048963,-0.378224,-0.043556,0.04969,-0.439735,-0.054816,0.053472,-0.490851,-0.063646,B
0.0,0.0,-0.0,-0.06974,-0.061103,-0.034122,-0.093233,-0.186075,-0.042295,-0.045229,-0.272706,-0.049201,0.015255,-0.279637,-0.053915,-0.075702,-0.305566,-0.008281,-0.080122,-0.418804,-0.023711,-0.076434,-0.488819,-0.03965,-0.070224,-0.551244,-0.055116,-0.031423,-0.320902,-0.008155,-0.031285,-0.446728,-0.021642,-0.025895,-0.526571,-0.034067,-0.020942,-0.593386,-0.04503,0.010227,-0.310566,-0.014538,0.012923,-0.428733,-0.03119,0.015234,-0.504891,-0.045531,0.017547,-0.57011,-0.056704,0.051562,-0.279071,-0.025726,0.048538,-0.376648,-0.043203,0.049345,-0.438,-0.054414,0.053283,-0.489278,-0.063385,B
0.0,0.0,-0.0,-0.069301,-0.059572,-0.035161,-0.093381,-0.185869,-0.043198,-0.044496,-0.27294,-0.0496,0.016815,-0.276218,-0.053726,-0.075856,-0.303832,-0.009918,-0.080463,-0.418495,-0.025295,-0.076437,-0.489579,-0.04091,-0.06945,-0.552317,-0.056209,-0.03088,-0.319022,-0.008942,-0.03127,-0.445265,-0.022195,-0.025897,-0.524954,-0.033787,-0.020798,-0.591064,-0.04405,0.011072,-0.308811,-0.014499,0.013736,-0.426617,-0.031142,0.015855,-0.502133,-0.044648,0.018241,-0.566395,-0.05499,0.052436,-0.277262,-0.025004,0.049234,-0.375712,-0.042965,0.049952,-0.436865,-0.054202,0.053936,-0.487499,-0.062908,B
0.0,0.0,-0.0,-0.069158,-0.061724,-0.03535,-0.09132,-0.18887,-0.043798,-0.041282,-0.274396,-0.0506,0.019602,-0.27505,-0.055382,-0.075356,-0.303885,-0.011208,-0.079119,-0.416947,-0.026794,-0.075023,-0.486258,-0.043159,-0.068419,-0.549329,-0.059319,-0.030051,-0.319124,-0.010427,-0.029194,-0.44504,-0.023812,-0.024167,-0.524483,-0.036489,-0.019888,-0.592073,-0.047994,0.012278,-0.308902,-0.015987,0.016031,-0.426422,-0.032336,0.018424,-0.501285,-0.046739,0.020524,-0.566072,-0.058268,0.054179,-0.2769,-0.026502,0.05084,-0.374864,-0.044093,0.051837,-0.436,-0.055613,0.055785,-0.486935,-0.065014,B
0.0,0.0,-0.0,-0.070324,-0.061006,-0.035591,-0.091606,-0.186882,-0.0436,-0.040593,-0.272621,-0.049912,0.019077,-0.273291,-0.054354,-0.076547,-0.30024,-0.010964,-0.080532,-0.412674,-0.025864,-0.076937,-0.480257,-0.041848,-0.070878,-0.543158,-0.057856,-0.031201,-0.316526,-0.009728,-0.029981,-0.441608,-0.022261,-0.025244,-0.519627,-0.034421,-0.020912,-0.586815,-0.045853,0.011216,-0.307732,-0.014897,0.015152,-0.423971,-0.030499,0.01729,-0.498916,-0.044708,0.01948,-0.564492,-0.056576,0.053272,-0.277602,-0.025099,0.050358,-0.373294,-0.041783,0.051419,-0.432067,-0.052891,0.055704,-0.481048,-0.062467,B
0.0,0.0,-0.0,-0.068036,-0.060724,-0.034388,-0.091094,-0.18628,-0.042521,-0.042812,-0.271965,-0.049291,0.017769,-0.274133,-0.054069,-0.074207,-0.302404,-0.010072,-0.078894,-0.414751,-0.025559,-0.075248,-0.483628,-0.041629,-0.069261,-0.546355,-0.05737,-0.029761,-0.317966,-0.009614,-0.02879,-0.443626,-0.022869,-0.023805,-0.522498,-0.034781,-0.020067,-0.589045,-0.045543,0.012098,-0.308229,-0.015499,0.016018,-0.42568,-0.031828,0.018887,-0.499958,-0.045305,0.021389,-0.563858,-0.056052,0.053358,-0.27733,-0.026284,0.050602,-0.37371,-0.043663,0.052517,-0.433475,-0.054546,0.057461,-0.482823,-0.063421,B
0.0,0.0,-0.0,-0.068431,-0.060296,-0.036587,-0.091162,-0.184762,-0.045718,-0.043689,-0.270798,-0.053015,0.01672,-0.276174,-0.057903,-0.073405,-0.303911,-0.010755,-0.077142,-0.41836,-0.026693,-0.072525,-0.489666,-0.042837,-0.065145,-0.552226,-0.05831,-0.028669,-0.319023,-0.009255,-0.027589,-0.445373,-0.022777,-0.021887,-0.525163,-0.035009,-0.017002,-0.591483,-0.04568,0.012773,-0.308755,-0.014363,0.016792,-0.426402,-0.030924,0.019254,-0.501665,-0.044799,0.021531,-0.56563,-0.055389,0.053643,-0.277187,-0.024508,0.051976,-0.374688,-0.041827,0.05382,-0.435798,-0.052723,0.058319,-0.486214,-0.061267,B
0.0,0.0,0.0,-0.069038,-0.06144,-0.03492,-0.089695,-0.187106,-0.043289,-0.038734,-0.27009,-0.049793,0.021855,-0.273421,-0.054259,-0.07126,-0.300766,-0.01206,-0.073802,-0.416987,-0.028258,-0.068172,-0.488987,-0.044516,-0.059298,-0.550745,-0.059973,-0.026613,-0.315089,-0.011029,-0.02386,-0.44244,-0.024845,-0.0161,-0.524259,-0.03748,-0.008735,-0.591637,-0.048413,0.014392,-0.304489,-0.016269,0.019911,-0.422527,-0.03248,0.02427,-0.500486,-0.047327,0.028581,-0.56667,-0.058885,0.055021,-0.273001,-0.026249,0.054715,-0.370897,-0.043784,0.056485,-0.433228,-0.055245,0.061028,-0.485791,-0.06428,B
0.0,0.0,-0.0,-0.069845,-0.060531,-0.035694,-0.092568,-0.184148,-0.044635,-0.042946,-0.26853,-0.051797,0.017835,-0.275684,-0.056959,-0.073342,-0.300111,-0.011923,-0.076662,-0.414941,-0.028702,-0.071663,-0.487305,-0.04558,-0.063574,-0.550754,-0.061653,-0.028828,-0.315581,-0.011094,-0.026497,-0.442463,-0.02558,-0.019968,-0.523568,-0.038986,-0.013594,-0.59121,-0.050675,0.011913,-0.306012,-0.016665,0.017777,-0.423768,-0.033863,0.021391,-0.500406,-0.048989,0.025176,-0.56578,-0.060709,0.052302,-0.275096,-0.027079,0.051584,-0.373941,-0.045303,0.053418,-0.435421,-0.057026,0.057996,-0.486912,-0.066308,B
0.0,0.0,1e-06,0.123417,-0.004529,0.041068,0.203622,-0.054006,0.055048,0.267958,-0.072179,0.047342,0.333609,-0.061818,0.035801,0.164819,-0.214757,0.123454,0.201776,-0.313307,0.135096,0.239719,-0.347627,0.127244,0.275863,-0.36233,0.114857,0.136406,-0.233601,0.077629,0.17591,-0.347494,0.084768,0.223838,-0.374474,0.065366,0.266464,-0.366395,0.046058,0.105038,-0.247642,0.024324,0.148057,-0.360037,0.021352,0.194489,-0.386395,0.007079,0.235,-0.382346,-0.007468,0.077077,-0.24974,-0.029563,0.121219,-0.337274,-0.038517,0.163342,-0.373489,-0.048719,0.203984,-0.391676,-0.060522,C
0.0,0.0,1e-06,0.116417,-0.004479,0.035273,0.199791,-0.054388,0.045007,0.266827,-0.075272,0.034921,0.334157,-0.064634,0.021122,0.165517,-0.21893,0.109288,0.202293,-0.317222,0.116788,0.240564,-0.349019,0.107799,0.277377,-0.361277,0.095579,0.138795,-0.237839,0.06708,0.178786,-0.349571,0.071952,0.227636,-0.373691,0.053671,0.270716,-0.364223,0.035754,0.108511,-0.251016,0.017744,0.15297,-0.360954,0.014463,0.20076,-0.38557,0.00074,0.241756,-0.380165,-0.013121,0.079407,-0.252258,-0.032355,0.122648,-0.341721,-0.040201,0.165323,-0.376607,-0.049778,0.206694,-0.392724,-0.060814,C
0.0,0.0,1e-06,0.119916,-0.011333,0.03472,0.201031,-0.065685,0.046518,0.268872,-0.083978,0.03849,0.333904,-0.073125,0.027199,0.168099,-0.226518,0.111911,0.20305,-0.325676,0.118984,0.239473,-0.362789,0.108984,0.274855,-0.37952,0.09643,0.140031,-0.245897,0.069944,0.178954,-0.358836,0.073731,0.226883,-0.387777,0.054929,0.269211,-0.379842,0.037389,0.107287,-0.26,0.020531,0.150201,-0.372686,0.014822,0.197348,-0.399033,0.001477,0.238853,-0.391908,-0.010705,0.074664,-0.262576,-0.029814,0.117812,-0.35299,-0.039733,0.159862,-0.391787,-0.048636,0.201739,-0.408635,-0.058201,C
0.0,0.0,1e-06,0.120297,-0.010448,0.036867,0.200802,-0.064136,0.0486,0.267922,-0.082705,0.039404,0.33502,-0.074434,0.026457,0.165408,-0.229507,0.117104,0.199718,-0.328293,0.124839,0.237547,-0.3655,0.114232,0.273005,-0.382715,0.100587,0.136899,-0.248419,0.072322,0.176687,-0.362676,0.075393,0.226253,-0.391101,0.054602,0.269648,-0.38237,0.035396,0.104649,-0.262169,0.019879,0.149017,-0.374918,0.012802,0.198724,-0.398104,-0.002695,0.242527,-0.389508,-0.016508,0.07369,-0.263712,-0.033331,0.11815,-0.353602,-0.044984,0.161028,-0.390584,-0.055526,0.203471,-0.406443,-0.066575,C
0.0,0.0,1e-06,0.121572,-0.009457,0.035459,0.200279,-0.06123,0.045648,0.267645,-0.081359,0.034883,0.334921,-0.072604,0.020277,0.165801,-0.222647,0.116629,0.201487,-0.320971,0.123515,0.238028,-0.357933,0.112158,0.27314,-0.376211,0.098052,0.13639,-0.242165,0.072258,0.177724,-0.355593,0.07466,0.225308,-0.385794,0.052986,0.269251,-0.380365,0.033044,0.103859,-0.256893,0.020121,0.149293,-0.367218,0.013235,0.197453,-0.392242,-0.002641,0.241448,-0.386579,-0.017083,0.073869,-0.261405,-0.032962,0.118652,-0.349083,-0.043188,0.160936,-0.38821,-0.05307,0.203611,-0.406941,-0.064144,C
0.0,0.0,1e-06,0.116977,-0.011514,0.035607,0.198846,-0.067221,0.045633,0.267175,-0.08703,0.035154,0.334802,-0.077096,0.020838,0.16529,-0.232308,0.110599,0.199849,-0.330677,0.11657,0.237371,-0.367488,0.105813,0.273574,-0.384334,0.09217,0.13774,-0.250952,0.066289,0.176991,-0.364771,0.067948,0.226763,-0.392322,0.047513,0.270685,-0.383538,0.028633,0.105667,-0.263538,0.014654,0.150353,-0.376944,0.006447,0.200632,-0.400074,-0.009464,0.244643,-0.390851,-0.023508,0.074209,-0.26332,-0.03763,0.117887,-0.354443,-0.050046,0.160799,-0.391867,-0.061192,0.202964,-0.407761,-0.072633,C
0.0,0.0,1e-06,0.119746,-0.007634,0.034623,0.198624,-0.05825,0.045874,0.265116,-0.0774,0.036521,0.332269,-0.069485,0.023505,0.163342,-0.222598,0.118921,0.198827,-0.319193,0.127705,0.236439,-0.355916,0.117028,0.271743,-0.373881,0.103063,0.135152,-0.242742,0.075715,0.175892,-0.353704,0.07992,0.225127,-0.382951,0.057764,0.269351,-0.376869,0.037098,0.103887,-0.257305,0.024667,0.148574,-0.365757,0.018621,0.197876,-0.389195,0.001075,0.241864,-0.382221,-0.01472,0.074685,-0.260937,-0.027294,0.117735,-0.348296,-0.038031,0.159343,-0.384787,-0.049264,0.201042,-0.400644,-0.06128,C
0.0,0.0,1e-06,0.119605,-0.011582,0.035076,0.200053,-0.066386,0.045888,0.267108,-0.086758,0.036322,0.333609,-0.076978,0.023139,0.164873,-0.228376,0.112436,0.199593,-0.328081,0.118562,0.237099,-0.365538,0.107539,0.273142,-0.383024,0.093795,0.136673,-0.247067,0.068816,0.176798,-0.361762,0.0705,0.226409,-0.390435,0.049742,0.270082,-0.382322,0.03067,0.104166,-0.260425,0.017622,0.149494,-0.37371,0.009503,0.198875,-0.398145,-0.006251,0.242399,-0.390608,-0.020127,0.07267,-0.262035,-0.034337,0.116701,-0.352125,-0.04667,0.159034,-0.390169,-0.057668,0.200924,-0.407464,-0.068982,C
0.0,0.0,1e-06,0.118524,-0.009826,0.035186,0.19917,-0.064551,0.047399,0.265975,-0.083788,0.039529,0.332197,-0.075019,0.028065,0.164383,-0.228721,0.113326,0.199029,-0.327597,0.120489,0.236736,-0.364292,0.110247,0.272664,-0.38052,0.097214,0.136488,-0.246857,0.070465,0.175867,-0.360274,0.073146,0.225416,-0.388489,0.052724,0.268584,-0.379986,0.03402,0.104164,-0.259721,0.020076,0.148403,-0.37237,0.012408,0.197794,-0.397222,-0.00376,0.241135,-0.389864,-0.017703,0.072184,-0.260957,-0.030987,0.114817,-0.352458,-0.043399,0.157128,-0.390277,-0.054832,0.199299,-0.40666,-0.066205,C
0.0,0.0,1e-06,0.118999,-0.008768,0.037868,0.199568,-0.062589,0.049802,0.265917,-0.080518,0.040758,0.33269,-0.071918,0.027806,0.164309,-0.225255,0.115181,0.19915,-0.323263,0.12258,0.236975,-0.360264,0.112658,0.272783,-0.376343,0.099497,0.136159,-0.244248,0.069915,0.175838,-0.357122,0.072731,0.224861,-0.384938,0.0525,0.268909,-0.376267,0.033673,0.104204,-0.257867,0.017207,0.149724,-0.368977,0.009296,0.199557,-0.393027,-0.006606,0.24366,-0.385527,-0.020727,0.073401,-0.259702,-0.036006,0.117527,-0.348465,-0.049284,0.160068,-0.385853,-0.060972,0.202175,-0.402902,-0.072724,C
0.0,0.0,1e-06,0.117841,-0.009025,0.035487,0.200199,-0.06437,0.047402,0.267417,-0.085183,0.039301,0.333511,-0.074355,0.027507,0.164571,-0.22761,0.110873,0.198851,-0.32627,0.11795,0.235718,-0.364114,0.108272,0.271595,-0.381659,0.095341,0.136564,-0.246689,0.06762,0.176418,-0.359721,0.06996,0.225603,-0.38783,0.050042,0.269259,-0.380223,0.031568,0.104365,-0.25925,0.017077,0.149199,-0.371641,0.00884,0.199375,-0.395764,-0.007,0.243482,-0.387512,-0.020827,0.072896,-0.259686,-0.034049,0.116709,-0.349605,-0.047051,0.159779,-0.387267,-0.058664,0.202524,-0.404033,-0.070294,C
0.0,0.0,1e-06,0.118175,-0.011571,0.035995,0.199054,-0.066606,0.047897,0.26652,-0.087148,0.039489,0.333037,-0.07836,0.027416,0.163729,-0.231031,0.114249,0.19882,-0.329326,0.122771,0.235661,-0.36658,0.11344,0.271386,-0.384517,0.100721,0.136104,-0.249126,0.070628,0.176178,-0.362108,0.074831,0.225471,-0.391082,0.05534,0.268944,-0.384053,0.036894,0.104242,-0.261824,0.019566,0.148577,-0.373953,0.013414,0.198524,-0.398254,-0.001697,0.242531,-0.390583,-0.015395,0.073093,-0.262945,-0.032243,0.11716,-0.354425,-0.043097,0.160525,-0.391922,-0.053448,0.20374,-0.408107,-0.064474,C
0.0,0.0,1e-06,0.114158,-0.008621,0.029652,0.196448,-0.065924,0.039766,0.264329,-0.08862,0.031617,0.330756,-0.07859,0.020198,0.162905,-0.231277,0.102755,0.19761,-0.329615,0.108729,0.234463,-0.367314,0.099028,0.270387,-0.384589,0.086497,0.135285,-0.249341,0.063578,0.174342,-0.362371,0.065768,0.222797,-0.390221,0.047005,0.266073,-0.382609,0.029598,0.102844,-0.260652,0.017019,0.146909,-0.373602,0.008571,0.195595,-0.398798,-0.006943,0.239074,-0.39263,-0.020198,0.07014,-0.260061,-0.030423,0.1123,-0.350963,-0.043586,0.154583,-0.389566,-0.055438,0.197272,-0.407499,-0.066916,C
0.0,0.0,1e-06,0.115141,-0.012144,0.027897,0.197216,-0.07101,0.037895,0.265724,-0.09075,0.030255,0.330618,-0.081191,0.019639,0.165563,-0.234762,0.100264,0.200209,-0.331998,0.10549,0.236645,-0.369689,0.095433,0.271837,-0.386734,0.083408,0.137726,-0.252063,0.062759,0.175623,-0.364328,0.065122,0.223874,-0.393343,0.047468,0.267584,-0.386225,0.031501,0.104583,-0.262868,0.017867,0.146739,-0.377439,0.010085,0.194965,-0.403549,-0.003246,0.23826,-0.397371,-0.014365,0.069856,-0.262112,-0.028147,0.111948,-0.355667,-0.039957,0.154622,-0.395822,-0.049442,0.198057,-0.413761,-0.058604,C
0.0,0.0,1e-06,0.121426,-0.007436,0.037277,0.200549,-0.059041,0.048161,0.267388,-0.079433,0.037366,0.335381,-0.070821,0.022326,0.164193,-0.223074,0.121457,0.200213,-0.320421,0.130476,0.237946,-0.357197,0.119361,0.273512,-0.375333,0.104487,0.135117,-0.242355,0.075455,0.176795,-0.354867,0.079005,0.226502,-0.383996,0.055445,0.271187,-0.377025,0.033394,0.103355,-0.256367,0.021733,0.149779,-0.366659,0.015052,0.200581,-0.388901,-0.003298,0.245799,-0.381364,-0.020041,0.074197,-0.259397,-0.032694,0.119702,-0.34644,-0.044114,0.162362,-0.382791,-0.055806,0.20445,-0.399846,-0.068559,C
0.0,0.0,1e-06,0.118714,-0.007118,0.034799,0.19902,-0.060094,0.045339,0.265081,-0.08076,0.035473,0.331794,-0.070852,0.021645,0.163489,-0.222694,0.112348,0.198842,-0.321435,0.119379,0.236617,-0.358338,0.108836,0.272277,-0.374248,0.094979,0.134123,-0.241908,0.068624,0.173356,-0.355824,0.07064,0.222184,-0.383395,0.048724,0.266773,-0.373465,0.028318,0.10156,-0.254952,0.017382,0.146142,-0.365995,0.008825,0.195475,-0.389954,-0.009841,0.239737,-0.381867,-0.02634,0.071392,-0.256717,-0.034444,0.115268,-0.343386,-0.048392,0.156724,-0.380964,-0.062103,0.198131,-0.398759,-0.075848,C
0.0,0.0,1e-06,0.116269,-0.012121,0.031678,0.197033,-0.068874,0.04101,0.26566,-0.090198,0.030893,0.333044,-0.080752,0.017494,0.164725,-0.232851,0.107987,0.199887,-0.331347,0.113444,0.23675,-0.36843,0.102691,0.272796,-0.385914,0.089518,0.136966,-0.250526,0.066796,0.176775,-0.363128,0.068809,0.22531,-0.392006,0.04914,0.269559,-0.386753,0.030995,0.104629,-0.262626,0.018003,0.148487,-0.374897,0.010353,0.196762,-0.400532,-0.004664,0.240151,-0.395265,-0.017877,0.072478,-0.263427,-0.031803,0.114345,-0.353989,-0.043212,0.156522,-0.393014,-0.053563,0.199213,-0.411336,-0.064274,C
0.0,0.0,1e-06,0.116623,-0.015858,0.031498,0.198956,-0.074047,0.040897,0.267604,-0.094732,0.031379,0.333689,-0.084349,0.018767,0.166373,-0.236812,0.102005,0.201266,-0.336897,0.105955,0.237334,-0.373787,0.095106,0.273205,-0.390332,0.082118,0.137791,-0.254462,0.060893,0.176345,-0.369116,0.061254,0.224526,-0.397989,0.042234,0.268673,-0.391282,0.024697,0.104432,-0.265345,0.012437,0.146319,-0.380275,0.003288,0.193322,-0.407149,-0.011274,0.235908,-0.401396,-0.023935,0.071424,-0.264136,-0.036957,0.113437,-0.355819,-0.049778,0.155291,-0.396351,-0.060532,0.197726,-0.415554,-0.071321,C
0.0,0.0,1e-06,0.117977,-0.006742,0.036089,0.199369,-0.059218,0.046483,0.266309,-0.078401,0.03606,0.333353,-0.068664,0.021423,0.163206,-0.221561,0.111536,0.198846,-0.319857,0.117287,0.236859,-0.356638,0.105629,0.272417,-0.372864,0.090865,0.133426,-0.241718,0.066088,0.173647,-0.354953,0.066009,0.222897,-0.382394,0.042533,0.267128,-0.372037,0.021022,0.101354,-0.255128,0.013332,0.146997,-0.365377,0.003355,0.197054,-0.38897,-0.015702,0.241126,-0.379843,-0.032439,0.071745,-0.256473,-0.039936,0.116296,-0.343272,-0.054587,0.158127,-0.381021,-0.068115,0.199101,-0.398058,-0.08177,C
0.0,0.0,1e-06,0.119643,-0.010499,0.036013,0.199805,-0.066202,0.047358,0.266703,-0.087576,0.038031,0.333847,-0.078891,0.024966,0.165434,-0.229182,0.114666,0.200681,-0.327801,0.12178,0.237614,-0.364918,0.111509,0.273378,-0.38228,0.0981,0.136971,-0.247365,0.070512,0.177212,-0.361148,0.073241,0.225563,-0.391379,0.052683,0.269675,-0.38654,0.033394,0.104114,-0.260236,0.01869,0.148164,-0.373028,0.011057,0.195174,-0.39936,-0.00515,0.237948,-0.394723,-0.019696,0.072503,-0.261636,-0.03387,0.115794,-0.351924,-0.046083,0.157646,-0.390775,-0.057721,0.200124,-0.409075,-0.069829,C
0.0,0.0,1e-06,0.120658,-0.011082,0.039135,0.200209,-0.065346,0.051936,0.267001,-0.085927,0.043273,0.333773,-0.076796,0.030591,0.165141,-0.225178,0.119787,0.199974,-0.321891,0.128349,0.236019,-0.360027,0.11805,0.27147,-0.379686,0.104054,0.136614,-0.244594,0.073557,0.176742,-0.356081,0.076879,0.22459,-0.386958,0.054973,0.268639,-0.383387,0.034383,0.104081,-0.258823,0.019898,0.148973,-0.368243,0.012536,0.197392,-0.393681,-0.004661,0.241335,-0.388962,-0.020199,0.072828,-0.26178,-0.034217,0.116277,-0.350364,-0.046485,0.157777,-0.388069,-0.057988,0.200007,-0.406048,-0.070175,C
0.0,0.0,1e-06,0.118686,-0.01013,0.034429,0.198477,-0.06528,0.045428,0.266167,-0.086726,0.035998,0.332927,-0.078806,0.02281,0.166241,-0.227782,0.114362,0.202454,-0.324539,0.121462,0.238729,-0.36161,0.109983,0.273631,-0.380592,0.095393,0.137182,-0.24722,0.070802,0.178577,-0.357686,0.072911,0.226977,-0.388474,0.049861,0.271008,-0.385275,0.028469,0.104505,-0.260843,0.019699,0.148709,-0.368792,0.011946,0.195885,-0.394411,-0.005858,0.238775,-0.390915,-0.021836,0.073021,-0.263313,-0.032244,0.116459,-0.350817,-0.044222,0.157429,-0.389197,-0.055711,0.199102,-0.407783,-0.06796,C
0.0,0.0,1e-06,0.119658,-0.005463,0.033319,0.199992,-0.057078,0.043035,0.264618,-0.07817,0.032637,0.331371,-0.068019,0.018136,0.162475,-0.218405,0.111006,0.199398,-0.316002,0.117952,0.238201,-0.352373,0.107383,0.273984,-0.367833,0.093385,0.132459,-0.237909,0.067932,0.174028,-0.350771,0.069857,0.22353,-0.378637,0.047728,0.268017,-0.368867,0.026982,0.099792,-0.250938,0.017143,0.146591,-0.362246,0.008728,0.196386,-0.386843,-0.010258,0.240632,-0.379553,-0.027252,0.069663,-0.25321,-0.034354,0.113874,-0.339881,-0.048165,0.155575,-0.37743,-0.062382,0.197174,-0.396119,-0.076728,C
0.0,0.0,1e-06,0.117095,-0.010192,0.036728,0.198009,-0.066548,0.048124,0.266096,-0.085696,0.039004,0.333341,-0.079238,0.026156,0.164145,-0.226622,0.113152,0.19909,-0.324541,0.121079,0.236781,-0.3632,0.111771,0.272707,-0.38088,0.099148,0.137229,-0.245168,0.069245,0.17629,-0.358956,0.073129,0.226053,-0.386351,0.05424,0.270174,-0.375152,0.036449,0.105461,-0.258819,0.018015,0.150342,-0.371906,0.011858,0.201439,-0.395793,-0.002853,0.245944,-0.386344,-0.016334,0.073717,-0.260053,-0.033821,0.11784,-0.35042,-0.044982,0.161159,-0.387449,-0.055478,0.203793,-0.403145,-0.066489,C
0.0,0.0,1e-06,0.121264,-0.010962,0.039011,0.19932,-0.06507,0.051451,0.267795,-0.084331,0.042106,0.335946,-0.080433,0.029122,0.162291,-0.22745,0.123718,0.197684,-0.327575,0.133169,0.235807,-0.366197,0.123154,0.271627,-0.383601,0.110115,0.133812,-0.246193,0.077853,0.17526,-0.363255,0.083438,0.224373,-0.393904,0.06343,0.268427,-0.38406,0.044844,0.102371,-0.260762,0.024135,0.145772,-0.374427,0.020407,0.194528,-0.399534,0.006122,0.238205,-0.39068,-0.007258,0.07305,-0.264831,-0.03054,0.117251,-0.355022,-0.038787,0.159688,-0.391583,-0.04752,0.202395,-0.405601,-0.057492,C
0.0,0.0,-0.0,-0.098367,-0.007827,-0.006976,-0.186468,-0.053259,-0.018859,-0.259901,-0.05526,-0.038972,-0.31778,-0.048317,-0.060249,-0.161831,-0.237863,0.022559,-0.197853,-0.336385,-0.00155,-0.243135,-0.368331,-0.028983,-0.287732,-0.372465,-0.046894,-0.137094,-0.258843,0.004947,-0.17622,-0.375484,-0.018009,-0.230392,-0.397763,-0.045005,-0.279271,-0.381639,-0.06171,-0.108452,-0.262638,-0.01849,-0.14588,-0.377935,-0.036137,-0.204599,-0.404227,-0.058258,-0.256816,-0.394603,-0.071476,-0.078603,-0.246737,-0.044542,-0.130649,-0.33439,-0.058204,-0.180126,-0.36807,-0.070339,-0.224806,-0.37811,-0.078385,C
0.0,0.0,-0.0,-0.097258,-0.007155,-0.008765,-0.183767,-0.051091,-0.021484,-0.256521,-0.055244,-0.041935,-0.314295,-0.051492,-0.063327,-0.159006,-0.234851,0.020058,-0.194742,-0.334349,-0.004975,-0.240646,-0.367173,-0.032886,-0.285664,-0.371251,-0.050865,-0.133983,-0.256006,0.003646,-0.172444,-0.373285,-0.020555,-0.227439,-0.396308,-0.048341,-0.27679,-0.379343,-0.065194,-0.105334,-0.25995,-0.018584,-0.140962,-0.375503,-0.037061,-0.199802,-0.403038,-0.060225,-0.252486,-0.393528,-0.073845,-0.075391,-0.244579,-0.043427,-0.124213,-0.332624,-0.057855,-0.17263,-0.367338,-0.070783,-0.217159,-0.377653,-0.07909,C
0.0,0.0,-0.0,-0.098481,-0.007443,-0.007475,-0.186619,-0.053877,-0.018823,-0.260325,-0.060727,-0.038387,-0.318454,-0.059537,-0.058742,-0.161133,-0.240048,0.024035,-0.197005,-0.340577,-0.000331,-0.24183,-0.372724,-0.027606,-0.285233,-0.376216,-0.045022,-0.136536,-0.261076,0.00681,-0.174565,-0.379975,-0.016721,-0.229164,-0.402141,-0.043599,-0.277583,-0.383748,-0.059548,-0.108492,-0.264658,-0.016552,-0.144019,-0.38083,-0.03507,-0.204075,-0.40782,-0.057783,-0.257111,-0.397747,-0.070734,-0.079209,-0.249021,-0.042524,-0.127877,-0.338631,-0.056927,-0.177325,-0.373238,-0.069738,-0.222582,-0.382833,-0.077779,C
0.0,0.0,-0.0,-0.099273,-0.009543,-0.00352,-0.186696,-0.055157,-0.014351,-0.260202,-0.05927,-0.03441,-0.31916,-0.055517,-0.05593,-0.161254,-0.240161,0.026887,-0.197567,-0.340446,0.003358,-0.243001,-0.373259,-0.024033,-0.287445,-0.377421,-0.042034,-0.135727,-0.261136,0.006841,-0.17475,-0.379796,-0.016256,-0.229767,-0.402336,-0.044036,-0.279069,-0.384486,-0.061171,-0.106902,-0.264394,-0.018973,-0.143481,-0.381295,-0.036911,-0.203504,-0.408524,-0.060141,-0.256776,-0.39877,-0.074135,-0.077317,-0.248596,-0.047085,-0.127358,-0.337322,-0.061329,-0.176837,-0.371445,-0.074199,-0.221937,-0.381031,-0.082759,C
0.0,0.0,-0.0,-0.100328,-0.009287,-0.005089,-0.188516,-0.055351,-0.016693,-0.262564,-0.059021,-0.0373,-0.321981,-0.055299,-0.059383,-0.160685,-0.241178,0.024942,-0.197545,-0.340872,0.000635,-0.243145,-0.372569,-0.027185,-0.287599,-0.376483,-0.045311,-0.135047,-0.261604,0.005644,-0.175359,-0.379801,-0.017873,-0.230595,-0.401566,-0.045839,-0.279668,-0.38403,-0.06308,-0.106331,-0.264484,-0.01954,-0.144881,-0.380748,-0.038143,-0.205593,-0.407123,-0.061696,-0.259087,-0.397496,-0.07569,-0.077004,-0.248092,-0.047133,-0.128594,-0.337724,-0.06185,-0.179137,-0.371717,-0.074855,-0.225017,-0.381423,-0.083398,C
0.0,0.0,-0.0,-0.098732,-0.008583,-0.004296,-0.186431,-0.053433,-0.015404,-0.259946,-0.057898,-0.035507,-0.318859,-0.055149,-0.057055,-0.160961,-0.2365,0.025594,-0.197429,-0.334769,0.001651,-0.24286,-0.366129,-0.025878,-0.28718,-0.37034,-0.044062,-0.13569,-0.257677,0.006151,-0.175944,-0.374682,-0.017782,-0.230752,-0.395288,-0.04575,-0.279596,-0.378105,-0.062916,-0.107158,-0.261247,-0.019,-0.145879,-0.376615,-0.037898,-0.205491,-0.401035,-0.060912,-0.258204,-0.39111,-0.074535,-0.077798,-0.24561,-0.04644,-0.130877,-0.331519,-0.061329,-0.180788,-0.364162,-0.07424,-0.225708,-0.374555,-0.082738,C
0.0,0.0,-0.0,-0.098489,-0.009795,-0.007163,-0.186644,-0.055443,-0.019343,-0.260942,-0.060145,-0.039774,-0.319736,-0.059168,-0.06133,-0.162041,-0.238396,0.02196,-0.199548,-0.336039,-0.002248,-0.245114,-0.367606,-0.029738,-0.289467,-0.372339,-0.047846,-0.137114,-0.260755,0.004189,-0.178722,-0.377293,-0.019192,-0.233816,-0.398869,-0.046348,-0.283281,-0.382782,-0.063195,-0.108493,-0.264628,-0.019366,-0.147921,-0.380412,-0.037968,-0.208039,-0.405168,-0.060422,-0.261191,-0.395232,-0.073773,-0.079408,-0.248126,-0.045438,-0.133026,-0.335075,-0.060185,-0.183259,-0.367279,-0.072755,-0.228171,-0.376695,-0.080973,C
0.0,0.0,-0.0,-0.099177,-0.01024,-0.008419,-0.187863,-0.057013,-0.020982,-0.261298,-0.063196,-0.041608,-0.319953,-0.058617,-0.063118,-0.164612,-0.240467,0.021897,-0.201095,-0.338756,-0.003757,-0.246874,-0.36833,-0.032117,-0.291018,-0.369582,-0.050376,-0.139383,-0.261784,0.004593,-0.178617,-0.379585,-0.020795,-0.23394,-0.398704,-0.048667,-0.282309,-0.378297,-0.065051,-0.110543,-0.264916,-0.018738,-0.14775,-0.380767,-0.037992,-0.208316,-0.405051,-0.06075,-0.260884,-0.393213,-0.073711,-0.080616,-0.247868,-0.044741,-0.132179,-0.334779,-0.058906,-0.182425,-0.367337,-0.071397,-0.2269,-0.375992,-0.079272,C
0.0,0.0,-0.0,-0.09715,-0.008731,-0.01165,-0.186182,-0.055846,-0.025096,-0.260511,-0.063842,-0.045423,-0.318579,-0.063592,-0.066144,-0.163338,-0.238576,0.015758,-0.200123,-0.337815,-0.011275,-0.246048,-0.369662,-0.038989,-0.289434,-0.372601,-0.0563,-0.138639,-0.260766,0.001134,-0.175983,-0.379613,-0.025092,-0.231141,-0.399405,-0.051289,-0.278746,-0.379918,-0.066052,-0.109951,-0.264365,-0.019504,-0.147082,-0.37977,-0.040078,-0.207033,-0.401755,-0.061571,-0.258037,-0.388695,-0.073015,-0.079636,-0.248202,-0.042844,-0.13076,-0.334832,-0.058032,-0.180413,-0.367097,-0.070256,-0.223878,-0.37615,-0.07737,C
0.0,0.0,-0.0,-0.098773,-0.010212,-0.00767,-0.187523,-0.058323,-0.019298,-0.261503,-0.066407,-0.039095,-0.319763,-0.065659,-0.059534,-0.162994,-0.242657,0.023261,-0.199608,-0.341978,-0.002433,-0.245627,-0.373066,-0.030235,-0.289514,-0.376189,-0.047841,-0.138333,-0.263712,0.006139,-0.176362,-0.382633,-0.019148,-0.23152,-0.402672,-0.046185,-0.279069,-0.382774,-0.061664,-0.109862,-0.266804,-0.017118,-0.147188,-0.380885,-0.036675,-0.207548,-0.405472,-0.058917,-0.259279,-0.393509,-0.071067,-0.079804,-0.250461,-0.042991,-0.129544,-0.337641,-0.057201,-0.17886,-0.371842,-0.069577,-0.222743,-0.381843,-0.077101,C
0.0,0.0,-0.0,-0.098881,-0.011163,-0.008072,-0.187087,-0.058361,-0.020143,-0.261208,-0.065956,-0.040325,-0.319813,-0.065566,-0.061316,-0.163451,-0.24193,0.022958,-0.200133,-0.341625,-0.002569,-0.245358,-0.372605,-0.030729,-0.289715,-0.375297,-0.048734,-0.138079,-0.263648,0.005903,-0.176937,-0.381826,-0.01943,-0.231453,-0.402191,-0.047423,-0.279876,-0.382797,-0.06387,-0.109043,-0.267383,-0.017224,-0.146594,-0.382838,-0.036838,-0.205845,-0.406679,-0.059813,-0.257642,-0.394354,-0.07277,-0.078525,-0.251662,-0.042941,-0.129349,-0.338241,-0.057324,-0.178841,-0.371598,-0.070025,-0.223021,-0.381334,-0.07799,C
0.0,0.0,-0.0,-0.099368,-0.010114,-0.002506,-0.186961,-0.056428,-0.01262,-0.260501,-0.063128,-0.032495,-0.320834,-0.062022,-0.053995,-0.163248,-0.239624,0.031407,-0.200297,-0.338558,0.00913,-0.245485,-0.369879,-0.01854,-0.290125,-0.374026,-0.037165,-0.137295,-0.261086,0.010421,-0.178343,-0.378377,-0.012329,-0.233204,-0.400867,-0.041332,-0.283453,-0.383459,-0.059529,-0.108131,-0.265254,-0.016449,-0.147134,-0.380066,-0.034381,-0.206074,-0.406004,-0.058472,-0.259239,-0.396218,-0.073142,-0.077902,-0.250381,-0.045596,-0.130134,-0.337911,-0.059691,-0.179403,-0.371299,-0.072666,-0.224476,-0.381424,-0.081526,C
0.0,0.0,-0.0,-0.09691,-0.010292,-0.010158,-0.184931,-0.057985,-0.022975,-0.258692,-0.065694,-0.043265,-0.31708,-0.064505,-0.064475,-0.159738,-0.238979,0.018672,-0.197021,-0.336364,-0.007218,-0.242058,-0.36911,-0.035323,-0.285498,-0.374155,-0.05345,-0.134716,-0.261409,0.002722,-0.174171,-0.378152,-0.022502,-0.228667,-0.400046,-0.050021,-0.277261,-0.383228,-0.066541,-0.106088,-0.265163,-0.019244,-0.143579,-0.38053,-0.039603,-0.202862,-0.406271,-0.062613,-0.254949,-0.396081,-0.075646,-0.076748,-0.248954,-0.043834,-0.129004,-0.336561,-0.059484,-0.178398,-0.370522,-0.072599,-0.222411,-0.381011,-0.080881,C
0.0,0.0,-0.0,-0.099165,-0.010846,-0.007268,-0.185852,-0.058224,-0.018734,-0.258432,-0.066842,-0.038538,-0.317077,-0.065786,-0.059236,-0.161553,-0.240094,0.026924,-0.197753,-0.336289,0.003644,-0.24401,-0.367412,-0.024603,-0.290652,-0.373367,-0.043573,-0.136903,-0.26192,0.009128,-0.176918,-0.37681,-0.014632,-0.232981,-0.399194,-0.043725,-0.28515,-0.385002,-0.061663,-0.108485,-0.266199,-0.014603,-0.144933,-0.380958,-0.032852,-0.204502,-0.40756,-0.056283,-0.259057,-0.400005,-0.070027,-0.078872,-0.250027,-0.040964,-0.13012,-0.337464,-0.054514,-0.179268,-0.37169,-0.066817,-0.224285,-0.383673,-0.074855,C
0.0,0.0,-0.0,-0.100512,-0.010505,0.000658,-0.188986,-0.060218,-0.007951,-0.263301,-0.067832,-0.027071,-0.323561,-0.065949,-0.047948,-0.164613,-0.244052,0.03424,-0.201483,-0.341684,0.012434,-0.248208,-0.372587,-0.014613,-0.293336,-0.376634,-0.032998,-0.138637,-0.265878,0.01087,-0.179439,-0.383592,-0.010704,-0.236061,-0.405464,-0.03819,-0.28658,-0.387938,-0.055607,-0.109759,-0.268669,-0.01832,-0.148276,-0.386836,-0.035944,-0.210067,-0.412835,-0.058336,-0.264356,-0.40317,-0.072001,-0.0815,-0.251488,-0.049617,-0.137014,-0.340398,-0.063757,-0.18898,-0.37242,-0.075812,-0.234954,-0.381387,-0.084059,C
0.0,0.0,-0.0,-0.104648,-0.015797,0.007534,-0.192264,-0.063916,0.001976,-0.265623,-0.070475,-0.016092,-0.325611,-0.068873,-0.036246,-0.169138,-0.248043,0.047875,-0.205882,-0.344566,0.028944,-0.252679,-0.372424,0.002084,-0.299099,-0.376575,-0.016762,-0.142909,-0.269228,0.020338,-0.184643,-0.386328,-0.000367,-0.24175,-0.40552,-0.029668,-0.292886,-0.386731,-0.048275,-0.113767,-0.271522,-0.013033,-0.153211,-0.387547,-0.02948,-0.215324,-0.411106,-0.052713,-0.269756,-0.400541,-0.06697,-0.084606,-0.25416,-0.048184,-0.138453,-0.343891,-0.060732,-0.189996,-0.375691,-0.072327,-0.23582,-0.385001,-0.080519,C
0.0,0.0,-0.0,-0.10263,-0.014309,0.0026,-0.189825,-0.062879,-0.005384,-0.263063,-0.070429,-0.024732,-0.32343,-0.070265,-0.046167,-0.164653,-0.247421,0.039265,-0.201825,-0.343537,0.01848,-0.248063,-0.372664,-0.008941,-0.293733,-0.378114,-0.027915,-0.138019,-0.268969,0.014452,-0.179694,-0.385566,-0.007136,-0.235836,-0.405612,-0.036085,-0.286559,-0.388715,-0.054524,-0.108752,-0.271543,-0.016235,-0.147867,-0.387548,-0.033913,-0.209187,-0.411899,-0.057431,-0.263528,-0.402567,-0.071797,-0.080284,-0.253751,-0.048947,-0.1346,-0.343178,-0.062619,-0.185979,-0.374656,-0.074675,-0.231936,-0.383405,-0.083063,C
0.0,0.0,-0.0,-0.103005,-0.014708,0.000212,-0.190654,-0.061906,-0.008687,-0.264054,-0.070625,-0.028228,-0.323435,-0.072395,-0.049258,-0.166892,-0.245153,0.038185,-0.204665,-0.340894,0.016535,-0.251398,-0.369549,-0.011816,-0.29868,-0.374334,-0.031307,-0.140977,-0.266674,0.015035,-0.182766,-0.382627,-0.008222,-0.239519,-0.402389,-0.038614,-0.291517,-0.385708,-0.057587,-0.111645,-0.269109,-0.014027,-0.149936,-0.385072,-0.03211,-0.211199,-0.409713,-0.05599,-0.266177,-0.40049,-0.070207,-0.082271,-0.251126,-0.045288,-0.134792,-0.339969,-0.058715,-0.185346,-0.37317,-0.070884,-0.230916,-0.384193,-0.079036,C
0.0,0.0,-0.0,-0.098538,-0.011979,-0.010153,-0.187553,-0.061641,-0.023808,-0.262191,-0.070827,-0.045204,-0.322044,-0.069705,-0.067462,-0.163598,-0.244171,0.01817,-0.201298,-0.343653,-0.009238,-0.247663,-0.373627,-0.038586,-0.292198,-0.375994,-0.057414,-0.138078,-0.265992,0.001461,-0.178861,-0.384648,-0.025927,-0.234637,-0.404343,-0.05468,-0.283759,-0.385815,-0.071589,-0.108566,-0.269027,-0.021287,-0.147251,-0.387075,-0.042532,-0.207836,-0.411372,-0.065769,-0.260688,-0.400002,-0.078808,-0.078022,-0.251824,-0.0467,-0.130592,-0.339961,-0.06225,-0.180744,-0.373698,-0.075266,-0.22498,-0.383952,-0.083443,C
0.0,0.0,-0.0,-0.102287,-0.014382,0.002734,-0.189691,-0.062765,-0.004564,-0.262736,-0.071669,-0.023182,-0.322586,-0.07261,-0.043607,-0.16634,-0.247217,0.041882,-0.203914,-0.343495,0.021959,-0.250461,-0.371481,-0.005266,-0.296336,-0.375704,-0.024129,-0.139854,-0.26895,0.017368,-0.181461,-0.385017,-0.003547,-0.237571,-0.404754,-0.032593,-0.288069,-0.387155,-0.051096,-0.110517,-0.271964,-0.013128,-0.149509,-0.38698,-0.03001,-0.210538,-0.410793,-0.053574,-0.264371,-0.400833,-0.06802,-0.081561,-0.255074,-0.045683,-0.136119,-0.344164,-0.05858,-0.187783,-0.374884,-0.070467,-0.233312,-0.383041,-0.078798,C
0.0,0.0,-0.0,-0.102458,-0.013803,-0.004286,-0.192046,-0.063499,-0.0142,-0.266262,-0.072639,-0.033501,-0.325577,-0.074457,-0.053781,-0.168713,-0.24667,0.031769,-0.207135,-0.342525,0.00889,-0.253225,-0.370547,-0.019106,-0.298701,-0.37404,-0.03781,-0.14325,-0.268983,0.011849,-0.185524,-0.384727,-0.011499,-0.241058,-0.40327,-0.040091,-0.290701,-0.384897,-0.057537,-0.113795,-0.272577,-0.014229,-0.15299,-0.387491,-0.032537,-0.213505,-0.410735,-0.055584,-0.266672,-0.399138,-0.068931,-0.083937,-0.255416,-0.042845,-0.136537,-0.343701,-0.05615,-0.187045,-0.375444,-0.068143,-0.23196,-0.383335,-0.075969,C
0.0,0.0,-0.0,-0.100704,-0.013067,-0.007105,-0.189138,-0.062754,-0.018913,-0.262589,-0.073312,-0.039301,-0.322041,-0.07439,-0.060662,-0.166136,-0.24499,0.025149,-0.203722,-0.342262,4e-06,-0.250244,-0.371796,-0.029039,-0.295956,-0.375255,-0.0482,-0.14027,-0.267531,0.00668,-0.181865,-0.383636,-0.018713,-0.23809,-0.403134,-0.047862,-0.288555,-0.385269,-0.065535,-0.110402,-0.27087,-0.017806,-0.148733,-0.3876,-0.037483,-0.209404,-0.411666,-0.060607,-0.2631,-0.400405,-0.073948,-0.079993,-0.253264,-0.044883,-0.1323,-0.340779,-0.059364,-0.182171,-0.3735,-0.071784,-0.226545,-0.382719,-0.079757,C
0.0,0.0,-0.0,-0.098625,-0.012848,-0.009078,-0.186865,-0.061918,-0.022151,-0.260388,-0.072975,-0.043387,-0.320266,-0.074011,-0.065514,-0.163004,-0.243653,0.021896,-0.200777,-0.341793,-0.004259,-0.247378,-0.372059,-0.033695,-0.293579,-0.377221,-0.053093,-0.137499,-0.266108,0.004638,-0.180095,-0.383669,-0.02214,-0.236082,-0.403544,-0.051863,-0.286989,-0.387458,-0.069629,-0.107674,-0.269846,-0.018571,-0.148373,-0.386341,-0.039311,-0.209012,-0.410784,-0.062946,-0.263364,-0.401632,-0.076319,-0.076369,-0.253065,-0.044395,-0.130114,-0.341051,-0.05934,-0.180304,-0.374106,-0.071898,-0.225137,-0.384753,-0.079833,C
0.0,0.0,-0.0,-0.102261,-0.015092,-0.003701,-0.188979,-0.063607,-0.014423,-0.262161,-0.07532,-0.034792,-0.322099,-0.080102,-0.056152,-0.165725,-0.246526,0.03457,-0.203367,-0.343364,0.011596,-0.249776,-0.372623,-0.018088,-0.298015,-0.377605,-0.038335,-0.139614,-0.267731,0.013942,-0.181823,-0.381695,-0.010934,-0.237864,-0.402192,-0.043312,-0.291019,-0.386928,-0.063524,-0.109416,-0.271145,-0.012673,-0.147497,-0.384492,-0.031187,-0.207445,-0.410273,-0.056666,-0.262958,-0.402163,-0.071935,-0.078281,-0.254559,-0.041716,-0.129884,-0.340607,-0.054654,-0.179335,-0.374933,-0.067513,-0.224582,-0.38732,-0.076224,C
0.0,0.0,-0.0,-0.100234,-0.015265,-0.006438,-0.186891,-0.06546,-0.017559,-0.259705,-0.078445,-0.037395,-0.318901,-0.082164,-0.057892,-0.163513,-0.246282,0.029151,-0.200461,-0.342511,0.004403,-0.246108,-0.373208,-0.024962,-0.292235,-0.378716,-0.044488,-0.138096,-0.26797,0.010712,-0.178183,-0.384076,-0.016429,-0.23298,-0.402832,-0.047478,-0.283769,-0.385211,-0.065629,-0.107965,-0.271524,-0.013751,-0.145784,-0.385696,-0.034361,-0.205025,-0.409783,-0.059057,-0.258617,-0.399785,-0.072715,-0.076126,-0.254931,-0.040703,-0.126409,-0.341642,-0.055047,-0.17527,-0.375927,-0.068153,-0.219583,-0.387562,-0.076393,C
0.0,0.0,0.0,0.075269,-0.049791,-0.023622,0.133606,-0.15244,-0.038252,0.132165,-0.234702,-0.053189,0.068595,-0.250296,-0.064291,0.086912,-0.291208,-0.02853,0.09129,-0.413652,-0.055042,0.087274,-0.485858,-0.07485,0.077265,-0.553662,-0.09222,0.030353,-0.288046,-0.039968,0.061541,-0.34225,-0.083934,0.078822,-0.259127,-0.101089,0.07393,-0.216142,-0.105516,-0.013457,-0.262799,-0.053438,0.034265,-0.268627,-0.097079,0.050957,-0.182866,-0.095235,0.039635,-0.161224,-0.085382,-0.046349,-0.220907,-0.069871,0.013889,-0.196797,-0.099374,0.024285,-0.137909,-0.095159,0.006301,-0.129787,-0.087643,D
0.0,0.0,0.0,0.079724,-0.053721,-0.02419,0.139099,-0.157777,-0.038834,0.131947,-0.242313,-0.054045,0.060819,-0.251885,-0.065927,0.091253,-0.288677,-0.025039,0.091337,-0.410522,-0.050814,0.085172,-0.486426,-0.071549,0.074153,-0.555558,-0.089915,0.036106,-0.282205,-0.036376,0.062006,-0.339662,-0.081145,0.079281,-0.258739,-0.100722,0.075636,-0.211245,-0.10638,-0.008759,-0.256744,-0.049915,0.032929,-0.271572,-0.09424,0.0522,-0.186091,-0.093946,0.044753,-0.156821,-0.084172,-0.043077,-0.215456,-0.066386,0.014455,-0.201262,-0.095702,0.0282,-0.142133,-0.091585,0.014948,-0.127542,-0.083784,D
0.0,0.0,0.0,0.083787,-0.056756,-0.021116,0.143528,-0.166661,-0.034087,0.136109,-0.252379,-0.048129,0.060634,-0.255881,-0.058744,0.093833,-0.292778,-0.022286,0.095651,-0.415552,-0.046862,0.088746,-0.490037,-0.06743,0.075926,-0.559774,-0.085938,0.03934,-0.285669,-0.035047,0.066254,-0.344936,-0.078153,0.082075,-0.262367,-0.09784,0.076279,-0.214368,-0.104038,-0.005109,-0.25961,-0.049594,0.037233,-0.275889,-0.091026,0.056935,-0.190236,-0.090175,0.049421,-0.160059,-0.080802,-0.038728,-0.217805,-0.067029,0.018155,-0.206492,-0.093312,0.031762,-0.147926,-0.088144,0.018482,-0.131949,-0.08039,D
0.0,0.0,0.0,0.083934,-0.058447,-0.020039,0.142396,-0.167981,-0.031512,0.134888,-0.251169,-0.044047,0.061111,-0.254545,-0.052797,0.095628,-0.301491,-0.020876,0.096513,-0.423266,-0.044362,0.088199,-0.49679,-0.063838,0.074558,-0.564561,-0.08148,0.039447,-0.294637,-0.033619,0.065156,-0.352631,-0.072879,0.082375,-0.270914,-0.090779,0.078183,-0.224162,-0.09712,-0.005736,-0.267375,-0.048332,0.035033,-0.278569,-0.087545,0.055119,-0.193631,-0.088121,0.048169,-0.166531,-0.080849,-0.039231,-0.222864,-0.065907,0.018551,-0.204325,-0.09099,0.031763,-0.147232,-0.087362,0.017297,-0.134438,-0.081457,D
0.0,0.0,0.0,0.083122,-0.057495,-0.023027,0.140763,-0.163407,-0.037086,0.132428,-0.247645,-0.052088,0.05975,-0.254618,-0.063695,0.091406,-0.293544,-0.021263,0.090645,-0.414095,-0.046475,0.083669,-0.489477,-0.067825,0.071413,-0.558208,-0.086705,0.036963,-0.285929,-0.033109,0.061538,-0.340283,-0.076511,0.078616,-0.259248,-0.096651,0.075528,-0.213032,-0.103134,-0.007849,-0.259178,-0.047217,0.032096,-0.273823,-0.089833,0.052411,-0.188961,-0.089406,0.046177,-0.159244,-0.079913,-0.042549,-0.216352,-0.064282,0.014084,-0.205789,-0.091806,0.028757,-0.147281,-0.08665,0.016859,-0.131343,-0.07832,D
0.0,0.0,0.0,0.084724,-0.055636,-0.022511,0.143152,-0.160523,-0.036395,0.13651,-0.245309,-0.051387,0.063173,-0.254499,-0.062976,0.095136,-0.289662,-0.022395,0.095956,-0.410453,-0.047849,0.089852,-0.485696,-0.068785,0.079134,-0.554769,-0.087368,0.040968,-0.282691,-0.034558,0.066196,-0.344329,-0.079728,0.083379,-0.264502,-0.100311,0.07909,-0.213583,-0.106561,-0.003927,-0.257748,-0.048784,0.0377,-0.275728,-0.092431,0.05885,-0.189581,-0.091789,0.05171,-0.155524,-0.081623,-0.038282,-0.217555,-0.065962,0.019627,-0.20585,-0.094345,0.035002,-0.146374,-0.089941,0.022961,-0.128285,-0.081929,D
0.0,0.0,0.0,0.083087,-0.05725,-0.022616,0.140425,-0.163229,-0.035011,0.131618,-0.247028,-0.047555,0.059052,-0.255201,-0.056662,0.089025,-0.286843,-0.024103,0.090112,-0.40955,-0.048088,0.084435,-0.484353,-0.067406,0.074669,-0.55583,-0.085044,0.035034,-0.280587,-0.03534,0.062988,-0.341957,-0.076255,0.079737,-0.257906,-0.093693,0.074685,-0.210035,-0.098731,-0.008906,-0.255583,-0.048503,0.034786,-0.274377,-0.08945,0.054772,-0.186646,-0.08778,0.046548,-0.15763,-0.077863,-0.042741,-0.214501,-0.064505,0.015284,-0.206301,-0.091002,0.030937,-0.145156,-0.085229,0.016925,-0.128045,-0.076831,D
0.0,0.0,0.0,0.082391,-0.061,-0.020343,0.141209,-0.16931,-0.032799,0.131911,-0.252152,-0.046187,0.057589,-0.255355,-0.055877,0.089605,-0.301244,-0.02029,0.088652,-0.421481,-0.043356,0.081887,-0.495125,-0.063019,0.070215,-0.564995,-0.081218,0.033395,-0.294675,-0.032869,0.063276,-0.347573,-0.072432,0.080948,-0.264738,-0.090404,0.075999,-0.221204,-0.096596,-0.010782,-0.266771,-0.04734,0.03598,-0.275243,-0.086264,0.054601,-0.19105,-0.085512,0.044397,-0.168721,-0.077397,-0.043436,-0.222404,-0.064697,0.017633,-0.203083,-0.08945,0.028398,-0.146212,-0.084352,0.010596,-0.137231,-0.077291,D
0.0,0.0,0.0,0.083525,-0.058846,-0.022238,0.141795,-0.167814,-0.034916,0.133945,-0.250303,-0.048243,0.05955,-0.253154,-0.057702,0.090637,-0.296284,-0.022161,0.090743,-0.417546,-0.046699,0.082762,-0.491065,-0.066949,0.069465,-0.559036,-0.085018,0.035238,-0.289041,-0.033991,0.063083,-0.347222,-0.075144,0.08067,-0.264751,-0.093581,0.076266,-0.216664,-0.099501,-0.009019,-0.261784,-0.047996,0.035755,-0.274496,-0.088233,0.05521,-0.190542,-0.087711,0.046616,-0.163841,-0.079158,-0.042089,-0.218185,-0.065078,0.018339,-0.201535,-0.090762,0.031369,-0.144725,-0.086187,0.016016,-0.132544,-0.079209,D
0.0,0.0,0.0,0.080799,-0.055439,-0.022396,0.137966,-0.161192,-0.036051,0.131959,-0.244971,-0.05065,0.062525,-0.250383,-0.061849,0.088793,-0.294523,-0.024106,0.087245,-0.41579,-0.04934,0.079068,-0.489753,-0.069673,0.066359,-0.556376,-0.087649,0.033631,-0.28729,-0.035845,0.059336,-0.345174,-0.078608,0.076373,-0.264839,-0.097387,0.07253,-0.216653,-0.103208,-0.010881,-0.260271,-0.049535,0.029794,-0.272216,-0.091221,0.049929,-0.188048,-0.090445,0.043586,-0.157593,-0.081246,-0.044591,-0.21752,-0.066177,0.011514,-0.202735,-0.093122,0.025471,-0.145386,-0.088739,0.013083,-0.129909,-0.081408,D
0.0,0.0,0.0,0.08254,-0.058773,-0.022339,0.14064,-0.168002,-0.036045,0.13271,-0.251323,-0.050381,0.058587,-0.255129,-0.061034,0.087719,-0.298024,-0.023571,0.086504,-0.418708,-0.04842,0.079238,-0.49306,-0.069046,0.066592,-0.56255,-0.087597,0.032015,-0.290844,-0.035526,0.061511,-0.34499,-0.077182,0.079728,-0.261954,-0.095798,0.075139,-0.216365,-0.10194,-0.0119,-0.263645,-0.049504,0.035095,-0.27308,-0.090148,0.053684,-0.188875,-0.089111,0.043788,-0.164762,-0.080293,-0.044567,-0.220034,-0.066515,0.017441,-0.20124,-0.092518,0.028675,-0.144061,-0.08734,0.01099,-0.13381,-0.079886,D
0.0,0.0,0.0,0.083155,-0.059722,-0.022012,0.141601,-0.1682,-0.035283,0.134718,-0.253119,-0.049472,0.060412,-0.257576,-0.059678,0.089317,-0.302053,-0.019494,0.087963,-0.422718,-0.044043,0.080434,-0.49734,-0.06502,0.066732,-0.566163,-0.083775,0.033878,-0.2953,-0.031572,0.0615,-0.346469,-0.07367,0.079941,-0.263852,-0.093506,0.076386,-0.219866,-0.100185,-0.01005,-0.26801,-0.04586,0.033819,-0.275249,-0.087079,0.054086,-0.190445,-0.087133,0.046466,-0.165149,-0.078617,-0.043049,-0.223476,-0.063161,0.017081,-0.204392,-0.089721,0.029868,-0.145548,-0.08516,0.015148,-0.132828,-0.077694,D
0.0,0.0,0.0,0.082072,-0.060558,-0.021649,0.138749,-0.167844,-0.034063,0.131251,-0.250166,-0.047215,0.05867,-0.252926,-0.056753,0.086497,-0.301953,-0.0198,0.085178,-0.423271,-0.04241,0.077848,-0.49756,-0.061825,0.065863,-0.566698,-0.079714,0.030916,-0.29472,-0.031267,0.059078,-0.345443,-0.069965,0.077447,-0.261494,-0.087506,0.073786,-0.217098,-0.0934,-0.013229,-0.265999,-0.044822,0.03172,-0.275811,-0.083802,0.051516,-0.191565,-0.083537,0.042955,-0.166643,-0.075517,-0.046372,-0.220273,-0.061257,0.013478,-0.204261,-0.086527,0.027549,-0.14648,-0.081765,0.01287,-0.133394,-0.074583,D
0.0,0.0,0.0,0.084536,-0.061897,-0.023855,0.141137,-0.167675,-0.03839,0.13418,-0.249319,-0.053645,0.060317,-0.252739,-0.06496,0.088721,-0.297731,-0.021213,0.086271,-0.418657,-0.046914,0.07813,-0.493876,-0.068285,0.065386,-0.564765,-0.087406,0.033612,-0.290531,-0.032817,0.058049,-0.345737,-0.077008,0.07513,-0.260241,-0.096823,0.071788,-0.213033,-0.102725,-0.011,-0.262938,-0.046821,0.029759,-0.273034,-0.089208,0.050904,-0.186152,-0.087953,0.044185,-0.158944,-0.077836,-0.044847,-0.218852,-0.064026,0.012656,-0.202956,-0.090527,0.027419,-0.144527,-0.084969,0.014376,-0.132032,-0.07645,D
0.0,0.0,0.0,0.084772,-0.059609,-0.02151,0.142612,-0.169171,-0.035094,0.135207,-0.252065,-0.049596,0.05989,-0.254006,-0.060264,0.089624,-0.299149,-0.022039,0.087627,-0.419875,-0.046311,0.079484,-0.494832,-0.066688,0.066329,-0.564264,-0.085276,0.033706,-0.292246,-0.0343,0.058993,-0.345941,-0.076521,0.077047,-0.262355,-0.09542,0.073641,-0.21508,-0.101479,-0.010457,-0.264778,-0.048416,0.032576,-0.273914,-0.088381,0.053264,-0.191075,-0.087162,0.04568,-0.164952,-0.078302,-0.042895,-0.220113,-0.065629,0.016817,-0.201036,-0.091011,0.029674,-0.144641,-0.086065,0.015019,-0.132993,-0.078762,D
0.0,0.0,0.0,0.08326,-0.060114,-0.021806,0.138858,-0.166609,-0.034215,0.130787,-0.247513,-0.046883,0.060181,-0.251837,-0.05571,0.084913,-0.302017,-0.022336,0.08297,-0.422263,-0.045128,0.076125,-0.497263,-0.063843,0.065705,-0.567742,-0.081315,0.028675,-0.295584,-0.033688,0.05706,-0.342412,-0.07118,0.075455,-0.258291,-0.086825,0.072556,-0.215132,-0.091974,-0.015156,-0.266792,-0.047196,0.030424,-0.272736,-0.085599,0.048919,-0.190084,-0.084646,0.039951,-0.168113,-0.076709,-0.047815,-0.220258,-0.063623,0.013632,-0.200013,-0.088983,0.025748,-0.143281,-0.084294,0.009231,-0.132989,-0.077359,D
0.0,0.0,0.0,0.075207,-0.05298,-0.02498,0.129041,-0.158078,-0.039057,0.122945,-0.237223,-0.052531,0.059071,-0.241722,-0.062632,0.078571,-0.290115,-0.028824,0.078243,-0.40995,-0.053496,0.073666,-0.486961,-0.072353,0.064867,-0.557893,-0.089771,0.022988,-0.284678,-0.038863,0.04926,-0.335394,-0.079824,0.067537,-0.251442,-0.095331,0.063954,-0.207029,-0.09919,-0.021125,-0.257439,-0.050999,0.021898,-0.266237,-0.092555,0.040983,-0.183839,-0.090736,0.030947,-0.161647,-0.081249,-0.054992,-0.212868,-0.066108,0.004231,-0.197618,-0.094794,0.018285,-0.139709,-0.090328,0.001471,-0.127799,-0.082627,D
0.0,0.0,0.0,0.084105,-0.054405,-0.021573,0.14375,-0.162369,-0.03531,0.137419,-0.24847,-0.050228,0.064289,-0.255217,-0.061479,0.095322,-0.298715,-0.022853,0.093277,-0.420209,-0.047482,0.086181,-0.495667,-0.067613,0.073812,-0.563133,-0.085808,0.039101,-0.29262,-0.035451,0.063783,-0.350579,-0.079136,0.081195,-0.268345,-0.098319,0.076607,-0.218892,-0.104048,-0.006056,-0.265701,-0.04989,0.033793,-0.276919,-0.092087,0.054527,-0.19151,-0.091329,0.047655,-0.161222,-0.082026,-0.039149,-0.221292,-0.067262,0.017851,-0.204174,-0.094769,0.031278,-0.145825,-0.090778,0.018153,-0.131172,-0.083672,D
0.0,0.0,0.0,0.085828,-0.059626,-0.02257,0.146255,-0.16749,-0.036244,0.136167,-0.251401,-0.050245,0.060968,-0.256789,-0.060136,0.09336,-0.297028,-0.024819,0.091273,-0.419055,-0.049811,0.083649,-0.493717,-0.070292,0.071801,-0.565248,-0.089174,0.036145,-0.290716,-0.037245,0.062364,-0.348127,-0.081075,0.079303,-0.262202,-0.100186,0.074066,-0.214593,-0.10612,-0.008748,-0.263973,-0.051581,0.035221,-0.277251,-0.093489,0.0551,-0.188889,-0.091314,0.045954,-0.162747,-0.081311,-0.040954,-0.219875,-0.069065,0.019542,-0.202746,-0.096081,0.032902,-0.14263,-0.090671,0.017052,-0.131675,-0.082749,D
0.0,0.0,0.0,0.087393,-0.0585,-0.022188,0.14563,-0.16802,-0.034568,0.135652,-0.251561,-0.047391,0.060514,-0.253318,-0.056492,0.093358,-0.298776,-0.022102,0.092326,-0.419218,-0.045477,0.085074,-0.493934,-0.065113,0.073207,-0.562768,-0.08311,0.037441,-0.291333,-0.033735,0.06209,-0.348836,-0.074212,0.079846,-0.265669,-0.09245,0.075793,-0.215629,-0.098335,-0.007634,-0.263349,-0.047325,0.033077,-0.276099,-0.086847,0.054836,-0.191748,-0.086431,0.048249,-0.162017,-0.077947,-0.040963,-0.217982,-0.063945,0.017225,-0.204359,-0.089162,0.033003,-0.146114,-0.084594,0.020316,-0.129865,-0.077554,D
0.0,0.0,0.0,0.085919,-0.062413,-0.021952,0.142695,-0.170011,-0.035381,0.133013,-0.252584,-0.049397,0.059284,-0.258209,-0.059441,0.088613,-0.297248,-0.02203,0.087154,-0.419129,-0.046558,0.080299,-0.494833,-0.067015,0.069674,-0.567727,-0.085964,0.032531,-0.292143,-0.034362,0.062503,-0.347051,-0.077284,0.078732,-0.26164,-0.096276,0.072758,-0.216944,-0.102282,-0.01161,-0.265998,-0.048657,0.036315,-0.276983,-0.089897,0.05404,-0.188823,-0.087447,0.042647,-0.164757,-0.077306,-0.044219,-0.222746,-0.066031,0.018195,-0.204849,-0.092064,0.030845,-0.144592,-0.08579,0.01376,-0.133746,-0.077255,D
0.0,0.0,0.0,0.088001,-0.058718,-0.021211,0.147866,-0.17108,-0.034158,0.136755,-0.25751,-0.047969,0.058367,-0.259163,-0.058034,0.094495,-0.299604,-0.021942,0.093448,-0.421409,-0.045657,0.085518,-0.497379,-0.065795,0.07261,-0.568131,-0.084449,0.037859,-0.292406,-0.034538,0.062618,-0.351952,-0.077302,0.080313,-0.26885,-0.09689,0.07569,-0.218865,-0.103246,-0.007128,-0.265131,-0.048841,0.035143,-0.280029,-0.089514,0.05626,-0.195224,-0.088549,0.048523,-0.165256,-0.079493,-0.039669,-0.220886,-0.066169,0.021024,-0.205332,-0.092355,0.035038,-0.146176,-0.087715,0.0212,-0.130528,-0.080515,D
0.0,0.0,0.0,0.085506,-0.060711,-0.022087,0.14381,-0.169206,-0.034593,0.135396,-0.253489,-0.047455,0.061373,-0.258493,-0.056598,0.091397,-0.298874,-0.021953,0.089794,-0.419942,-0.045503,0.082071,-0.495234,-0.06539,0.069911,-0.56678,-0.083767,0.036207,-0.292048,-0.033648,0.061168,-0.34841,-0.074039,0.078066,-0.263586,-0.092061,0.073892,-0.216727,-0.0979,-0.008752,-0.264713,-0.047328,0.032931,-0.278724,-0.087338,0.053431,-0.191907,-0.085938,0.045861,-0.164163,-0.07673,-0.042793,-0.21986,-0.063933,0.015657,-0.207835,-0.090058,0.031353,-0.147801,-0.084638,0.018094,-0.132457,-0.076679,D
0.0,0.0,0.0,0.086037,-0.059093,-0.023258,0.145202,-0.167264,-0.036898,0.136241,-0.252893,-0.051179,0.06142,-0.258206,-0.061829,0.092773,-0.29936,-0.021855,0.090611,-0.421952,-0.046155,0.082366,-0.497891,-0.066647,0.069547,-0.569273,-0.085276,0.036977,-0.292585,-0.033237,0.060215,-0.350788,-0.075725,0.07761,-0.265367,-0.095004,0.073951,-0.216852,-0.100936,-0.008307,-0.265113,-0.046671,0.030811,-0.280232,-0.08799,0.053087,-0.192738,-0.087166,0.04709,-0.162423,-0.07768,-0.042261,-0.220378,-0.063153,0.014102,-0.208828,-0.089779,0.030877,-0.149339,-0.084868,0.019619,-0.133655,-0.076941,D
0.0,0.0,0.0,0.085623,-0.061557,-0.022719,0.144151,-0.170297,-0.036349,0.133515,-0.254217,-0.050469,0.058559,-0.256966,-0.060755,0.090167,-0.302598,-0.022397,0.088307,-0.422404,-0.046877,0.080849,-0.496954,-0.067206,0.068795,-0.567368,-0.085713,0.033429,-0.295533,-0.034346,0.060107,-0.348059,-0.076003,0.077847,-0.263075,-0.094529,0.074283,-0.217809,-0.100431,-0.011514,-0.267682,-0.048416,0.031847,-0.27525,-0.089405,0.052295,-0.188118,-0.088213,0.044741,-0.162415,-0.078884,-0.044879,-0.221934,-0.065526,0.01562,-0.204909,-0.0913,0.029317,-0.145278,-0.085534,0.014385,-0.133054,-0.077375,D
0.0,0.0,-0.0,-0.050752,-0.085367,-0.033775,-0.087962,-0.186747,-0.065288,-0.079675,-0.277768,-0.100753,-0.021736,-0.297978,-0.13364,-0.04016,-0.348265,-0.013316,-0.044289,-0.470517,-0.057019,-0.051574,-0.550196,-0.08057,-0.050854,-0.616261,-0.09717,0.013814,-0.334903,-0.021187,-0.017486,-0.41396,-0.07439,-0.047315,-0.317978,-0.078469,-0.041708,-0.265095,-0.067425,0.056409,-0.293946,-0.037513,0.017769,-0.348157,-0.086914,-0.018835,-0.263964,-0.071479,-0.009773,-0.222805,-0.048659,0.084919,-0.2377,-0.0585,0.0306,-0.26448,-0.08885,0.00078,-0.212134,-0.082166,0.009848,-0.182403,-0.069913,D
0.0,0.0,-0.0,-0.051824,-0.0859,-0.032797,-0.088248,-0.187374,-0.063689,-0.080731,-0.277667,-0.098587,-0.022882,-0.297612,-0.131206,-0.041208,-0.345412,-0.012493,-0.047947,-0.468934,-0.055909,-0.055019,-0.550092,-0.079663,-0.053888,-0.616888,-0.096548,0.012408,-0.332796,-0.02062,-0.019863,-0.413315,-0.073347,-0.048593,-0.31882,-0.078074,-0.042547,-0.265404,-0.067678,0.054801,-0.292226,-0.03704,0.016119,-0.348605,-0.085963,-0.019576,-0.265571,-0.07113,-0.009725,-0.224202,-0.048955,0.083335,-0.23581,-0.057978,0.029082,-0.263716,-0.088474,-0.000392,-0.210849,-0.082083,0.009353,-0.180396,-0.070121,D
0.0,0.0,-0.0,-0.052239,-0.083726,-0.033784,-0.090258,-0.186282,-0.062875,-0.080426,-0.275987,-0.095021,-0.021225,-0.299632,-0.124532,-0.044456,-0.341982,-0.013836,-0.04948,-0.464639,-0.056222,-0.056845,-0.544329,-0.080391,-0.057006,-0.610982,-0.097989,0.008281,-0.329278,-0.021259,-0.023412,-0.411489,-0.0748,-0.051098,-0.319188,-0.081515,-0.046254,-0.263045,-0.072854,0.051016,-0.289442,-0.036728,0.016608,-0.350109,-0.08709,-0.018867,-0.269657,-0.072991,-0.012025,-0.225932,-0.051053,0.08152,-0.232589,-0.056733,0.030519,-0.263859,-0.089517,-0.001296,-0.212054,-0.083514,0.003599,-0.179168,-0.071423,D
0.0,0.0,-0.0,-0.051852,-0.08001,-0.033336,-0.090086,-0.183492,-0.062063,-0.08219,-0.273325,-0.093918,-0.02375,-0.295795,-0.123444,-0.043737,-0.339006,-0.012861,-0.050506,-0.460522,-0.053873,-0.058154,-0.540568,-0.076599,-0.058075,-0.606934,-0.093302,0.009132,-0.326804,-0.020515,-0.024117,-0.409294,-0.073614,-0.052354,-0.318634,-0.08002,-0.04704,-0.262769,-0.070825,0.051749,-0.287714,-0.036133,0.012783,-0.349349,-0.086951,-0.022085,-0.268071,-0.074005,-0.013438,-0.223737,-0.052641,0.082418,-0.231914,-0.056081,0.025434,-0.26291,-0.090145,-0.004895,-0.207949,-0.085315,0.002502,-0.173248,-0.073849,D
0.0,0.0,-0.0,-0.053084,-0.08164,-0.033229,-0.091723,-0.18467,-0.061712,-0.082985,-0.273354,-0.093323,-0.024473,-0.298578,-0.122495,-0.045894,-0.341017,-0.012832,-0.053453,-0.460487,-0.054885,-0.061027,-0.539343,-0.079089,-0.061411,-0.606089,-0.096952,0.007364,-0.329083,-0.020612,-0.027007,-0.408455,-0.073704,-0.054138,-0.315334,-0.080394,-0.048185,-0.259953,-0.071999,0.050195,-0.289872,-0.0365,0.012081,-0.349412,-0.086894,-0.022956,-0.267747,-0.072934,-0.015107,-0.224355,-0.051298,0.080538,-0.233409,-0.056876,0.026228,-0.263527,-0.090071,-0.005446,-0.210455,-0.084279,-9.7e-05,-0.177205,-0.072458,D
0.0,0.0,-0.0,-0.053161,-0.082134,-0.033103,-0.092092,-0.184794,-0.062032,-0.082853,-0.275656,-0.094252,-0.024767,-0.301733,-0.123922,-0.046984,-0.344108,-0.012378,-0.05382,-0.463278,-0.054073,-0.060968,-0.541844,-0.077212,-0.06079,-0.608073,-0.094052,0.006723,-0.333394,-0.019718,-0.026891,-0.410732,-0.071691,-0.054269,-0.314817,-0.076521,-0.048117,-0.260909,-0.066507,0.049878,-0.294895,-0.035178,0.011313,-0.348929,-0.084052,-0.023094,-0.265298,-0.069211,-0.014721,-0.223734,-0.04703,0.079554,-0.23938,-0.055178,0.024251,-0.263938,-0.086445,-0.005,-0.210558,-0.080357,0.002933,-0.179907,-0.068421,D
0.0,0.0,-0.0,-0.052224,-0.08053,-0.033558,-0.091015,-0.181504,-0.062751,-0.083084,-0.2708,-0.095044,-0.025028,-0.29479,-0.124932,-0.045174,-0.336035,-0.013743,-0.051675,-0.458375,-0.055332,-0.059509,-0.537958,-0.078365,-0.059484,-0.603952,-0.095096,0.006877,-0.323366,-0.021301,-0.025679,-0.407067,-0.075001,-0.053806,-0.316401,-0.081608,-0.048457,-0.260254,-0.072476,0.04925,-0.28382,-0.036838,0.012015,-0.346386,-0.08832,-0.023042,-0.265013,-0.075079,-0.014692,-0.220421,-0.053165,0.080603,-0.227453,-0.056676,0.027468,-0.262009,-0.090504,-0.004482,-0.208571,-0.084865,0.000656,-0.174091,-0.07271,D
0.0,0.0,-0.0,-0.052574,-0.08181,-0.034608,-0.090878,-0.185238,-0.06436,-0.08222,-0.275542,-0.096999,-0.022951,-0.297125,-0.127014,-0.043468,-0.342871,-0.015482,-0.049584,-0.466848,-0.057622,-0.058505,-0.547173,-0.081006,-0.058868,-0.613848,-0.098265,0.010492,-0.329408,-0.023005,-0.022685,-0.413638,-0.07689,-0.052337,-0.322467,-0.083526,-0.04698,-0.26621,-0.074766,0.053451,-0.288575,-0.038533,0.013726,-0.351095,-0.09012,-0.022347,-0.270267,-0.07711,-0.013226,-0.22624,-0.055893,0.083867,-0.231442,-0.058496,0.027204,-0.264278,-0.093121,-0.004438,-0.210633,-0.088368,0.002631,-0.176027,-0.077104,D
0.0,0.0,-0.0,-0.052714,-0.083144,-0.033447,-0.091979,-0.185768,-0.062108,-0.082711,-0.275286,-0.093982,-0.024575,-0.299993,-0.123237,-0.045401,-0.344062,-0.013292,-0.052335,-0.466173,-0.055262,-0.060402,-0.545396,-0.079187,-0.060572,-0.611957,-0.096724,0.007985,-0.331869,-0.021004,-0.024875,-0.411871,-0.07407,-0.053,-0.319173,-0.080457,-0.047743,-0.263901,-0.071803,0.050883,-0.291794,-0.036785,0.014747,-0.350679,-0.087272,-0.021404,-0.269686,-0.073011,-0.014728,-0.22616,-0.051004,0.08105,-0.234393,-0.057089,0.029503,-0.264943,-0.08986,-0.003433,-0.213793,-0.083605,0.000346,-0.181158,-0.071376,D
0.0,0.0,-0.0,-0.052223,-0.085724,-0.034114,-0.090099,-0.187154,-0.064318,-0.081808,-0.27686,-0.098042,-0.023396,-0.300752,-0.129238,-0.04457,-0.346021,-0.012601,-0.051164,-0.468922,-0.055757,-0.059043,-0.54922,-0.079801,-0.059106,-0.615566,-0.096867,0.008723,-0.334142,-0.019886,-0.020899,-0.413966,-0.073807,-0.049663,-0.319364,-0.079793,-0.044947,-0.264904,-0.069976,0.052007,-0.294992,-0.03544,0.016441,-0.352388,-0.086249,-0.020163,-0.268254,-0.071841,-0.012763,-0.225188,-0.049263,0.081838,-0.238955,-0.055536,0.028062,-0.265456,-0.087968,-0.002061,-0.211039,-0.081841,0.006242,-0.179138,-0.069484,D
0.0,0.0,-0.0,-0.051176,-0.083983,-0.033907,-0.089307,-0.186145,-0.063604,-0.080138,-0.275522,-0.09662,-0.021215,-0.298183,-0.127159,-0.042239,-0.342429,-0.013396,-0.048725,-0.465994,-0.055632,-0.057019,-0.545834,-0.07899,-0.057224,-0.611915,-0.0958,0.010762,-0.329347,-0.021188,-0.019486,-0.412198,-0.075145,-0.048726,-0.320873,-0.081853,-0.044302,-0.265442,-0.072737,0.053616,-0.289297,-0.037081,0.017146,-0.350042,-0.088879,-0.018999,-0.268767,-0.075599,-0.011244,-0.224903,-0.053618,0.084297,-0.232815,-0.05736,0.030708,-0.265191,-0.090987,-0.001355,-0.21166,-0.08518,0.00417,-0.177456,-0.07294,D
0.0,0.0,-0.0,-0.05207,-0.082595,-0.033445,-0.091529,-0.185847,-0.063167,-0.083311,-0.276342,-0.096328,-0.024405,-0.299289,-0.126996,-0.04424,-0.343738,-0.013996,-0.051117,-0.468513,-0.056587,-0.060145,-0.548502,-0.079937,-0.060309,-0.614815,-0.096833,0.008812,-0.331262,-0.022331,-0.022069,-0.415618,-0.076458,-0.051922,-0.323046,-0.08237,-0.046328,-0.267784,-0.072642,0.051901,-0.291179,-0.038761,0.01326,-0.351704,-0.090616,-0.02314,-0.269121,-0.076271,-0.013672,-0.226278,-0.053606,0.083061,-0.234274,-0.059596,0.029026,-0.267788,-0.093082,-0.003115,-0.213903,-0.08646,0.003604,-0.180499,-0.073735,D
0.0,0.0,-0.0,-0.052561,-0.083626,-0.035139,-0.091217,-0.185545,-0.065202,-0.082415,-0.275327,-0.0983,-0.023105,-0.298136,-0.128663,-0.044847,-0.343368,-0.01458,-0.051139,-0.46658,-0.057737,-0.059715,-0.546848,-0.082082,-0.060459,-0.613878,-0.099711,0.008734,-0.33075,-0.02184,-0.023459,-0.411662,-0.07653,-0.051569,-0.319279,-0.083445,-0.046319,-0.264226,-0.074588,0.052076,-0.291024,-0.037409,0.015078,-0.34847,-0.088932,-0.020235,-0.267348,-0.075223,-0.012325,-0.224528,-0.053245,0.083161,-0.234566,-0.057698,0.029897,-0.262814,-0.091108,-0.002544,-0.210128,-0.085486,0.002445,-0.17751,-0.073543,D
0.0,0.0,-0.0,-0.052275,-0.085949,-0.033626,-0.09155,-0.188991,-0.062838,-0.082491,-0.278386,-0.095451,-0.023365,-0.299979,-0.125517,-0.043364,-0.345258,-0.013472,-0.050327,-0.470499,-0.05622,-0.059343,-0.550168,-0.080507,-0.059518,-0.61663,-0.098154,0.009807,-0.332037,-0.021748,-0.020696,-0.416414,-0.076801,-0.050693,-0.32468,-0.08445,-0.046686,-0.268047,-0.075981,0.052765,-0.291698,-0.038104,0.015719,-0.352945,-0.090692,-0.021194,-0.271643,-0.077372,-0.014051,-0.226895,-0.055133,0.083564,-0.234348,-0.058899,0.0316,-0.269401,-0.092792,-0.002048,-0.217232,-0.086528,0.001648,-0.182422,-0.073898,D
0.0,0.0,-0.0,-0.051519,-0.087291,-0.034058,-0.090094,-0.188365,-0.064665,-0.081529,-0.278632,-0.09909,-0.023783,-0.305018,-0.131178,-0.04539,-0.346641,-0.012836,-0.051289,-0.470874,-0.056479,-0.059635,-0.552131,-0.081047,-0.059245,-0.619327,-0.098423,0.008093,-0.333629,-0.020691,-0.019915,-0.416043,-0.075936,-0.050745,-0.320761,-0.08239,-0.047678,-0.263693,-0.072549,0.051712,-0.293644,-0.036871,0.018143,-0.355208,-0.088908,-0.020409,-0.270437,-0.07412,-0.015406,-0.223844,-0.050692,0.082249,-0.237073,-0.057558,0.032304,-0.271285,-0.090502,-0.000306,-0.21854,-0.083553,0.004382,-0.184112,-0.070287,D
0.0,0.0,-0.0,-0.051879,-0.085288,-0.034535,-0.090891,-0.1878,-0.064749,-0.081718,-0.277869,-0.098388,-0.022585,-0.300961,-0.1295,-0.044329,-0.345389,-0.013745,-0.050788,-0.470479,-0.056798,-0.059473,-0.55105,-0.080675,-0.05967,-0.617501,-0.097697,0.008998,-0.332438,-0.021594,-0.020884,-0.416756,-0.076923,-0.050761,-0.324027,-0.08419,-0.046767,-0.266961,-0.074996,0.052345,-0.292391,-0.03763,0.016077,-0.352764,-0.090655,-0.020748,-0.27041,-0.077677,-0.013663,-0.225185,-0.055387,0.083549,-0.235806,-0.058093,0.030881,-0.268353,-0.092218,-0.001848,-0.214919,-0.086464,0.002966,-0.180043,-0.074032,D
0.0,0.0,-0.0,-0.051598,-0.08613,-0.034032,-0.091086,-0.188348,-0.06429,-0.082087,-0.279105,-0.098257,-0.022866,-0.300986,-0.129707,-0.044237,-0.347916,-0.01258,-0.050202,-0.473969,-0.055383,-0.059481,-0.554295,-0.079044,-0.060143,-0.620767,-0.095919,0.008508,-0.334433,-0.020431,-0.02093,-0.418565,-0.075504,-0.049577,-0.324494,-0.082718,-0.045115,-0.267487,-0.073502,0.051673,-0.294438,-0.036437,0.01443,-0.354709,-0.089582,-0.021422,-0.270068,-0.076797,-0.013907,-0.223771,-0.054523,0.082782,-0.237958,-0.056788,0.029899,-0.270707,-0.091128,-0.001837,-0.215295,-0.085585,0.003472,-0.179054,-0.073221,D
0.0,0.0,-0.0,-0.052323,-0.084444,-0.034314,-0.091928,-0.185815,-0.064463,-0.083078,-0.276731,-0.098304,-0.025575,-0.303174,-0.129775,-0.047705,-0.345424,-0.013208,-0.053785,-0.47039,-0.055998,-0.062051,-0.552141,-0.079873,-0.061616,-0.619614,-0.096769,0.005464,-0.332254,-0.02084,-0.022393,-0.414833,-0.07549,-0.052829,-0.320586,-0.081622,-0.049423,-0.264103,-0.071607,0.049309,-0.292391,-0.036691,0.017071,-0.354133,-0.088791,-0.021623,-0.26961,-0.074028,-0.017248,-0.222982,-0.050466,0.081222,-0.235624,-0.057029,0.033348,-0.271609,-0.090042,-0.000596,-0.219359,-0.082773,0.00217,-0.184502,-0.069184,D
0.0,0.0,-0.0,-0.053573,-0.083043,-0.034576,-0.094172,-0.185774,-0.063844,-0.083715,-0.275984,-0.096152,-0.024711,-0.302607,-0.125843,-0.049169,-0.347344,-0.014166,-0.055806,-0.470768,-0.056778,-0.062959,-0.550778,-0.081083,-0.062477,-0.618056,-0.098746,0.004635,-0.335162,-0.021417,-0.026275,-0.414176,-0.075581,-0.053968,-0.319172,-0.082101,-0.049222,-0.263437,-0.073073,0.048614,-0.295606,-0.036826,0.014089,-0.353119,-0.088224,-0.02182,-0.269365,-0.073348,-0.016011,-0.225419,-0.050505,0.080106,-0.238171,-0.056847,0.029026,-0.266548,-0.090257,-0.002915,-0.212598,-0.083508,0.001467,-0.179695,-0.070579,D
0.0,0.0,-0.0,-0.0527,-0.083325,-0.034931,-0.092476,-0.185629,-0.065277,-0.082927,-0.275927,-0.098772,-0.023374,-0.298173,-0.129625,-0.045335,-0.344282,-0.014759,-0.05185,-0.468347,-0.057662,-0.060896,-0.548102,-0.081144,-0.061102,-0.614627,-0.098112,0.008445,-0.331335,-0.022367,-0.022625,-0.413966,-0.077372,-0.05189,-0.321061,-0.083908,-0.046128,-0.265953,-0.074405,0.052045,-0.291622,-0.038234,0.013629,-0.349496,-0.090778,-0.022397,-0.267056,-0.077397,-0.01319,-0.224293,-0.055199,0.084055,-0.23544,-0.058673,0.029399,-0.264627,-0.092653,-0.003077,-0.210729,-0.08715,0.002839,-0.177734,-0.075112,D
0.0,0.0,-0.0,-0.051377,-0.085531,-0.035097,-0.089508,-0.186711,-0.06696,-0.082372,-0.277506,-0.102597,-0.023759,-0.296222,-0.135823,-0.043701,-0.347619,-0.013537,-0.050226,-0.473913,-0.057649,-0.058264,-0.555003,-0.081554,-0.057538,-0.621757,-0.098378,0.010631,-0.334217,-0.020533,-0.019426,-0.413679,-0.075087,-0.049164,-0.317105,-0.080462,-0.043968,-0.263338,-0.07006,0.053751,-0.294206,-0.036093,0.017344,-0.350068,-0.087441,-0.019641,-0.265158,-0.07309,-0.011208,-0.222691,-0.050494,0.083086,-0.238816,-0.056264,0.02981,-0.265985,-0.088569,-0.000749,-0.210923,-0.082688,0.007937,-0.179137,-0.070656,D
0.0,0.0,-0.0,-0.048933,-0.083151,-0.034925,-0.086777,-0.183941,-0.065913,-0.078506,-0.270938,-0.100157,-0.022487,-0.294146,-0.131766,-0.041374,-0.347571,-0.014058,-0.048515,-0.473217,-0.055901,-0.057322,-0.553691,-0.077879,-0.057249,-0.619558,-0.093555,0.012255,-0.332839,-0.020735,-0.016945,-0.409772,-0.073753,-0.047724,-0.312176,-0.079115,-0.042105,-0.257795,-0.069002,0.055539,-0.291455,-0.035595,0.019994,-0.345243,-0.086141,-0.016916,-0.259371,-0.071494,-0.008262,-0.217442,-0.049052,0.085811,-0.233968,-0.054804,0.034203,-0.263215,-0.087393,0.004198,-0.207047,-0.080478,0.013128,-0.176054,-0.067585,D
0.0,0.0,-0.0,-0.049603,-0.083042,-0.035647,-0.087443,-0.182941,-0.067271,-0.079431,-0.269813,-0.10186,-0.023503,-0.293765,-0.133736,-0.042686,-0.344599,-0.015868,-0.049497,-0.471594,-0.059054,-0.058195,-0.552428,-0.081758,-0.058126,-0.618699,-0.097721,0.011029,-0.329579,-0.021985,-0.018243,-0.40832,-0.07591,-0.04914,-0.309794,-0.081203,-0.043059,-0.255363,-0.070822,0.054357,-0.288451,-0.036351,0.018469,-0.344236,-0.087357,-0.017839,-0.256994,-0.072286,-0.008176,-0.214483,-0.049423,0.084517,-0.231538,-0.055102,0.031797,-0.261109,-0.088402,0.003041,-0.204082,-0.081668,0.013655,-0.172837,-0.068672,D
0.0,0.0,-0.0,-0.04772,-0.084342,-0.036048,-0.085524,-0.184443,-0.067035,-0.076145,-0.270718,-0.100701,-0.019294,-0.294267,-0.131571,-0.039256,-0.346172,-0.015712,-0.048222,-0.472013,-0.058098,-0.057016,-0.552184,-0.080759,-0.056873,-0.616536,-0.096655,0.01393,-0.33118,-0.021533,-0.013105,-0.414926,-0.075973,-0.045318,-0.31929,-0.08312,-0.041532,-0.262453,-0.073658,0.057099,-0.290166,-0.035341,0.020946,-0.344573,-0.08742,-0.015859,-0.260642,-0.074623,-0.007942,-0.21712,-0.052565,0.087201,-0.233547,-0.05341,0.035546,-0.264188,-0.086747,0.006015,-0.208587,-0.080576,0.01458,-0.176054,-0.067819,D
0.0,0.0,-0.0,-0.049853,-0.086147,-0.036076,-0.088722,-0.187878,-0.067758,-0.080169,-0.276984,-0.102635,-0.021427,-0.298888,-0.134594,-0.04172,-0.351108,-0.01432,-0.051504,-0.477653,-0.05751,-0.060919,-0.55767,-0.080236,-0.061166,-0.622644,-0.096181,0.012594,-0.33651,-0.020676,-0.017795,-0.416434,-0.075738,-0.048644,-0.317946,-0.082086,-0.042647,-0.26331,-0.072006,0.056077,-0.295818,-0.035392,0.016757,-0.34855,-0.088175,-0.019782,-0.262486,-0.074691,-0.00981,-0.220616,-0.052132,0.085588,-0.239844,-0.054526,0.030077,-0.267796,-0.088112,0.001229,-0.210472,-0.082164,0.011972,-0.178325,-0.069597,D
0.0,0.0,0.0,0.108688,-0.001303,-0.04362,0.190238,-0.056563,-0.077956,0.195858,-0.110719,-0.114373,0.126838,-0.123522,-0.146436,0.175724,-0.290895,-0.057944,0.21535,-0.393079,-0.136578,0.210135,-0.28774,-0.183599,0.194898,-0.19299,-0.204094,0.103304,-0.302558,-0.072128,0.124927,-0.426367,-0.159201,0.137388,-0.29761,-0.192995,0.138292,-0.198113,-0.199683,0.033645,-0.283049,-0.094664,0.044347,-0.380332,-0.176662,0.078166,-0.248581,-0.195405,0.096033,-0.150593,-0.188591,-0.03082,-0.243511,-0.120529,-0.015267,-0.294914,-0.175271,0.024316,-0.207532,-0.187756,0.053764,-0.131819,-0.185732,E
0.0,0.0,0.0,0.109456,-0.005381,-0.043775,0.19242,-0.064327,-0.078039,0.188498,-0.116727,-0.11414,0.115324,-0.123174,-0.146329,0.169597,-0.29334,-0.060732,0.208055,-0.396766,-0.139489,0.205847,-0.289369,-0.186919,0.190354,-0.194816,-0.207652,0.096028,-0.302391,-0.075343,0.116041,-0.431225,-0.162584,0.132523,-0.30003,-0.198753,0.132042,-0.200423,-0.207472,0.026306,-0.280499,-0.097848,0.036612,-0.384287,-0.179885,0.072879,-0.250686,-0.200457,0.088669,-0.154683,-0.195224,-0.038693,-0.239798,-0.123423,-0.021679,-0.295525,-0.178525,0.020127,-0.20757,-0.19139,0.048216,-0.133747,-0.18997,E
0.0,0.0,0.0,0.109669,-0.00366,-0.046778,0.190302,-0.061623,-0.08293,0.18914,-0.113749,-0.121102,0.117813,-0.123561,-0.155144,0.167991,-0.296284,-0.059793,0.204734,-0.400412,-0.142394,0.201035,-0.293725,-0.193105,0.185989,-0.197633,-0.215436,0.092984,-0.304798,-0.073856,0.109724,-0.43172,-0.164716,0.12656,-0.300458,-0.202286,0.129843,-0.198554,-0.210911,0.021973,-0.281683,-0.09683,0.029266,-0.382229,-0.18269,0.06673,-0.249574,-0.203986,0.086408,-0.151843,-0.197993,-0.042748,-0.238676,-0.123189,-0.028152,-0.291977,-0.180199,0.014841,-0.205652,-0.19354,0.046599,-0.131339,-0.191681,E
0.0,0.0,0.0,0.106475,-0.009008,-0.047684,0.186963,-0.068267,-0.085106,0.18508,-0.118056,-0.12456,0.115037,-0.12626,-0.159832,0.165708,-0.298552,-0.060622,0.2026,-0.403275,-0.144093,0.197966,-0.296062,-0.195293,0.182007,-0.200226,-0.217933,0.090285,-0.306304,-0.074786,0.106511,-0.43721,-0.166338,0.122009,-0.305878,-0.204709,0.124812,-0.204627,-0.214035,0.019102,-0.28414,-0.098033,0.025919,-0.388619,-0.184194,0.062603,-0.256435,-0.206193,0.081308,-0.158542,-0.200944,-0.04544,-0.241561,-0.124757,-0.031665,-0.297858,-0.181582,0.010637,-0.211149,-0.19549,0.041321,-0.136039,-0.194485,E
0.0,0.0,0.0,0.107898,-0.008631,-0.056295,0.186778,-0.066824,-0.100011,0.184316,-0.114697,-0.144471,0.115623,-0.124244,-0.184459,0.163008,-0.296735,-0.07355,0.200014,-0.398342,-0.164033,0.196824,-0.289715,-0.219593,0.182502,-0.193295,-0.244473,0.088739,-0.30326,-0.085762,0.105638,-0.434945,-0.184953,0.119916,-0.303445,-0.227279,0.122755,-0.203101,-0.238387,0.018588,-0.281086,-0.107697,0.024796,-0.385718,-0.199904,0.060677,-0.253447,-0.224639,0.078787,-0.155024,-0.220445,-0.045116,-0.23901,-0.13376,-0.032869,-0.291937,-0.194432,0.010505,-0.207035,-0.211104,0.04251,-0.133554,-0.211908,E
0.0,0.0,0.0,0.106908,-0.010686,-0.047177,0.187352,-0.071524,-0.084049,0.185894,-0.123245,-0.122845,0.116593,-0.13223,-0.157306,0.164911,-0.30393,-0.060825,0.201398,-0.409955,-0.143311,0.198612,-0.299717,-0.19371,0.183668,-0.20329,-0.215906,0.089761,-0.309599,-0.074879,0.104868,-0.441181,-0.164848,0.12266,-0.307978,-0.20244,0.126132,-0.208121,-0.211809,0.018928,-0.285286,-0.097781,0.025758,-0.391024,-0.182503,0.064471,-0.257546,-0.203543,0.083563,-0.160625,-0.198174,-0.045885,-0.241025,-0.124161,-0.031678,-0.299915,-0.180324,0.011947,-0.212695,-0.193557,0.042779,-0.137701,-0.192229,E
0.0,0.0,0.0,0.106632,-0.009139,-0.048079,0.186871,-0.067888,-0.08634,0.185434,-0.119089,-0.126513,0.115676,-0.128401,-0.162232,0.163408,-0.296421,-0.064549,0.200533,-0.403441,-0.148982,0.196906,-0.292942,-0.199595,0.180999,-0.196974,-0.221513,0.088603,-0.302385,-0.078969,0.103877,-0.435026,-0.171196,0.120033,-0.3016,-0.208954,0.122818,-0.203551,-0.218019,0.018315,-0.278772,-0.102298,0.024245,-0.387016,-0.18845,0.061086,-0.253887,-0.209311,0.079474,-0.158496,-0.203579,-0.04582,-0.23611,-0.129157,-0.034161,-0.296296,-0.185723,0.009963,-0.211306,-0.199289,0.042172,-0.138256,-0.198202,E
0.0,0.0,0.0,0.107125,-0.008318,-0.057013,0.185593,-0.065138,-0.100547,0.183397,-0.114493,-0.144423,0.115468,-0.125755,-0.183603,0.162976,-0.29603,-0.072046,0.198129,-0.39695,-0.161652,0.195503,-0.288982,-0.216558,0.182151,-0.193027,-0.240813,0.08836,-0.303065,-0.082925,0.102754,-0.432289,-0.180749,0.116415,-0.300475,-0.221271,0.119165,-0.201964,-0.230966,0.018345,-0.280937,-0.103732,0.023724,-0.38239,-0.194678,0.058962,-0.251078,-0.217519,0.076706,-0.155251,-0.211985,-0.045472,-0.238968,-0.128795,-0.033182,-0.29096,-0.188707,0.009263,-0.20593,-0.204112,0.040108,-0.133639,-0.203648,E
0.0,0.0,0.0,0.107489,-0.006757,-0.057403,0.187009,-0.063806,-0.101263,0.185025,-0.113517,-0.145822,0.116782,-0.124001,-0.185589,0.165562,-0.293619,-0.071454,0.200554,-0.395844,-0.162515,0.196575,-0.288154,-0.218152,0.182678,-0.191723,-0.242727,0.090726,-0.301547,-0.083076,0.105459,-0.431796,-0.183079,0.118892,-0.300293,-0.224885,0.122282,-0.200566,-0.235009,0.020442,-0.280037,-0.104918,0.026379,-0.383681,-0.198165,0.061132,-0.251374,-0.222326,0.079131,-0.153861,-0.217127,-0.043629,-0.238966,-0.131031,-0.031225,-0.291244,-0.192486,0.010922,-0.205977,-0.20906,0.042275,-0.132588,-0.209204,E
0.0,0.0,0.0,0.106093,-0.00523,-0.055982,0.184432,-0.061311,-0.099443,0.181626,-0.109455,-0.144057,0.112856,-0.118655,-0.184046,0.162722,-0.289545,-0.07089,0.197554,-0.392208,-0.161423,0.191988,-0.284594,-0.216498,0.17715,-0.190449,-0.240924,0.087051,-0.296756,-0.08362,0.10059,-0.428034,-0.182951,0.114884,-0.296773,-0.224769,0.119396,-0.198392,-0.235248,0.016225,-0.274949,-0.106411,0.021166,-0.378871,-0.199068,0.056618,-0.247002,-0.223192,0.075364,-0.150838,-0.218334,-0.047664,-0.233644,-0.133322,-0.036203,-0.286705,-0.194156,0.006853,-0.20244,-0.210469,0.039218,-0.130125,-0.210751,E
0.0,0.0,0.0,0.104679,-0.008106,-0.047721,0.184869,-0.065171,-0.084604,0.184305,-0.115431,-0.123438,0.115887,-0.12704,-0.157715,0.164148,-0.290345,-0.061599,0.200088,-0.397167,-0.145581,0.194593,-0.290528,-0.196097,0.179153,-0.196142,-0.217982,0.089522,-0.298973,-0.07561,0.103085,-0.431754,-0.167495,0.117035,-0.302117,-0.20499,0.120197,-0.204058,-0.213705,0.019222,-0.277695,-0.098809,0.023971,-0.383235,-0.184765,0.058538,-0.252596,-0.205662,0.077544,-0.15723,-0.199718,-0.044593,-0.236783,-0.1256,-0.03388,-0.295841,-0.181942,0.008151,-0.212443,-0.195869,0.040634,-0.139773,-0.194843,E
0.0,0.0,0.0,0.107964,-0.00557,-0.060013,0.185191,-0.059307,-0.106864,0.180639,-0.106898,-0.154274,0.112283,-0.117921,-0.1971,0.164602,-0.287221,-0.076551,0.199274,-0.389425,-0.170238,0.194896,-0.28165,-0.22864,0.18038,-0.185222,-0.255167,0.089599,-0.293866,-0.088321,0.103312,-0.423157,-0.190572,0.117493,-0.292989,-0.235409,0.121208,-0.194171,-0.24816,0.019397,-0.271802,-0.110414,0.024782,-0.378297,-0.204571,0.060146,-0.249106,-0.230785,0.078551,-0.152254,-0.227554,-0.043986,-0.231723,-0.136981,-0.0331,-0.289381,-0.19794,0.009598,-0.207779,-0.214979,0.041676,-0.135283,-0.21614,E
0.0,0.0,0.0,0.106178,-0.00617,-0.053616,0.185523,-0.064014,-0.094003,0.181632,-0.114907,-0.135247,0.111048,-0.121957,-0.17166,0.162642,-0.290982,-0.067113,0.199003,-0.392193,-0.153474,0.193122,-0.2836,-0.205633,0.177772,-0.189236,-0.228559,0.087794,-0.298777,-0.079089,0.10328,-0.428392,-0.174252,0.116604,-0.296639,-0.213769,0.119177,-0.198189,-0.223181,0.017759,-0.277624,-0.100668,0.0239,-0.382285,-0.189587,0.058074,-0.250733,-0.21187,0.07561,-0.154701,-0.206291,-0.045689,-0.236852,-0.126203,-0.033682,-0.289531,-0.184685,0.008398,-0.205199,-0.199799,0.039586,-0.13327,-0.199436,E
0.0,0.0,0.0,0.104552,-0.005277,-0.053493,0.183664,-0.060868,-0.09428,0.184483,-0.111061,-0.136131,0.117548,-0.122816,-0.173015,0.16466,-0.288634,-0.067055,0.198817,-0.391309,-0.154266,0.192946,-0.283721,-0.206655,0.177837,-0.188357,-0.229366,0.089578,-0.297111,-0.079223,0.102624,-0.427202,-0.174571,0.115832,-0.296965,-0.213292,0.119878,-0.199014,-0.222138,0.019007,-0.276099,-0.101177,0.023796,-0.3789,-0.190666,0.057815,-0.247857,-0.21236,0.076444,-0.151545,-0.20624,-0.044951,-0.235466,-0.127133,-0.033614,-0.289568,-0.186021,0.007952,-0.205703,-0.200931,0.039988,-0.133073,-0.200159,E
0.0,0.0,0.0,0.104916,-0.006112,-0.04964,0.186017,-0.065099,-0.086332,0.183078,-0.117238,-0.124341,0.113925,-0.128276,-0.157767,0.16635,-0.289938,-0.060861,0.199345,-0.395684,-0.144179,0.195118,-0.291436,-0.194553,0.182089,-0.195165,-0.216472,0.091804,-0.299856,-0.073127,0.103941,-0.430759,-0.164528,0.116987,-0.303524,-0.20172,0.120706,-0.204903,-0.210099,0.021209,-0.279644,-0.094809,0.025479,-0.383171,-0.180994,0.058839,-0.253119,-0.201684,0.077571,-0.155807,-0.195319,-0.043339,-0.238704,-0.120239,-0.0326,-0.294636,-0.177482,0.008488,-0.210753,-0.191787,0.040888,-0.137461,-0.1907,E
0.0,0.0,0.0,0.107329,-0.006084,-0.056217,0.185861,-0.063749,-0.098697,0.181002,-0.113427,-0.142325,0.11039,-0.123949,-0.181007,0.164954,-0.29006,-0.067391,0.201058,-0.393468,-0.156943,0.195247,-0.28626,-0.212428,0.178443,-0.191724,-0.237091,0.089612,-0.298216,-0.079255,0.103051,-0.428996,-0.177022,0.117216,-0.298568,-0.218979,0.120688,-0.200614,-0.22982,0.019716,-0.277315,-0.101436,0.025055,-0.378117,-0.192202,0.060495,-0.246366,-0.216721,0.078716,-0.150481,-0.21236,-0.04339,-0.237564,-0.127955,-0.031515,-0.289389,-0.187141,0.011047,-0.205487,-0.203576,0.04313,-0.134523,-0.204129,E
0.0,0.0,0.0,0.110624,-0.007282,-0.067406,0.185073,-0.060565,-0.121556,0.184506,-0.107014,-0.17594,0.119727,-0.12368,-0.225396,0.166559,-0.293295,-0.085774,0.201386,-0.393899,-0.188084,0.197338,-0.283333,-0.252844,0.182067,-0.186156,-0.282601,0.09084,-0.298081,-0.097137,0.105147,-0.429202,-0.207316,0.119252,-0.297425,-0.256619,0.124383,-0.199055,-0.271571,0.020442,-0.275121,-0.119819,0.026435,-0.377662,-0.220875,0.063228,-0.246001,-0.250186,0.082005,-0.148011,-0.248056,-0.043401,-0.234924,-0.147669,-0.031063,-0.288165,-0.212891,0.012238,-0.204675,-0.232109,0.044336,-0.131476,-0.234484,E
0.0,0.0,0.0,0.108148,-0.00738,-0.055209,0.185472,-0.063438,-0.099791,0.182962,-0.110044,-0.146017,0.114885,-0.120581,-0.187589,0.163102,-0.292441,-0.072935,0.200285,-0.396494,-0.166496,0.195045,-0.285539,-0.22401,0.178765,-0.189181,-0.249768,0.08689,-0.298124,-0.087169,0.102002,-0.430245,-0.189357,0.116444,-0.295808,-0.232692,0.120094,-0.196143,-0.244172,0.015908,-0.275426,-0.111506,0.021728,-0.379516,-0.205953,0.05826,-0.245462,-0.230645,0.077078,-0.148183,-0.22609,-0.047888,-0.233944,-0.139941,-0.035969,-0.28728,-0.2015,0.007565,-0.203251,-0.218079,0.039968,-0.131942,-0.218713,E
0.0,0.0,0.0,0.104831,-0.010957,-0.048413,0.183105,-0.069234,-0.087671,0.181841,-0.115472,-0.12892,0.114873,-0.126844,-0.165865,0.160293,-0.297855,-0.068296,0.197876,-0.404983,-0.155526,0.193095,-0.293485,-0.208056,0.175526,-0.19783,-0.23108,0.084283,-0.30285,-0.083381,0.098094,-0.438575,-0.178321,0.114799,-0.303896,-0.217811,0.118673,-0.203438,-0.228265,0.013195,-0.278987,-0.107421,0.018145,-0.386726,-0.195767,0.056405,-0.252496,-0.217917,0.076454,-0.155406,-0.213244,-0.050783,-0.235552,-0.134941,-0.03954,-0.294611,-0.193153,0.004776,-0.209916,-0.207961,0.037744,-0.137512,-0.208084,E
0.0,0.0,0.0,0.108638,-0.007487,-0.060234,0.185611,-0.065197,-0.107719,0.181706,-0.1088,-0.156314,0.112985,-0.116737,-0.200202,0.161331,-0.298595,-0.0772,0.199104,-0.398544,-0.173885,0.193217,-0.285133,-0.233802,0.174891,-0.19022,-0.26096,0.084113,-0.301702,-0.090067,0.098444,-0.430675,-0.195935,0.114464,-0.293344,-0.242102,0.118958,-0.192902,-0.255102,0.013042,-0.276917,-0.113669,0.018414,-0.378172,-0.211574,0.057052,-0.243682,-0.239369,0.076734,-0.146883,-0.236499,-0.050298,-0.234236,-0.141675,-0.038307,-0.283349,-0.205654,0.006608,-0.198786,-0.224778,0.03993,-0.12808,-0.227266,E
0.0,0.0,0.0,0.106247,-0.012669,-0.053439,0.184304,-0.071575,-0.095737,0.179522,-0.118684,-0.139497,0.110254,-0.13042,-0.178593,0.16164,-0.301599,-0.070233,0.196687,-0.406858,-0.160891,0.191486,-0.294498,-0.216176,0.175337,-0.199202,-0.240512,0.084323,-0.305544,-0.083779,0.095278,-0.437198,-0.181665,0.112606,-0.301842,-0.222068,0.117995,-0.202551,-0.232288,0.012426,-0.28007,-0.107199,0.015308,-0.383982,-0.197933,0.053838,-0.249391,-0.21981,0.075342,-0.153826,-0.214012,-0.052154,-0.236196,-0.134655,-0.042555,-0.292605,-0.193527,0.001844,-0.208087,-0.207816,0.036068,-0.137558,-0.206939,E
0.0,0.0,0.0,0.107221,-0.008321,-0.063742,0.182628,-0.063991,-0.114295,0.178983,-0.10814,-0.16546,0.111831,-0.118514,-0.211643,0.159503,-0.297678,-0.080623,0.195722,-0.396769,-0.179601,0.189772,-0.284176,-0.241314,0.171807,-0.188566,-0.269476,0.082053,-0.300607,-0.092779,0.095057,-0.429006,-0.201334,0.110497,-0.292306,-0.249516,0.115962,-0.192362,-0.26364,0.011024,-0.275964,-0.115968,0.014718,-0.377933,-0.216079,0.053502,-0.244058,-0.245219,0.073806,-0.146337,-0.243042,-0.052232,-0.232961,-0.143846,-0.041683,-0.281927,-0.20891,0.002844,-0.19831,-0.228836,0.03669,-0.128413,-0.231915,E
0.0,0.0,0.0,0.10924,-0.012477,-0.069455,0.18428,-0.071518,-0.122365,0.178122,-0.117087,-0.17475,0.110023,-0.129172,-0.221469,0.161512,-0.30587,-0.083698,0.195923,-0.406696,-0.185568,0.18941,-0.293624,-0.249347,0.173112,-0.19706,-0.278191,0.083365,-0.308922,-0.092872,0.092111,-0.435505,-0.202488,0.106998,-0.301513,-0.249332,0.114624,-0.202851,-0.262199,0.01166,-0.283065,-0.114042,0.013047,-0.379848,-0.214738,0.051345,-0.246952,-0.241293,0.075161,-0.150053,-0.236933,-0.0518,-0.238822,-0.140679,-0.04354,-0.288415,-0.205476,-0.000204,-0.205445,-0.223449,0.035683,-0.136173,-0.2245,E
0.0,0.0,0.0,0.110743,-0.009133,-0.070449,0.185668,-0.067519,-0.125541,0.175182,-0.110475,-0.180255,0.10418,-0.121061,-0.229702,0.160706,-0.299553,-0.090356,0.195407,-0.403987,-0.195403,0.188304,-0.289084,-0.261116,0.169905,-0.193457,-0.291354,0.081863,-0.300805,-0.101225,0.091517,-0.431044,-0.215422,0.106091,-0.292524,-0.265824,0.112398,-0.194193,-0.281146,0.010474,-0.274762,-0.123837,0.012212,-0.375079,-0.227771,0.050989,-0.238832,-0.257195,0.073087,-0.142194,-0.255043,-0.05229,-0.232035,-0.151857,-0.044693,-0.279835,-0.218972,-0.000497,-0.196083,-0.239198,0.034947,-0.128987,-0.242497,E
0.0,0.0,0.0,0.105033,-0.012598,-0.061658,0.180784,-0.072428,-0.109364,0.178183,-0.117363,-0.157632,0.111254,-0.127862,-0.200499,0.15877,-0.30391,-0.076534,0.192971,-0.40602,-0.17297,0.185387,-0.291767,-0.231679,0.168813,-0.197683,-0.257894,0.081502,-0.30737,-0.088319,0.089326,-0.439329,-0.192914,0.103911,-0.302713,-0.237062,0.111719,-0.206163,-0.248981,0.010215,-0.282967,-0.111176,0.010119,-0.387158,-0.208464,0.048512,-0.252142,-0.233773,0.072189,-0.156562,-0.229432,-0.052901,-0.239217,-0.138661,-0.04644,-0.292901,-0.20192,-0.002554,-0.208459,-0.219582,0.033453,-0.139244,-0.220933,E
0.0,0.0,-1e-06,-0.080907,-0.032064,-0.049567,-0.142512,-0.12002,-0.082631,-0.113471,-0.181641,-0.11469,-0.042422,-0.187836,-0.14053,-0.132138,-0.296324,-0.034757,-0.158869,-0.419761,-0.091225,-0.152395,-0.338855,-0.127704,-0.135614,-0.261184,-0.146121,-0.073408,-0.310738,-0.03408,-0.083782,-0.448205,-0.083785,-0.086864,-0.339696,-0.100138,-0.082002,-0.262914,-0.101812,-0.017408,-0.303552,-0.042906,-0.018515,-0.427894,-0.091488,-0.035346,-0.322371,-0.087693,-0.038309,-0.242374,-0.073863,0.041239,-0.274783,-0.056935,0.028612,-0.370594,-0.095573,0.004581,-0.300599,-0.094377,-0.005939,-0.22972,-0.085593,E
0.0,0.0,-1e-06,-0.080003,-0.031996,-0.048861,-0.141172,-0.119438,-0.081549,-0.112177,-0.181174,-0.113357,-0.041588,-0.187161,-0.139073,-0.133322,-0.296161,-0.033136,-0.156876,-0.417071,-0.088517,-0.150095,-0.337696,-0.124614,-0.134124,-0.261211,-0.143005,-0.074443,-0.310567,-0.032895,-0.082027,-0.446651,-0.081515,-0.085526,-0.339061,-0.09777,-0.081567,-0.263474,-0.099526,-0.018682,-0.302748,-0.042151,-0.01653,-0.425996,-0.089793,-0.033736,-0.322044,-0.086733,-0.037868,-0.242956,-0.073624,0.039115,-0.273094,-0.056543,0.028773,-0.365913,-0.094523,0.004986,-0.297392,-0.093887,-0.005833,-0.227987,-0.085755,E
0.0,0.0,-1e-06,-0.083113,-0.031625,-0.045925,-0.142468,-0.120161,-0.075984,-0.109205,-0.182201,-0.105475,-0.037537,-0.18359,-0.128862,-0.134764,-0.296013,-0.0312,-0.158388,-0.417559,-0.08484,-0.151146,-0.334468,-0.120462,-0.135343,-0.256236,-0.139051,-0.075597,-0.311267,-0.031802,-0.08567,-0.446562,-0.078349,-0.088082,-0.33602,-0.093815,-0.083264,-0.260286,-0.095723,-0.01963,-0.302882,-0.041501,-0.019545,-0.425632,-0.085718,-0.035067,-0.32334,-0.082207,-0.037853,-0.245976,-0.069985,0.037939,-0.272117,-0.056297,0.027872,-0.365553,-0.09181,0.004107,-0.299622,-0.091142,-0.007279,-0.231191,-0.083773,E
0.0,0.0,-1e-06,-0.081643,-0.02826,-0.044766,-0.142714,-0.113175,-0.073263,-0.111263,-0.179044,-0.101529,-0.040209,-0.183603,-0.12393,-0.133255,-0.290936,-0.026003,-0.158165,-0.411453,-0.077946,-0.152046,-0.334621,-0.112244,-0.135175,-0.259204,-0.129985,-0.075023,-0.307929,-0.026534,-0.086473,-0.439571,-0.073133,-0.091318,-0.332052,-0.088629,-0.08515,-0.256446,-0.089612,-0.019785,-0.301231,-0.036307,-0.021542,-0.420931,-0.08193,-0.038837,-0.318837,-0.079034,-0.040032,-0.240994,-0.066045,0.037349,-0.271262,-0.050871,0.025215,-0.362521,-0.087939,0.000796,-0.295286,-0.087692,-0.008339,-0.22547,-0.079599,E
0.0,0.0,-1e-06,-0.081241,-0.030165,-0.04526,-0.141661,-0.11466,-0.075038,-0.112443,-0.180167,-0.104286,-0.042211,-0.185696,-0.127592,-0.133552,-0.293542,-0.028501,-0.158371,-0.413147,-0.080922,-0.152236,-0.335071,-0.115617,-0.13593,-0.258728,-0.133685,-0.075092,-0.309855,-0.029034,-0.08624,-0.442834,-0.075181,-0.090331,-0.336383,-0.090489,-0.084962,-0.26127,-0.091848,-0.019733,-0.302021,-0.03867,-0.021363,-0.42271,-0.083655,-0.03817,-0.321048,-0.080118,-0.039846,-0.24383,-0.067265,0.037821,-0.270584,-0.05314,0.024477,-0.362717,-0.089654,-0.000124,-0.295786,-0.088769,-0.01017,-0.226788,-0.080602,E
0.0,0.0,-1e-06,-0.080546,-0.029412,-0.044333,-0.141272,-0.114946,-0.073845,-0.112053,-0.179602,-0.103087,-0.042533,-0.186398,-0.126492,-0.134322,-0.291619,-0.030579,-0.158809,-0.413814,-0.082915,-0.153014,-0.336317,-0.116818,-0.137578,-0.259505,-0.134142,-0.076056,-0.307947,-0.031564,-0.086344,-0.443178,-0.077686,-0.090695,-0.337774,-0.092484,-0.086386,-0.261183,-0.093576,-0.020143,-0.300595,-0.041364,-0.021517,-0.423626,-0.086347,-0.038215,-0.321962,-0.083126,-0.040519,-0.24378,-0.070532,0.037926,-0.270809,-0.055837,0.025154,-0.363576,-0.092283,0.00066,-0.29819,-0.091885,-0.009868,-0.22961,-0.084234,E
0.0,0.0,-1e-06,-0.082086,-0.036119,-0.040332,-0.142987,-0.122117,-0.066487,-0.112773,-0.189253,-0.09345,-0.042677,-0.19249,-0.114589,-0.134483,-0.299989,-0.020777,-0.15914,-0.421711,-0.071118,-0.153969,-0.343219,-0.104824,-0.13716,-0.266701,-0.122516,-0.075718,-0.315459,-0.023156,-0.086229,-0.445644,-0.067302,-0.091441,-0.33723,-0.08197,-0.08557,-0.262936,-0.083271,-0.020977,-0.306965,-0.034462,-0.022349,-0.428219,-0.076839,-0.040509,-0.327182,-0.072023,-0.042152,-0.249193,-0.058755,0.035121,-0.273125,-0.050444,0.021671,-0.369699,-0.084212,-0.004163,-0.304519,-0.081919,-0.014304,-0.233354,-0.073078,E
0.0,0.0,-1e-06,-0.081141,-0.029159,-0.041547,-0.142587,-0.116283,-0.068977,-0.111471,-0.18209,-0.096786,-0.040252,-0.186047,-0.118779,-0.136793,-0.293032,-0.025865,-0.159324,-0.416117,-0.076468,-0.152903,-0.338133,-0.10914,-0.13664,-0.262696,-0.125884,-0.078245,-0.309369,-0.027941,-0.088176,-0.442481,-0.072742,-0.092187,-0.335404,-0.086402,-0.087208,-0.259809,-0.08668,-0.022676,-0.302086,-0.038825,-0.023609,-0.425146,-0.082476,-0.039079,-0.322591,-0.078417,-0.040626,-0.244827,-0.065292,0.034765,-0.27192,-0.054232,0.022836,-0.364661,-0.089278,-0.000301,-0.297665,-0.088031,-0.009652,-0.228178,-0.079815,E
0.0,0.0,-1e-06,-0.080546,-0.029405,-0.042136,-0.141623,-0.11618,-0.069615,-0.110982,-0.181128,-0.097611,-0.040732,-0.186648,-0.119867,-0.135691,-0.292459,-0.025287,-0.157853,-0.415001,-0.076579,-0.15169,-0.336003,-0.109669,-0.135655,-0.260331,-0.126455,-0.076904,-0.308706,-0.027516,-0.085784,-0.442846,-0.073445,-0.091373,-0.335903,-0.088121,-0.087017,-0.259729,-0.0886,-0.021212,-0.301252,-0.038773,-0.020244,-0.424585,-0.084056,-0.038002,-0.322462,-0.081601,-0.040882,-0.244549,-0.068875,0.035663,-0.271299,-0.054526,0.024747,-0.363393,-0.090775,-8.7e-05,-0.297761,-0.090587,-0.010618,-0.228608,-0.08277,E
0.0,0.0,-1e-06,-0.080401,-0.034474,-0.043268,-0.141776,-0.119572,-0.071999,-0.112194,-0.184621,-0.101119,-0.042379,-0.191204,-0.12446,-0.132073,-0.296012,-0.026201,-0.157349,-0.417419,-0.078222,-0.152704,-0.340262,-0.112105,-0.135866,-0.265672,-0.129486,-0.073894,-0.311274,-0.027752,-0.083572,-0.443477,-0.073829,-0.089558,-0.337386,-0.08876,-0.084108,-0.2632,-0.089868,-0.01892,-0.30354,-0.038351,-0.019874,-0.426509,-0.083306,-0.03861,-0.324867,-0.079223,-0.040735,-0.246351,-0.065712,0.037568,-0.271965,-0.053689,0.025047,-0.369418,-0.089559,-0.001076,-0.304152,-0.088054,-0.011712,-0.233168,-0.079285,E
0.0,0.0,-1e-06,-0.081223,-0.035017,-0.042385,-0.141784,-0.12286,-0.069966,-0.11053,-0.189394,-0.098123,-0.039198,-0.190524,-0.120449,-0.133246,-0.296924,-0.023166,-0.156251,-0.418366,-0.074631,-0.150705,-0.33972,-0.108385,-0.134281,-0.263933,-0.125681,-0.075322,-0.311801,-0.024983,-0.084693,-0.443603,-0.070653,-0.090007,-0.337028,-0.085479,-0.08425,-0.262218,-0.086181,-0.020323,-0.303616,-0.036003,-0.020073,-0.425788,-0.080544,-0.038461,-0.324989,-0.077224,-0.0406,-0.247193,-0.063949,0.035955,-0.272026,-0.051748,0.024226,-0.367873,-0.086865,-0.001154,-0.303436,-0.085809,-0.011369,-0.233183,-0.077373,E
0.0,0.0,-1e-06,-0.081114,-0.03317,-0.041852,-0.142491,-0.121146,-0.068609,-0.111634,-0.188628,-0.095845,-0.039377,-0.189317,-0.117406,-0.133771,-0.29812,-0.022616,-0.156629,-0.41718,-0.072844,-0.15079,-0.33954,-0.106093,-0.134491,-0.264257,-0.123437,-0.074688,-0.314344,-0.02449,-0.083749,-0.443041,-0.06897,-0.089497,-0.335977,-0.08352,-0.084421,-0.262015,-0.084438,-0.019396,-0.30601,-0.035436,-0.017819,-0.426464,-0.079303,-0.036602,-0.325992,-0.076633,-0.03928,-0.248532,-0.064283,0.036001,-0.273333,-0.050983,0.025646,-0.367092,-0.086604,-0.000387,-0.302323,-0.086347,-0.011152,-0.231647,-0.078574,E
0.0,0.0,-1e-06,-0.080766,-0.032434,-0.042396,-0.140938,-0.121567,-0.070299,-0.109468,-0.187668,-0.098733,-0.038118,-0.193448,-0.121522,-0.132126,-0.297717,-0.024987,-0.153265,-0.420209,-0.076288,-0.14848,-0.341746,-0.109705,-0.133,-0.266529,-0.126777,-0.073378,-0.312239,-0.026998,-0.080884,-0.445959,-0.072824,-0.087481,-0.339351,-0.087868,-0.083441,-0.263606,-0.088784,-0.017745,-0.303711,-0.038043,-0.015999,-0.427265,-0.083383,-0.03456,-0.32508,-0.081191,-0.037724,-0.246378,-0.06871,0.039103,-0.272663,-0.053615,0.028826,-0.36694,-0.090053,0.003343,-0.300728,-0.090028,-0.007914,-0.230262,-0.082324,E
0.0,0.0,-1e-06,-0.080927,-0.031623,-0.042268,-0.141657,-0.118834,-0.070239,-0.111222,-0.183646,-0.098917,-0.040639,-0.188786,-0.121982,-0.132202,-0.296345,-0.025241,-0.154295,-0.419861,-0.077163,-0.150159,-0.341474,-0.1109,-0.134276,-0.265834,-0.128146,-0.072987,-0.311564,-0.027745,-0.081168,-0.445683,-0.074387,-0.088999,-0.337646,-0.089512,-0.084617,-0.261366,-0.090228,-0.017222,-0.303091,-0.039325,-0.015699,-0.426384,-0.085136,-0.035524,-0.322891,-0.082492,-0.038635,-0.244234,-0.069543,0.039661,-0.271585,-0.055438,0.029785,-0.364919,-0.091697,0.003336,-0.298711,-0.091107,-0.008111,-0.228698,-0.082978,E
0.0,0.0,-1e-06,-0.080419,-0.03124,-0.04337,-0.140642,-0.118564,-0.072338,-0.109983,-0.183023,-0.101505,-0.039674,-0.189932,-0.124966,-0.131871,-0.296198,-0.028454,-0.15387,-0.419752,-0.080613,-0.149154,-0.33998,-0.114481,-0.134522,-0.263201,-0.13177,-0.072649,-0.310944,-0.030145,-0.080806,-0.446055,-0.076133,-0.087425,-0.338935,-0.091283,-0.084417,-0.262505,-0.0926,-0.016422,-0.302254,-0.040727,-0.015356,-0.425572,-0.085919,-0.034577,-0.322924,-0.083367,-0.038965,-0.24456,-0.071058,0.0412,-0.270895,-0.055869,0.030255,-0.364353,-0.092147,0.004166,-0.298417,-0.091771,-0.008164,-0.22922,-0.084124,E
0.0,0.0,-1e-06,-0.080134,-0.030168,-0.042991,-0.140383,-0.117347,-0.071617,-0.1101,-0.180674,-0.100659,-0.040329,-0.187454,-0.124176,-0.131465,-0.294325,-0.027797,-0.15305,-0.417629,-0.08041,-0.148335,-0.339947,-0.114427,-0.132839,-0.26436,-0.131729,-0.072339,-0.308901,-0.030015,-0.079896,-0.444232,-0.077047,-0.087334,-0.338156,-0.092373,-0.083956,-0.261773,-0.093345,-0.016646,-0.299854,-0.04125,-0.014303,-0.423604,-0.087643,-0.034006,-0.321122,-0.085377,-0.038272,-0.242649,-0.072755,0.040075,-0.268277,-0.056999,0.030548,-0.361029,-0.094143,0.004171,-0.294951,-0.094023,-0.008047,-0.225577,-0.086262,E
0.0,0.0,-1e-06,-0.081767,-0.033028,-0.0416,-0.14261,-0.121925,-0.068737,-0.111127,-0.188287,-0.096661,-0.039773,-0.189711,-0.118726,-0.13387,-0.299916,-0.023259,-0.156149,-0.422579,-0.074865,-0.150565,-0.34121,-0.108533,-0.134263,-0.26446,-0.125769,-0.074449,-0.315054,-0.025765,-0.082819,-0.448108,-0.071717,-0.089752,-0.338332,-0.086074,-0.08539,-0.262361,-0.086278,-0.018486,-0.306356,-0.037447,-0.016777,-0.428691,-0.08249,-0.036347,-0.324713,-0.078997,-0.039688,-0.246118,-0.065475,0.038331,-0.274237,-0.053737,0.028492,-0.368668,-0.08957,0.00215,-0.30218,-0.088569,-0.00934,-0.231548,-0.080059,E
0.0,0.0,-1e-06,-0.081424,-0.032909,-0.042311,-0.141584,-0.121661,-0.069991,-0.110703,-0.186691,-0.098351,-0.040163,-0.190309,-0.121114,-0.133137,-0.298686,-0.024206,-0.155483,-0.420897,-0.0765,-0.150591,-0.342203,-0.110934,-0.135166,-0.265624,-0.128554,-0.073569,-0.314071,-0.026496,-0.082217,-0.446818,-0.073126,-0.089687,-0.339088,-0.088691,-0.086002,-0.262139,-0.089741,-0.017437,-0.30553,-0.037977,-0.016158,-0.428232,-0.08388,-0.036166,-0.324823,-0.081504,-0.040236,-0.245258,-0.068677,0.039398,-0.273773,-0.054027,0.029079,-0.366928,-0.090939,0.002343,-0.300506,-0.090729,-0.009699,-0.229872,-0.082701,E
0.0,0.0,-1e-06,-0.082163,-0.032325,-0.041594,-0.143007,-0.121095,-0.068609,-0.110814,-0.18679,-0.096322,-0.039627,-0.189618,-0.118543,-0.133814,-0.297522,-0.02433,-0.1556,-0.420098,-0.075654,-0.150691,-0.342353,-0.109445,-0.135447,-0.266166,-0.126847,-0.07451,-0.313287,-0.026617,-0.082751,-0.446833,-0.072128,-0.090291,-0.339727,-0.08691,-0.086493,-0.263108,-0.087678,-0.018542,-0.304706,-0.037892,-0.016439,-0.427394,-0.082552,-0.036425,-0.325017,-0.079791,-0.04047,-0.246227,-0.067048,0.038369,-0.272492,-0.053714,0.029053,-0.36643,-0.089665,0.002182,-0.301074,-0.08919,-0.010149,-0.230979,-0.081215,E
0.0,0.0,-1e-06,-0.081552,-0.031498,-0.042763,-0.142203,-0.119872,-0.070863,-0.111514,-0.185203,-0.099347,-0.039997,-0.189895,-0.122275,-0.133939,-0.297418,-0.026415,-0.155088,-0.420963,-0.07804,-0.150704,-0.343422,-0.111808,-0.136286,-0.267011,-0.129125,-0.074412,-0.312752,-0.028347,-0.082098,-0.446735,-0.074147,-0.089595,-0.340062,-0.089349,-0.08653,-0.263143,-0.090488,-0.018245,-0.303892,-0.039243,-0.016094,-0.427056,-0.084572,-0.036138,-0.324814,-0.082465,-0.040701,-0.246058,-0.070162,0.038628,-0.27183,-0.054652,0.028374,-0.36453,-0.091239,0.001899,-0.298941,-0.091205,-0.01024,-0.229391,-0.083559,E
0.0,0.0,-1e-06,-0.079685,-0.02981,-0.045014,-0.139667,-0.115627,-0.07529,-0.111336,-0.178096,-0.105824,-0.042989,-0.187974,-0.130529,-0.130553,-0.294881,-0.028769,-0.152243,-0.417748,-0.082858,-0.148083,-0.339598,-0.118108,-0.132261,-0.263702,-0.13596,-0.071156,-0.309092,-0.030352,-0.078931,-0.442709,-0.079142,-0.08636,-0.334945,-0.095723,-0.082075,-0.25841,-0.097351,-0.01505,-0.301019,-0.041195,-0.013996,-0.422935,-0.088457,-0.033327,-0.319268,-0.086308,-0.036382,-0.240231,-0.0737,0.042491,-0.271342,-0.056804,0.032808,-0.361751,-0.093478,0.00678,-0.294812,-0.09303,-0.004386,-0.225932,-0.085164,E
0.0,0.0,-1e-06,-0.079651,-0.03103,-0.043059,-0.139715,-0.116814,-0.072002,-0.110153,-0.178893,-0.101665,-0.041564,-0.187291,-0.125698,-0.131207,-0.294991,-0.026189,-0.153261,-0.417119,-0.079586,-0.148696,-0.337879,-0.114464,-0.132697,-0.262903,-0.132181,-0.071742,-0.309564,-0.028667,-0.079083,-0.442098,-0.076652,-0.086516,-0.333443,-0.092581,-0.082585,-0.257668,-0.093748,-0.015763,-0.301177,-0.040374,-0.013249,-0.422989,-0.08702,-0.032709,-0.318661,-0.084374,-0.036307,-0.239956,-0.071319,0.040946,-0.270641,-0.056733,0.032705,-0.361844,-0.092961,0.006915,-0.294577,-0.092029,-0.004364,-0.225364,-0.083708,E
0.0,0.0,-1e-06,-0.080602,-0.031512,-0.043535,-0.140734,-0.120359,-0.072061,-0.109801,-0.183504,-0.101197,-0.039621,-0.187266,-0.124498,-0.131283,-0.299117,-0.024108,-0.153154,-0.421416,-0.077039,-0.148701,-0.341015,-0.111687,-0.133099,-0.265531,-0.129301,-0.07146,-0.313235,-0.026168,-0.079173,-0.445257,-0.074057,-0.086972,-0.336095,-0.089973,-0.083264,-0.260055,-0.090819,-0.015491,-0.304521,-0.037681,-0.013243,-0.425857,-0.084586,-0.033154,-0.321008,-0.082347,-0.036929,-0.241887,-0.069175,0.041378,-0.273665,-0.053895,0.032013,-0.364316,-0.090816,0.006068,-0.296725,-0.090544,-0.00494,-0.22719,-0.082329,E
0.0,0.0,-1e-06,-0.079873,-0.03178,-0.042468,-0.140122,-0.121051,-0.070229,-0.108581,-0.184892,-0.098788,-0.037641,-0.188991,-0.121662,-0.129694,-0.298356,-0.023286,-0.150988,-0.420318,-0.075091,-0.14742,-0.341822,-0.108826,-0.131931,-0.266459,-0.125986,-0.069969,-0.312817,-0.025778,-0.077254,-0.445998,-0.07303,-0.08637,-0.338984,-0.088536,-0.08277,-0.261636,-0.089058,-0.013753,-0.303935,-0.037568,-0.011642,-0.42603,-0.084416,-0.03254,-0.322269,-0.082478,-0.036234,-0.242729,-0.069404,0.043183,-0.272801,-0.053897,0.03309,-0.364099,-0.09106,0.005926,-0.297732,-0.091088,-0.005572,-0.227831,-0.083019,E
0.0,0.0,-1e-06,-0.080544,-0.033518,-0.043622,-0.140762,-0.121965,-0.073097,-0.108866,-0.184652,-0.102928,-0.038112,-0.190915,-0.12708,-0.130735,-0.299045,-0.028243,-0.152425,-0.42179,-0.08165,-0.148153,-0.340858,-0.116485,-0.133145,-0.264511,-0.134267,-0.070935,-0.312542,-0.030197,-0.078244,-0.447521,-0.077306,-0.085856,-0.337898,-0.092823,-0.08255,-0.261843,-0.094195,-0.01443,-0.303317,-0.041273,-0.012451,-0.426731,-0.08699,-0.032639,-0.322792,-0.084303,-0.037012,-0.243938,-0.07176,0.043097,-0.27183,-0.057048,0.033167,-0.365631,-0.093297,0.006353,-0.298697,-0.092858,-0.006049,-0.228661,-0.085171,E
0.0,0.0,-0.0,0.085829,-0.050585,-0.024255,0.156222,-0.183249,-0.027313,0.194819,-0.292983,-0.031875,0.183561,-0.375748,-0.032982,0.12637,-0.32179,0.008498,0.156337,-0.435199,-0.025949,0.149223,-0.404186,-0.056377,0.129829,-0.353351,-0.070605,0.082087,-0.345151,0.005093,0.098397,-0.489494,-0.011802,0.09791,-0.57701,-0.034631,0.089687,-0.647389,-0.051452,0.038235,-0.33809,-0.00658,0.046479,-0.468616,-0.022242,0.049795,-0.552333,-0.037586,0.048987,-0.619152,-0.048244,-0.005649,-0.305668,-0.022173,-0.000667,-0.399558,-0.030638,0.001239,-0.463569,-0.033671,0.004741,-0.522927,-0.036255,F
0.0,0.0,-0.0,0.087248,-0.048461,-0.020825,0.158738,-0.182365,-0.021266,0.196591,-0.291052,-0.024096,0.180569,-0.369919,-0.02368,0.123984,-0.317433,0.014717,0.15618,-0.426314,-0.017298,0.149847,-0.399055,-0.045888,0.130103,-0.351821,-0.058985,0.080965,-0.340896,0.009832,0.096811,-0.485931,-0.004031,0.097178,-0.574869,-0.024573,0.088141,-0.644776,-0.039732,0.037843,-0.334027,-0.003479,0.045237,-0.46447,-0.01654,0.048993,-0.548184,-0.030241,0.047882,-0.613947,-0.039945,-0.005031,-0.303043,-0.020679,-0.001193,-0.396786,-0.027892,0.001101,-0.461214,-0.03076,0.00565,-0.521076,-0.033298,F
0.0,0.0,-0.0,0.087339,-0.048531,-0.023028,0.158742,-0.183922,-0.023966,0.195448,-0.294415,-0.026472,0.180011,-0.372992,-0.025497,0.12569,-0.319368,0.011278,0.156632,-0.430571,-0.020789,0.148838,-0.40407,-0.048825,0.127949,-0.35658,-0.061391,0.082002,-0.343383,0.008312,0.097629,-0.488293,-0.005906,0.097764,-0.577151,-0.026522,0.088746,-0.6471,-0.041683,0.03859,-0.336792,-0.002898,0.046182,-0.467222,-0.016479,0.049434,-0.550202,-0.030385,0.047802,-0.615627,-0.039956,-0.004834,-0.305471,-0.017981,-0.000103,-0.399122,-0.02538,0.002189,-0.462932,-0.02815,0.005656,-0.521943,-0.030357,F
0.0,0.0,-0.0,0.086032,-0.049183,-0.021575,0.157336,-0.184097,-0.022216,0.194527,-0.292626,-0.02452,0.179692,-0.370604,-0.023498,0.122512,-0.31994,0.010367,0.153248,-0.428716,-0.020857,0.146678,-0.401489,-0.048388,0.127126,-0.35462,-0.061156,0.079452,-0.342752,0.006331,0.095084,-0.488025,-0.007776,0.095463,-0.5765,-0.028435,0.08688,-0.646993,-0.04411,0.036506,-0.335509,-0.005588,0.044007,-0.466606,-0.018731,0.047668,-0.549624,-0.033096,0.046698,-0.616153,-0.043675,-0.006335,-0.303844,-0.021214,-0.00213,-0.398138,-0.028249,0.000285,-0.461824,-0.031275,0.004191,-0.521436,-0.034288,F
0.0,0.0,-0.0,0.085061,-0.047994,-0.022387,0.156532,-0.181066,-0.02404,0.19335,-0.290034,-0.027634,0.178943,-0.369478,-0.028006,0.123766,-0.316483,0.010073,0.156164,-0.424035,-0.02295,0.151176,-0.397085,-0.051649,0.132809,-0.349656,-0.064864,0.08099,-0.34053,0.005744,0.096307,-0.486481,-0.008925,0.096058,-0.575038,-0.02879,0.086974,-0.64526,-0.043356,0.037982,-0.333514,-0.006871,0.045322,-0.465117,-0.020999,0.048734,-0.548844,-0.033938,0.047805,-0.615648,-0.042875,-0.005587,-0.30184,-0.023409,-0.001903,-0.396716,-0.031709,0.000297,-0.461231,-0.034227,0.004498,-0.521668,-0.036203,F
0.0,0.0,-0.0,0.086393,-0.049363,-0.023613,0.158164,-0.18378,-0.025402,0.196411,-0.293687,-0.028958,0.180347,-0.372731,-0.029179,0.124959,-0.319087,0.011844,0.157455,-0.426673,-0.020571,0.150287,-0.400127,-0.049704,0.129944,-0.354263,-0.063418,0.081444,-0.343007,0.008152,0.096701,-0.488177,-0.005924,0.096151,-0.576851,-0.026889,0.086748,-0.64747,-0.04264,0.037931,-0.336112,-0.004019,0.045277,-0.466443,-0.017577,0.048711,-0.549661,-0.031569,0.047497,-0.616172,-0.041619,-0.005365,-0.304469,-0.02026,-0.001665,-0.398492,-0.027949,0.000601,-0.462591,-0.030699,0.004969,-0.522622,-0.033156,F
0.0,0.0,-0.0,0.084949,-0.048912,-0.023803,0.155915,-0.184315,-0.025551,0.194209,-0.294409,-0.028582,0.180183,-0.373176,-0.028099,0.122998,-0.320883,0.00916,0.153831,-0.43013,-0.022197,0.147977,-0.402335,-0.049675,0.128964,-0.354531,-0.062274,0.07924,-0.34401,0.006329,0.094407,-0.490489,-0.007245,0.094527,-0.578648,-0.02747,0.085809,-0.649437,-0.042829,0.03614,-0.33665,-0.004581,0.043134,-0.467909,-0.017509,0.04676,-0.55076,-0.031376,0.045643,-0.617715,-0.041514,-0.006635,-0.30452,-0.01941,-0.002151,-0.39876,-0.026242,9.5e-05,-0.462228,-0.028745,0.003621,-0.522026,-0.031221,F
0.0,0.0,-0.0,0.085714,-0.048086,-0.022795,0.158112,-0.183459,-0.023518,0.196008,-0.292894,-0.025931,0.180091,-0.371384,-0.025149,0.124675,-0.319363,0.011489,0.157047,-0.426908,-0.019952,0.150403,-0.403811,-0.048085,0.130411,-0.359938,-0.061352,0.081385,-0.343574,0.007862,0.096608,-0.488618,-0.006391,0.096314,-0.57791,-0.027181,0.086989,-0.648315,-0.04275,0.037999,-0.336991,-0.004012,0.045201,-0.468288,-0.018064,0.04838,-0.551694,-0.03264,0.047035,-0.617862,-0.04301,-0.005236,-0.305695,-0.01975,-0.001181,-0.40029,-0.028025,0.00081,-0.464678,-0.031575,0.004891,-0.524538,-0.034639,F
0.0,0.0,-0.0,0.086797,-0.049376,-0.022187,0.158611,-0.183296,-0.023428,0.195184,-0.294039,-0.026568,0.179805,-0.373982,-0.026636,0.126576,-0.317167,0.011631,0.158193,-0.426891,-0.020929,0.149945,-0.403442,-0.049787,0.129289,-0.359125,-0.063244,0.083194,-0.341573,0.007339,0.09887,-0.487999,-0.007606,0.097626,-0.577732,-0.028634,0.088032,-0.648334,-0.044079,0.039486,-0.335237,-0.005214,0.046656,-0.467123,-0.019581,0.049443,-0.551491,-0.033952,0.048198,-0.618363,-0.043953,-0.004704,-0.304423,-0.021578,-0.00063,-0.400146,-0.029621,0.001356,-0.464579,-0.032506,0.005693,-0.524466,-0.034982,F
0.0,0.0,-0.0,0.08768,-0.051193,-0.021353,0.158788,-0.186204,-0.022003,0.195509,-0.295613,-0.024434,0.181908,-0.374493,-0.023513,0.125772,-0.321666,0.011473,0.156061,-0.433171,-0.020349,0.148049,-0.404788,-0.048679,0.127613,-0.356754,-0.061661,0.081915,-0.344867,0.007596,0.097539,-0.490135,-0.006694,0.097737,-0.579049,-0.02828,0.089089,-0.649866,-0.044563,0.038662,-0.337978,-0.004192,0.04593,-0.469029,-0.017411,0.049106,-0.552384,-0.032355,0.047623,-0.618585,-0.043178,-0.004419,-0.306238,-0.019647,0.000357,-0.400707,-0.026467,0.002097,-0.464531,-0.029316,0.004999,-0.52352,-0.032062,F
0.0,0.0,-0.0,0.086365,-0.046622,-0.021899,0.159245,-0.183548,-0.022243,0.194836,-0.294411,-0.024354,0.178782,-0.372331,-0.023362,0.125969,-0.31607,0.009379,0.15757,-0.425045,-0.023432,0.150889,-0.401753,-0.051701,0.131034,-0.356786,-0.064682,0.08249,-0.341134,0.004914,0.098177,-0.486925,-0.010632,0.097975,-0.576502,-0.031008,0.088974,-0.646315,-0.045796,0.038818,-0.335113,-0.007684,0.046602,-0.46738,-0.022735,0.050011,-0.551595,-0.036699,0.049377,-0.618009,-0.046231,-0.005238,-0.304181,-0.02405,-0.000546,-0.39995,-0.03297,0.001441,-0.46435,-0.03615,0.00553,-0.524217,-0.038693,F
0.0,0.0,-0.0,0.085583,-0.048919,-0.022208,0.156599,-0.183081,-0.023535,0.192785,-0.292866,-0.026595,0.179243,-0.372277,-0.026586,0.12472,-0.317248,0.009519,0.15586,-0.426915,-0.02232,0.148668,-0.405196,-0.050271,0.128375,-0.361259,-0.063348,0.08123,-0.341426,0.005266,0.096661,-0.488355,-0.009484,0.095729,-0.577973,-0.030317,0.085993,-0.647726,-0.045951,0.037692,-0.334911,-0.006946,0.044912,-0.467766,-0.021128,0.047611,-0.551893,-0.035757,0.046206,-0.618385,-0.046325,-0.006172,-0.303764,-0.022883,-0.001871,-0.400279,-0.031311,-7.2e-05,-0.465124,-0.03481,0.003706,-0.525251,-0.037946,F
0.0,0.0,-0.0,0.08566,-0.047704,-0.021058,0.1579,-0.182768,-0.021899,0.194994,-0.292196,-0.024604,0.18057,-0.37158,-0.024101,0.123534,-0.316732,0.009042,0.155478,-0.42635,-0.022339,0.149874,-0.400334,-0.049239,0.131513,-0.354417,-0.061644,0.080467,-0.340892,0.004,0.096326,-0.487196,-0.010311,0.097116,-0.576529,-0.030185,0.089355,-0.647165,-0.045241,0.037402,-0.334678,-0.008927,0.044927,-0.466818,-0.022519,0.049014,-0.550653,-0.036019,0.048971,-0.617072,-0.045912,-0.005673,-0.303652,-0.025595,-0.001025,-0.39918,-0.033545,0.00145,-0.464085,-0.036585,0.006023,-0.524748,-0.039485,F
0.0,0.0,-0.0,0.086418,-0.051759,-0.021275,0.157496,-0.188014,-0.022242,0.195524,-0.296511,-0.025347,0.181418,-0.375191,-0.025026,0.122426,-0.323914,0.011715,0.15306,-0.433987,-0.02047,0.147739,-0.403021,-0.049226,0.129761,-0.354555,-0.062887,0.079192,-0.34679,0.006654,0.093253,-0.492628,-0.007538,0.094152,-0.580577,-0.028547,0.085982,-0.65167,-0.044715,0.03626,-0.33913,-0.00656,0.042806,-0.470791,-0.01968,0.046929,-0.55408,-0.033514,0.046308,-0.621785,-0.04399,-0.006268,-0.306527,-0.023686,-0.003178,-0.400642,-0.031056,-0.000935,-0.464702,-0.033831,0.003174,-0.525682,-0.036704,F
0.0,0.0,-0.0,0.084323,-0.046957,-0.02333,0.156672,-0.18249,-0.025042,0.194066,-0.292821,-0.028429,0.177341,-0.371336,-0.028628,0.123512,-0.317952,0.008123,0.155464,-0.427688,-0.026151,0.149446,-0.403135,-0.055254,0.130085,-0.356309,-0.068527,0.080184,-0.342016,0.003897,0.095103,-0.490136,-0.01239,0.093654,-0.580234,-0.032588,0.083306,-0.650253,-0.046999,0.036825,-0.335055,-0.008709,0.043509,-0.468266,-0.024564,0.045809,-0.55357,-0.037807,0.043766,-0.620785,-0.046525,-0.006986,-0.303635,-0.025287,-0.003606,-0.399318,-0.035118,-0.001948,-0.464503,-0.038306,0.001916,-0.525557,-0.04052,F
0.0,0.0,-0.0,0.084603,-0.052252,-0.021416,0.153893,-0.187503,-0.023,0.190909,-0.2963,-0.0264,0.178497,-0.37494,-0.026574,0.121317,-0.321904,0.007943,0.151229,-0.432305,-0.023677,0.145491,-0.405075,-0.051277,0.126928,-0.358712,-0.064352,0.078074,-0.34435,0.002893,0.091838,-0.492632,-0.01161,0.090869,-0.581943,-0.031911,0.081004,-0.653632,-0.047557,0.035036,-0.336448,-0.009891,0.040843,-0.470509,-0.023418,0.043609,-0.555177,-0.037279,0.042214,-0.624215,-0.047853,-0.008106,-0.303671,-0.026403,-0.00592,-0.40013,-0.034509,-0.004448,-0.464877,-0.037513,-0.000948,-0.526659,-0.04058,F
0.0,0.0,-0.0,0.085776,-0.049693,-0.02156,0.158009,-0.185642,-0.022786,0.195086,-0.295218,-0.025913,0.179654,-0.373639,-0.0259,0.12514,-0.321359,0.00919,0.156059,-0.430411,-0.023506,0.149714,-0.402255,-0.052363,0.130711,-0.354544,-0.066115,0.081641,-0.344643,0.004142,0.09588,-0.491043,-0.011535,0.0952,-0.580676,-0.033398,0.086224,-0.652288,-0.050033,0.03844,-0.337273,-0.008858,0.044701,-0.46991,-0.02351,0.047539,-0.554145,-0.038688,0.04643,-0.621677,-0.049937,-0.004495,-0.304973,-0.025591,-0.001207,-0.401085,-0.033966,0.000246,-0.465821,-0.03752,0.004089,-0.526596,-0.041019,F
0.0,0.0,-0.0,0.08525,-0.04867,-0.022902,0.156694,-0.182418,-0.024364,0.193899,-0.292627,-0.027255,0.179425,-0.371738,-0.026945,0.124596,-0.317138,0.008924,0.155791,-0.427479,-0.022624,0.147567,-0.403888,-0.050574,0.126597,-0.358964,-0.063725,0.080833,-0.341215,0.005312,0.096587,-0.487849,-0.009168,0.095598,-0.577242,-0.030425,0.08601,-0.648051,-0.046558,0.037363,-0.334725,-0.0062,0.044694,-0.467526,-0.020074,0.047226,-0.551267,-0.035206,0.045409,-0.61809,-0.046296,-0.006313,-0.303435,-0.021459,-0.001656,-0.399111,-0.029391,-0.000121,-0.463296,-0.032887,0.00307,-0.523009,-0.036208,F
0.0,0.0,-0.0,0.084523,-0.048088,-0.024073,0.155776,-0.181243,-0.026277,0.193608,-0.291043,-0.029829,0.179986,-0.371165,-0.030081,0.124574,-0.317384,0.008095,0.155872,-0.427276,-0.024631,0.147969,-0.403078,-0.05317,0.12683,-0.357172,-0.066366,0.080906,-0.341287,0.004726,0.096458,-0.487812,-0.010444,0.095473,-0.577095,-0.031617,0.08589,-0.647486,-0.047474,0.03758,-0.334725,-0.006798,0.044851,-0.466643,-0.021325,0.047547,-0.550107,-0.035719,0.046058,-0.616574,-0.046024,-0.005943,-0.303583,-0.022245,-0.001419,-0.399091,-0.03087,0.000199,-0.463028,-0.034082,0.003859,-0.522752,-0.036875,F
0.0,0.0,-0.0,0.085078,-0.048635,-0.025656,0.1578,-0.184571,-0.027494,0.194801,-0.295568,-0.030713,0.177072,-0.374522,-0.030514,0.124669,-0.319385,0.011097,0.156774,-0.428176,-0.022655,0.150662,-0.402381,-0.05259,0.131854,-0.355193,-0.066492,0.081169,-0.343901,0.008572,0.095494,-0.490259,-0.006801,0.093896,-0.579394,-0.027722,0.084145,-0.649157,-0.042703,0.037519,-0.337188,-0.002799,0.044263,-0.468621,-0.01766,0.046963,-0.552092,-0.031337,0.045511,-0.618742,-0.040421,-0.006371,-0.30591,-0.018465,-0.003257,-0.399977,-0.027093,-0.001697,-0.463908,-0.02992,0.002544,-0.524434,-0.031924,F
0.0,0.0,-0.0,0.085854,-0.049531,-0.023115,0.157328,-0.184005,-0.024427,0.192843,-0.294784,-0.027206,0.176234,-0.373476,-0.026982,0.124133,-0.317376,0.008274,0.154641,-0.427581,-0.024486,0.147678,-0.40626,-0.053063,0.127937,-0.363081,-0.066433,0.080519,-0.341184,0.004517,0.095543,-0.487517,-0.011055,0.094812,-0.577037,-0.031763,0.085339,-0.647196,-0.046951,0.036831,-0.334452,-0.007301,0.043499,-0.466274,-0.022487,0.046361,-0.550307,-0.036613,0.045171,-0.616988,-0.046266,-0.007622,-0.303352,-0.02293,-0.003859,-0.398624,-0.031991,-0.001653,-0.46268,-0.035154,0.002585,-0.522733,-0.037636,F
0.0,0.0,-0.0,0.085843,-0.047642,-0.018661,0.15761,-0.181997,-0.018952,0.195055,-0.289114,-0.022477,0.17988,-0.367739,-0.022766,0.121764,-0.317589,0.015374,0.155497,-0.424655,-0.018354,0.153265,-0.395798,-0.047439,0.135896,-0.345776,-0.060594,0.079146,-0.340734,0.00825,0.094304,-0.487615,-0.007065,0.095067,-0.577554,-0.026694,0.085974,-0.647638,-0.040782,0.03629,-0.333344,-0.007495,0.044021,-0.465575,-0.022213,0.048299,-0.55014,-0.034507,0.047395,-0.616386,-0.042834,-0.005986,-0.302078,-0.027097,-0.00225,-0.396872,-0.036722,8.2e-05,-0.46244,-0.039889,0.005256,-0.523698,-0.04215,F
0.0,0.0,-0.0,0.085266,-0.046516,-0.02157,0.156748,-0.179095,-0.023133,0.1957,-0.286828,-0.027062,0.182723,-0.366427,-0.02772,0.122792,-0.315866,0.012043,0.155711,-0.424142,-0.021487,0.151468,-0.395379,-0.050657,0.133749,-0.346247,-0.064154,0.08024,-0.33927,0.006738,0.096556,-0.485319,-0.008877,0.096966,-0.57439,-0.029633,0.088376,-0.644594,-0.044845,0.037354,-0.332461,-0.007027,0.045589,-0.463855,-0.021774,0.049461,-0.547924,-0.035193,0.048685,-0.614201,-0.044516,-0.005457,-0.301379,-0.02474,-0.000939,-0.396067,-0.033506,0.001645,-0.461253,-0.036658,0.00644,-0.521876,-0.039258,F
0.0,0.0,-0.0,0.084042,-0.045649,-0.022855,0.156244,-0.179169,-0.024661,0.194535,-0.288658,-0.028603,0.180687,-0.368262,-0.029061,0.12435,-0.315076,0.01256,0.157515,-0.423111,-0.02111,0.152993,-0.394189,-0.050449,0.135279,-0.344715,-0.063774,0.081479,-0.33945,0.008247,0.097333,-0.484778,-0.006542,0.096911,-0.573669,-0.026391,0.087935,-0.644231,-0.040616,0.038325,-0.333223,-0.004858,0.046072,-0.463908,-0.019037,0.049564,-0.548091,-0.031585,0.048357,-0.614716,-0.039965,-0.004836,-0.302807,-0.022106,-0.000237,-0.396752,-0.030107,0.002021,-0.46134,-0.032361,0.006575,-0.521671,-0.034024,F
0.0,0.0,-0.0,0.085534,-0.046116,-0.022496,0.158824,-0.17958,-0.023704,0.196013,-0.2886,-0.02678,0.180354,-0.367001,-0.026536,0.124451,-0.313827,0.010809,0.157093,-0.42229,-0.022772,0.151046,-0.394279,-0.052228,0.132478,-0.346642,-0.06589,0.081201,-0.338103,0.006537,0.096668,-0.483798,-0.008643,0.096173,-0.572746,-0.029254,0.087098,-0.643007,-0.044296,0.037839,-0.331669,-0.00622,0.04533,-0.462615,-0.020575,0.048446,-0.54667,-0.034309,0.04719,-0.613494,-0.043773,-0.005311,-0.301062,-0.022937,-0.000722,-0.395271,-0.031072,0.001124,-0.459757,-0.034041,0.005119,-0.520581,-0.036493,F
0.0,0.0,-0.0,0.085976,-0.04701,-0.021542,0.158271,-0.180916,-0.022353,0.196444,-0.290088,-0.025053,0.181134,-0.369285,-0.024776,0.124379,-0.316343,0.010115,0.157166,-0.425333,-0.021705,0.150422,-0.404568,-0.049691,0.130654,-0.362913,-0.063026,0.081597,-0.340943,0.0051,0.097516,-0.487829,-0.009825,0.097156,-0.577003,-0.030266,0.087542,-0.646174,-0.045508,0.038371,-0.33474,-0.007943,0.046084,-0.466638,-0.022373,0.049408,-0.550629,-0.036308,0.048176,-0.617051,-0.046283,-0.005123,-0.303923,-0.024772,-0.000676,-0.39886,-0.033904,0.001668,-0.463401,-0.037576,0.006363,-0.523846,-0.040689,F
0.0,0.0,-0.0,0.084601,-0.04607,-0.022544,0.158561,-0.181366,-0.023403,0.197645,-0.290172,-0.025895,0.181521,-0.368272,-0.025239,0.125047,-0.315854,0.009411,0.158165,-0.424449,-0.022938,0.151193,-0.401965,-0.051386,0.130973,-0.358411,-0.064858,0.081904,-0.340371,0.005039,0.098276,-0.487206,-0.009958,0.098467,-0.576344,-0.030555,0.08939,-0.645666,-0.045853,0.03859,-0.334154,-0.007483,0.04705,-0.466391,-0.022005,0.050816,-0.550515,-0.036084,0.050022,-0.617373,-0.04609,-0.004764,-0.30357,-0.023885,0.000223,-0.39889,-0.032868,0.00256,-0.463653,-0.036485,0.007364,-0.524515,-0.039553,F
0.0,0.0,-0.0,0.08351,-0.045636,-0.023778,0.156124,-0.181462,-0.025601,0.195179,-0.290392,-0.028996,0.180238,-0.369364,-0.028914,0.121447,-0.317895,0.009273,0.15424,-0.426865,-0.023486,0.14967,-0.400372,-0.051916,0.131083,-0.353082,-0.064938,0.078352,-0.341435,0.005618,0.093734,-0.489237,-0.008388,0.093898,-0.579001,-0.027719,0.084942,-0.650195,-0.042103,0.035438,-0.334149,-0.006544,0.042611,-0.467147,-0.019879,0.046524,-0.551337,-0.03258,0.045598,-0.618731,-0.041692,-0.006827,-0.302535,-0.022853,-0.003204,-0.39782,-0.030732,-0.000687,-0.462744,-0.033483,0.004247,-0.524282,-0.035918,F
0.0,0.0,-0.0,0.086245,-0.047727,-0.02295,0.159952,-0.18329,-0.024178,0.198084,-0.293088,-0.027568,0.181753,-0.371856,-0.027598,0.126098,-0.317861,0.012687,0.159297,-0.4273,-0.021841,0.153662,-0.400031,-0.051897,0.134357,-0.351789,-0.065578,0.082664,-0.34315,0.008258,0.097735,-0.490552,-0.007419,0.096598,-0.580907,-0.027756,0.086577,-0.651338,-0.042089,0.038757,-0.337292,-0.005074,0.045919,-0.469496,-0.020188,0.048985,-0.554505,-0.033077,0.047552,-0.621263,-0.04146,-0.005292,-0.307168,-0.022563,-0.001619,-0.40177,-0.031674,0.000545,-0.466965,-0.034474,0.005534,-0.528091,-0.036308,F
0.0,0.0,-0.0,0.083593,-0.048843,-0.026606,0.158088,-0.183644,-0.029567,0.198352,-0.294159,-0.033731,0.182582,-0.374536,-0.034261,0.126668,-0.322563,0.009275,0.158888,-0.434912,-0.0253,0.151937,-0.407863,-0.055733,0.132458,-0.359623,-0.069802,0.082701,-0.34723,0.006835,0.097753,-0.495397,-0.008868,0.096939,-0.585525,-0.029966,0.088061,-0.657412,-0.045328,0.038775,-0.340744,-0.004532,0.045724,-0.473366,-0.019359,0.049196,-0.5577,-0.03298,0.048441,-0.625761,-0.042324,-0.005176,-0.309502,-0.020302,-0.0018,-0.404291,-0.028603,0.000224,-0.468783,-0.031162,0.005058,-0.53032,-0.03319,F
0.0,0.0,-0.0,0.083405,-0.05018,-0.022151,0.156637,-0.188497,-0.023298,0.196409,-0.297029,-0.026217,0.180433,-0.374243,-0.025683,0.121578,-0.324934,0.008899,0.154174,-0.434508,-0.023112,0.150872,-0.404247,-0.051218,0.133857,-0.355146,-0.064404,0.078113,-0.348697,0.004304,0.092043,-0.497755,-0.00952,0.092191,-0.587197,-0.029151,0.083085,-0.65958,-0.044094,0.035064,-0.341197,-0.00839,0.041349,-0.475712,-0.021293,0.045375,-0.560377,-0.034449,0.044608,-0.629694,-0.044394,-0.007134,-0.308593,-0.025066,-0.004958,-0.403474,-0.032469,-0.003396,-0.468239,-0.035036,0.000512,-0.530429,-0.037683,F
0.0,0.0,-0.0,0.084988,-0.045615,-0.025198,0.160755,-0.182293,-0.02677,0.199794,-0.292468,-0.029806,0.182829,-0.371076,-0.029362,0.127288,-0.319727,0.009467,0.160152,-0.429879,-0.025279,0.155139,-0.402263,-0.055365,0.13712,-0.353216,-0.069089,0.083511,-0.345432,0.006364,0.099035,-0.493276,-0.009513,0.098617,-0.584103,-0.029566,0.089744,-0.65507,-0.043602,0.039335,-0.339499,-0.005637,0.046897,-0.472703,-0.021041,0.05054,-0.557876,-0.033826,0.04989,-0.624854,-0.041953,-0.005095,-0.308878,-0.02198,-0.00061,-0.403633,-0.031271,0.001875,-0.468888,-0.034,0.007036,-0.530141,-0.035641,F
0.0,0.0,-0.0,0.083356,-0.049057,-0.0241,0.156422,-0.18289,-0.027038,0.196117,-0.292208,-0.031459,0.181347,-0.372318,-0.032792,0.125627,-0.324386,0.005376,0.156844,-0.437695,-0.029588,0.152158,-0.41163,-0.059705,0.135038,-0.364146,-0.073973,0.082413,-0.348036,0.000973,0.097682,-0.49702,-0.016416,0.097032,-0.586804,-0.03739,0.087984,-0.658001,-0.052595,0.038799,-0.340623,-0.011632,0.045976,-0.474045,-0.028075,0.049422,-0.559742,-0.041552,0.048661,-0.628481,-0.050689,-0.006058,-0.308484,-0.028252,-0.001981,-0.404509,-0.0382,0.00023,-0.469608,-0.040948,0.00447,-0.531462,-0.043009,F
0.0,0.0,-0.0,0.0791,-0.053139,-0.003733,0.148135,-0.194226,-0.00138,0.184197,-0.295289,-0.006174,0.181938,-0.37375,-0.009624,0.111152,-0.333795,0.015708,0.143421,-0.442526,-0.022579,0.147856,-0.405998,-0.054503,0.136013,-0.356221,-0.07053,0.076653,-0.345882,-0.003554,0.077936,-0.501598,-0.025238,0.072609,-0.602274,-0.049443,0.055743,-0.683676,-0.069065,0.040451,-0.330129,-0.030194,0.038961,-0.473689,-0.049573,0.036648,-0.569308,-0.065452,0.028894,-0.647239,-0.078815,0.004578,-0.291188,-0.059448,0.001038,-0.395739,-0.075133,-0.00328,-0.470645,-0.082594,-0.005153,-0.542836,-0.089696,F
0.0,0.0,-0.0,0.077196,-0.054078,-0.002961,0.145681,-0.194958,0.000276,0.1822,-0.294495,-0.003648,0.180892,-0.371895,-0.006223,0.109131,-0.333843,0.01649,0.142732,-0.439295,-0.020552,0.146689,-0.403931,-0.051675,0.134405,-0.3563,-0.067514,0.075948,-0.345742,-0.002987,0.0777,-0.500848,-0.024356,0.072655,-0.602053,-0.048993,0.055695,-0.684751,-0.069125,0.040411,-0.32919,-0.02966,0.038662,-0.474128,-0.049121,0.035344,-0.570685,-0.066298,0.027029,-0.650849,-0.080789,0.004808,-0.289407,-0.058775,0.000802,-0.394811,-0.075159,-0.00421,-0.471016,-0.084022,-0.006504,-0.545416,-0.092317,F
0.0,0.0,-0.0,-0.0807,-0.027373,-0.032898,-0.148948,-0.114419,-0.054524,-0.181227,-0.205217,-0.078491,-0.142637,-0.246067,-0.094478,-0.120304,-0.273751,0.004835,-0.137371,-0.359546,-0.044205,-0.135655,-0.30234,-0.082116,-0.125464,-0.251489,-0.100249,-0.075405,-0.302274,0.000821,-0.086381,-0.427322,-0.025021,-0.083989,-0.501444,-0.041555,-0.083103,-0.577953,-0.051492,-0.032229,-0.299348,-0.015206,-0.046807,-0.418388,-0.038556,-0.05032,-0.492425,-0.049887,-0.055427,-0.560721,-0.054561,0.014928,-0.273211,-0.03631,0.009206,-0.371141,-0.045348,0.00518,-0.428917,-0.046504,0.002319,-0.481565,-0.046464,F
0.0,0.0,-0.0,-0.080828,-0.026281,-0.030185,-0.148426,-0.116501,-0.05015,-0.180531,-0.208438,-0.07314,-0.143094,-0.247193,-0.088536,-0.120015,-0.276996,0.007849,-0.136604,-0.363275,-0.039869,-0.136429,-0.309393,-0.077338,-0.128573,-0.258504,-0.095388,-0.075272,-0.305162,0.002508,-0.086632,-0.431549,-0.022355,-0.084806,-0.505971,-0.038538,-0.08485,-0.580754,-0.048549,-0.03208,-0.301896,-0.014677,-0.045921,-0.420971,-0.036638,-0.049584,-0.495061,-0.047817,-0.05548,-0.563634,-0.053004,0.014941,-0.27599,-0.036839,0.009634,-0.374825,-0.045001,0.005928,-0.433478,-0.046154,0.003087,-0.487524,-0.046635,F
0.0,0.0,-0.0,-0.080381,-0.027294,-0.030115,-0.147329,-0.117633,-0.050105,-0.179905,-0.208688,-0.073217,-0.143236,-0.247339,-0.088635,-0.117962,-0.278513,0.008905,-0.134095,-0.362244,-0.038882,-0.133536,-0.307234,-0.076421,-0.12554,-0.255881,-0.094418,-0.074072,-0.306979,0.00333,-0.085333,-0.431868,-0.021834,-0.083814,-0.506277,-0.037905,-0.083736,-0.581202,-0.047543,-0.031374,-0.303402,-0.014203,-0.045499,-0.422433,-0.036371,-0.049224,-0.496563,-0.046928,-0.054876,-0.56582,-0.051397,0.015066,-0.276972,-0.036768,0.009439,-0.376093,-0.044779,0.005655,-0.434665,-0.045219,0.003008,-0.488866,-0.044989,F
0.0,0.0,-0.0,-0.080284,-0.026089,-0.03066,-0.147617,-0.114688,-0.050606,-0.179486,-0.205156,-0.073322,-0.142473,-0.24345,-0.088481,-0.118493,-0.272872,0.006847,-0.135835,-0.358848,-0.041123,-0.13616,-0.304276,-0.078407,-0.128248,-0.253367,-0.096073,-0.074206,-0.300753,0.002028,-0.08513,-0.426324,-0.023553,-0.083869,-0.501117,-0.039886,-0.084178,-0.576614,-0.04952,-0.031452,-0.297508,-0.014572,-0.044884,-0.416257,-0.037409,-0.048757,-0.490493,-0.048702,-0.054523,-0.558994,-0.053341,0.014905,-0.271795,-0.036052,0.009994,-0.369883,-0.044511,0.006444,-0.428322,-0.045443,0.003895,-0.481882,-0.045348,F
0.0,0.0,-0.0,-0.079282,-0.029681,-0.033202,-0.146733,-0.117872,-0.055043,-0.178977,-0.209772,-0.079195,-0.138589,-0.25167,-0.09518,-0.116947,-0.27909,0.004599,-0.132119,-0.364445,-0.043935,-0.130429,-0.304792,-0.081628,-0.120333,-0.252788,-0.099929,-0.071823,-0.306024,0.000807,-0.080682,-0.429794,-0.025568,-0.077547,-0.503202,-0.043131,-0.07623,-0.579005,-0.054125,-0.02911,-0.301872,-0.014879,-0.041207,-0.420791,-0.038254,-0.042752,-0.493483,-0.050707,-0.046772,-0.561053,-0.056377,0.016818,-0.274608,-0.035593,0.012584,-0.373402,-0.044487,0.009749,-0.431785,-0.046569,0.007905,-0.484598,-0.04747,F
0.0,0.0,-0.0,-0.081841,-0.030981,-0.031939,-0.147329,-0.12008,-0.052686,-0.178177,-0.211738,-0.076133,-0.138166,-0.249177,-0.091467,-0.116001,-0.279542,0.009294,-0.129822,-0.363587,-0.037816,-0.129642,-0.307074,-0.075171,-0.12175,-0.256552,-0.093232,-0.070806,-0.305969,0.005108,-0.077631,-0.428557,-0.019253,-0.07361,-0.500765,-0.035198,-0.07176,-0.574754,-0.045025,-0.028747,-0.300821,-0.011275,-0.038148,-0.417509,-0.032478,-0.039454,-0.490055,-0.042734,-0.043222,-0.55678,-0.047047,0.017051,-0.272546,-0.032907,0.014377,-0.370135,-0.040093,0.012187,-0.428574,-0.04059,0.010857,-0.48171,-0.040395,F
0.0,0.0,-0.0,-0.080317,-0.030598,-0.031233,-0.145673,-0.119246,-0.051827,-0.176674,-0.21097,-0.075152,-0.137285,-0.24844,-0.090556,-0.114364,-0.277208,0.008554,-0.128666,-0.360781,-0.038356,-0.128709,-0.304842,-0.075462,-0.120596,-0.25431,-0.093414,-0.069445,-0.303759,0.004035,-0.076588,-0.42678,-0.020237,-0.072585,-0.499645,-0.03604,-0.070433,-0.573723,-0.04576,-0.027259,-0.299277,-0.012469,-0.037529,-0.416148,-0.03394,-0.03896,-0.489081,-0.044564,-0.042776,-0.555955,-0.049104,0.018225,-0.271819,-0.034059,0.015567,-0.369318,-0.041624,0.013348,-0.42716,-0.0423,0.01183,-0.47941,-0.042224,F
0.0,0.0,-0.0,-0.079881,-0.030073,-0.031652,-0.1459,-0.120563,-0.052123,-0.176422,-0.211956,-0.075161,-0.137524,-0.250567,-0.090349,-0.115221,-0.280953,0.006984,-0.129705,-0.364714,-0.039717,-0.12781,-0.307361,-0.076605,-0.117373,-0.25743,-0.094709,-0.070225,-0.306926,0.002483,-0.077506,-0.428985,-0.021908,-0.073121,-0.500927,-0.038334,-0.070308,-0.575801,-0.048875,-0.028357,-0.301604,-0.013884,-0.03826,-0.419427,-0.036164,-0.039004,-0.491807,-0.048232,-0.04192,-0.558974,-0.05398,0.017019,-0.273067,-0.035235,0.014373,-0.371652,-0.04415,0.012495,-0.430195,-0.046429,0.011636,-0.483822,-0.047656,F
0.0,0.0,-0.0,-0.079984,-0.030432,-0.032877,-0.146782,-0.120012,-0.054581,-0.177944,-0.211646,-0.07876,-0.137248,-0.249836,-0.094941,-0.114814,-0.280973,0.005331,-0.129943,-0.363903,-0.043323,-0.128498,-0.304585,-0.081259,-0.118212,-0.253621,-0.09978,-0.069399,-0.307029,0.000972,-0.077388,-0.429393,-0.025018,-0.073414,-0.502427,-0.042029,-0.070913,-0.57848,-0.052688,-0.027131,-0.301555,-0.015435,-0.037975,-0.419524,-0.038809,-0.039042,-0.491992,-0.050707,-0.042091,-0.559586,-0.056003,0.018314,-0.272593,-0.036954,0.014955,-0.371112,-0.04631,0.012761,-0.429804,-0.04837,0.011876,-0.483575,-0.049195,F
0.0,0.0,-0.0,-0.080358,-0.031112,-0.029788,-0.144659,-0.121958,-0.049043,-0.174666,-0.21354,-0.071191,-0.135137,-0.250529,-0.085609,-0.113457,-0.279706,0.01023,-0.126928,-0.363505,-0.035031,-0.126189,-0.308431,-0.071467,-0.117706,-0.259281,-0.089465,-0.068192,-0.305836,0.005332,-0.075157,-0.428146,-0.017708,-0.0708,-0.499624,-0.033847,-0.068676,-0.572683,-0.04437,-0.026201,-0.300679,-0.01129,-0.03497,-0.416574,-0.03176,-0.035966,-0.488189,-0.043225,-0.039961,-0.554015,-0.048955,0.019222,-0.272348,-0.032842,0.016659,-0.36889,-0.040186,0.01428,-0.426397,-0.04168,0.012406,-0.478748,-0.0426,F
0.0,0.0,-0.0,-0.080651,-0.029117,-0.028775,-0.145354,-0.117974,-0.047404,-0.174844,-0.208923,-0.06892,-0.135263,-0.245569,-0.08269,-0.11481,-0.272244,0.010306,-0.127901,-0.357566,-0.034235,-0.126665,-0.302945,-0.069728,-0.118063,-0.253953,-0.086995,-0.069995,-0.298679,0.005568,-0.076635,-0.421079,-0.016925,-0.071912,-0.4921,-0.032007,-0.069593,-0.565321,-0.041523,-0.02823,-0.294454,-0.010684,-0.03744,-0.410464,-0.030504,-0.03875,-0.481709,-0.040649,-0.042707,-0.546991,-0.045265,0.017632,-0.267197,-0.031774,0.015115,-0.362452,-0.038502,0.012606,-0.419606,-0.039186,0.010656,-0.471595,-0.039322,F
0.0,0.0,-0.0,-0.081039,-0.027912,-0.028438,-0.145505,-0.118444,-0.046261,-0.176025,-0.20991,-0.067181,-0.139724,-0.244873,-0.080548,-0.115329,-0.274042,0.01266,-0.129044,-0.358119,-0.030624,-0.12878,-0.305432,-0.065904,-0.1213,-0.256423,-0.083215,-0.071048,-0.300936,0.007772,-0.078407,-0.422908,-0.013672,-0.075177,-0.494537,-0.028559,-0.073947,-0.566045,-0.03809,-0.02945,-0.296809,-0.008729,-0.038712,-0.41208,-0.027614,-0.040696,-0.483871,-0.037749,-0.045287,-0.549078,-0.042602,0.016168,-0.270085,-0.030167,0.01393,-0.365932,-0.036179,0.011663,-0.42337,-0.036617,0.010217,-0.475846,-0.036853,F
0.0,0.0,-0.0,-0.081555,-0.029798,-0.031389,-0.147418,-0.119452,-0.051484,-0.178646,-0.211264,-0.074269,-0.14048,-0.248728,-0.088957,-0.116001,-0.278286,0.009347,-0.130277,-0.361503,-0.036801,-0.129548,-0.3053,-0.073214,-0.121416,-0.255922,-0.090834,-0.071203,-0.304709,0.004949,-0.078743,-0.425829,-0.019432,-0.074653,-0.497516,-0.035289,-0.072786,-0.570903,-0.045063,-0.0292,-0.299703,-0.011494,-0.039442,-0.415804,-0.032981,-0.041,-0.486671,-0.043487,-0.04501,-0.552635,-0.047949,0.016504,-0.272556,-0.033069,0.012992,-0.369986,-0.040456,0.010625,-0.427483,-0.041162,0.009339,-0.480169,-0.041204,F
0.0,0.0,-0.0,-0.07892,-0.029301,-0.033096,-0.144104,-0.117812,-0.0543,-0.175972,-0.208495,-0.077808,-0.13713,-0.24512,-0.093455,-0.114218,-0.277574,0.00586,-0.128197,-0.358771,-0.041045,-0.126842,-0.301693,-0.078146,-0.117507,-0.251842,-0.096421,-0.069048,-0.30388,0.002298,-0.075522,-0.424247,-0.022484,-0.070199,-0.494835,-0.039233,-0.066586,-0.568093,-0.049941,-0.02678,-0.298898,-0.013144,-0.035663,-0.413907,-0.03525,-0.03633,-0.484638,-0.047253,-0.039623,-0.550324,-0.052903,0.018725,-0.270679,-0.0337,0.016836,-0.367156,-0.041808,0.015158,-0.423953,-0.043635,0.014229,-0.475838,-0.044601,F
0.0,0.0,-0.0,-0.081205,-0.028627,-0.027396,-0.145218,-0.118292,-0.045021,-0.175601,-0.209169,-0.065943,-0.138377,-0.245532,-0.079106,-0.115094,-0.277423,0.015039,-0.128791,-0.357718,-0.027882,-0.128313,-0.303391,-0.062848,-0.12022,-0.254902,-0.079748,-0.070422,-0.303751,0.009865,-0.076625,-0.423022,-0.010475,-0.071301,-0.492128,-0.023228,-0.067946,-0.562278,-0.030909,-0.029021,-0.298674,-0.007098,-0.037078,-0.411679,-0.025106,-0.037992,-0.48241,-0.032737,-0.04139,-0.546234,-0.035486,0.0165,-0.270388,-0.029079,0.014786,-0.365252,-0.034408,0.012855,-0.422119,-0.033276,0.012026,-0.473942,-0.031898,F
0.0,0.0,-0.0,0.035877,-0.141447,-0.058023,0.008355,-0.30327,-0.073943,-0.005045,-0.431367,-0.081446,0.006813,-0.51517,-0.081805,-0.190225,-0.327696,-0.054941,-0.333418,-0.37541,-0.113503,-0.417512,-0.386629,-0.152235,-0.499533,-0.4023,-0.177651,-0.219993,-0.234851,-0.047578,-0.272625,-0.270174,-0.089941,-0.163414,-0.217273,-0.088126,-0.128668,-0.220153,-0.083433,-0.231978,-0.133453,-0.05138,-0.267066,-0.154365,-0.110668,-0.160411,-0.112,-0.090621,-0.133366,-0.127641,-0.067753,-0.233161,-0.034705,-0.060177,-0.27226,-0.050131,-0.101844,-0.192205,-0.03664,-0.085025,-0.160843,-0.038141,-0.067126,G
0.0,0.0,-0.0,0.033706,-0.135828,-0.051271,0.002293,-0.300395,-0.06575,-0.006655,-0.426497,-0.074248,0.004069,-0.506182,-0.076845,-0.191841,-0.323379,-0.049457,-0.333579,-0.376693,-0.103505,-0.416842,-0.389419,-0.138463,-0.498206,-0.402571,-0.162407,-0.221083,-0.236097,-0.04653,-0.270664,-0.272391,-0.08918,-0.162042,-0.223137,-0.088244,-0.125941,-0.226048,-0.084407,-0.232884,-0.13758,-0.053802,-0.263685,-0.156315,-0.111913,-0.158528,-0.118394,-0.091883,-0.131118,-0.13203,-0.069814,-0.235523,-0.039965,-0.065864,-0.269563,-0.055268,-0.110468,-0.19078,-0.042136,-0.096701,-0.161206,-0.042087,-0.080767,G
0.0,0.0,-0.0,0.034613,-0.133313,-0.05052,0.003653,-0.293272,-0.066423,-0.007622,-0.418685,-0.076713,0.002056,-0.499889,-0.081291,-0.189273,-0.31803,-0.050921,-0.331432,-0.369156,-0.106216,-0.414781,-0.382396,-0.141305,-0.496209,-0.397187,-0.165389,-0.218153,-0.229766,-0.048895,-0.266614,-0.265663,-0.094013,-0.158216,-0.213783,-0.09265,-0.123817,-0.217949,-0.087797,-0.230053,-0.131184,-0.056863,-0.260983,-0.150989,-0.117004,-0.157384,-0.112026,-0.095333,-0.131524,-0.126836,-0.071658,-0.233241,-0.033258,-0.06944,-0.268692,-0.04742,-0.114661,-0.190034,-0.033556,-0.099218,-0.160076,-0.03481,-0.081813,G
0.0,0.0,-0.0,0.034901,-0.131022,-0.049569,0.004163,-0.29717,-0.064929,-0.005794,-0.424252,-0.075221,0.006862,-0.503116,-0.080346,-0.186839,-0.320164,-0.049342,-0.327153,-0.374736,-0.101471,-0.408992,-0.389087,-0.134496,-0.488924,-0.404731,-0.157964,-0.217427,-0.235046,-0.048111,-0.267154,-0.275781,-0.092287,-0.159604,-0.225197,-0.092142,-0.122079,-0.227406,-0.088616,-0.230237,-0.137775,-0.056328,-0.261485,-0.161638,-0.114706,-0.158854,-0.122357,-0.094094,-0.130927,-0.133235,-0.071737,-0.234494,-0.039854,-0.06922,-0.267832,-0.057942,-0.114496,-0.189088,-0.04333,-0.10084,-0.158804,-0.04226,-0.084954,G
0.0,0.0,-0.0,0.036682,-0.13353,-0.050276,0.005581,-0.298197,-0.064452,-0.004094,-0.426257,-0.073213,0.008624,-0.507051,-0.076772,-0.186435,-0.322404,-0.048414,-0.325412,-0.374373,-0.102142,-0.407062,-0.389462,-0.136578,-0.486997,-0.405579,-0.160502,-0.215519,-0.23496,-0.047268,-0.265694,-0.274765,-0.092477,-0.159404,-0.223159,-0.093276,-0.123993,-0.224852,-0.089915,-0.227757,-0.136525,-0.056138,-0.25922,-0.15609,-0.117114,-0.156343,-0.116479,-0.098573,-0.129372,-0.130552,-0.07671,-0.232232,-0.038286,-0.069505,-0.26696,-0.055466,-0.115994,-0.189163,-0.040219,-0.102833,-0.159794,-0.039656,-0.08704,G
0.0,0.0,-0.0,0.03633,-0.1322,-0.051017,0.005671,-0.295341,-0.066456,-0.004274,-0.42566,-0.076223,0.007817,-0.508098,-0.080485,-0.185259,-0.323784,-0.049933,-0.324951,-0.37458,-0.105268,-0.407881,-0.388695,-0.141707,-0.487995,-0.404057,-0.166574,-0.215015,-0.235426,-0.047764,-0.264612,-0.273447,-0.091839,-0.158557,-0.221687,-0.092308,-0.122811,-0.223037,-0.08922,-0.227738,-0.136756,-0.055672,-0.259647,-0.156567,-0.114339,-0.157765,-0.117896,-0.09502,-0.130586,-0.130969,-0.073305,-0.231741,-0.039108,-0.068243,-0.266134,-0.056497,-0.111188,-0.189557,-0.042117,-0.096042,-0.16051,-0.041232,-0.079366,G
0.0,0.0,-0.0,0.03565,-0.135433,-0.048215,0.007116,-0.3055,-0.062161,-0.003968,-0.436796,-0.071179,0.010549,-0.517483,-0.074239,-0.182389,-0.331675,-0.045816,-0.326177,-0.383811,-0.103676,-0.410029,-0.392256,-0.141837,-0.49064,-0.403656,-0.166531,-0.212207,-0.243221,-0.044084,-0.265539,-0.277661,-0.087765,-0.15845,-0.22221,-0.08926,-0.121953,-0.223723,-0.087377,-0.224682,-0.14473,-0.052404,-0.26222,-0.164288,-0.110331,-0.157252,-0.120662,-0.090717,-0.126404,-0.13228,-0.06886,-0.229216,-0.047246,-0.065221,-0.26969,-0.06423,-0.106497,-0.191236,-0.047157,-0.090635,-0.159172,-0.045279,-0.073494,G
0.0,0.0,-0.0,0.036775,-0.135036,-0.051104,0.007358,-0.300255,-0.065905,-0.00273,-0.432192,-0.074679,0.009763,-0.515477,-0.077575,-0.183417,-0.327015,-0.050383,-0.324458,-0.377574,-0.10665,-0.407532,-0.390877,-0.144581,-0.487533,-0.405557,-0.170203,-0.213037,-0.236655,-0.047477,-0.265008,-0.274006,-0.090848,-0.159087,-0.222087,-0.092199,-0.122896,-0.223003,-0.090269,-0.225876,-0.137446,-0.054583,-0.261284,-0.159359,-0.112534,-0.158094,-0.118963,-0.093522,-0.128283,-0.130619,-0.072161,-0.230004,-0.039837,-0.066366,-0.268169,-0.058231,-0.108492,-0.191144,-0.043372,-0.093307,-0.159807,-0.042253,-0.076704,G
0.0,0.0,-0.0,0.034127,-0.140365,-0.054957,0.004418,-0.302825,-0.066832,-0.007386,-0.432831,-0.07073,0.003229,-0.514851,-0.067284,-0.188494,-0.330009,-0.047121,-0.329512,-0.380166,-0.102932,-0.412561,-0.39145,-0.141301,-0.492957,-0.406592,-0.16666,-0.217399,-0.238287,-0.040771,-0.268157,-0.277493,-0.081434,-0.16062,-0.225104,-0.082173,-0.126056,-0.226638,-0.079525,-0.230463,-0.139537,-0.045497,-0.26449,-0.162854,-0.102573,-0.15996,-0.120915,-0.085502,-0.133926,-0.135795,-0.065048,-0.234496,-0.043334,-0.055211,-0.270038,-0.061273,-0.095681,-0.192838,-0.04735,-0.081017,-0.164648,-0.047566,-0.064873,G
0.0,0.0,-0.0,0.036772,-0.137837,-0.053969,0.005953,-0.302794,-0.068173,-0.00451,-0.434276,-0.075569,0.007512,-0.516925,-0.076089,-0.185679,-0.330063,-0.048209,-0.326533,-0.380296,-0.105177,-0.409394,-0.391228,-0.143071,-0.489877,-0.404971,-0.167991,-0.214757,-0.238666,-0.043681,-0.266994,-0.276389,-0.085303,-0.160215,-0.223558,-0.085847,-0.126495,-0.227953,-0.083407,-0.227374,-0.140166,-0.050104,-0.262341,-0.161649,-0.107486,-0.158392,-0.119242,-0.088839,-0.132205,-0.134833,-0.067737,-0.231756,-0.04382,-0.061582,-0.269829,-0.060816,-0.102509,-0.192868,-0.045113,-0.087171,-0.164017,-0.044972,-0.070659,G
0.0,0.0,-0.0,0.03644,-0.134583,-0.052106,0.006056,-0.295791,-0.065215,-0.006423,-0.424832,-0.071544,0.003866,-0.508091,-0.071861,-0.187504,-0.322814,-0.048657,-0.327679,-0.372832,-0.102952,-0.410534,-0.386401,-0.139274,-0.490057,-0.401838,-0.163967,-0.216159,-0.232992,-0.044845,-0.266948,-0.270517,-0.086844,-0.15984,-0.219475,-0.086758,-0.123111,-0.22066,-0.083382,-0.228967,-0.133767,-0.051428,-0.262486,-0.15616,-0.109957,-0.158747,-0.115312,-0.091589,-0.131323,-0.128094,-0.070156,-0.233056,-0.035334,-0.062597,-0.269901,-0.054554,-0.106373,-0.19143,-0.040124,-0.092085,-0.160713,-0.038902,-0.075724,G
0.0,0.0,-0.0,0.036926,-0.134464,-0.056218,0.007336,-0.295573,-0.073229,-0.005179,-0.424325,-0.082948,0.007324,-0.508694,-0.086833,-0.181336,-0.323016,-0.057471,-0.322342,-0.370982,-0.118085,-0.40586,-0.384346,-0.158513,-0.486531,-0.399714,-0.185402,-0.210107,-0.231789,-0.053028,-0.264639,-0.271617,-0.099861,-0.157787,-0.220679,-0.101291,-0.120418,-0.221156,-0.098822,-0.222991,-0.13213,-0.059438,-0.261371,-0.154978,-0.121632,-0.157195,-0.113432,-0.103186,-0.127749,-0.126909,-0.081444,-0.227711,-0.034385,-0.07077,-0.26967,-0.051596,-0.116063,-0.191222,-0.036179,-0.101581,-0.158317,-0.034994,-0.085314,G
0.0,0.0,-0.0,0.035846,-0.136292,-0.051665,0.007479,-0.296489,-0.067196,-0.002886,-0.423592,-0.076429,0.00879,-0.504991,-0.079903,-0.183609,-0.322526,-0.051247,-0.324447,-0.372354,-0.108238,-0.407686,-0.384936,-0.147622,-0.487538,-0.399439,-0.174257,-0.212849,-0.233486,-0.047385,-0.266034,-0.269857,-0.090722,-0.159516,-0.21856,-0.092414,-0.119907,-0.21721,-0.090777,-0.22549,-0.134135,-0.053435,-0.262687,-0.157594,-0.11183,-0.158549,-0.116767,-0.09334,-0.125817,-0.126596,-0.072136,-0.228639,-0.036258,-0.063995,-0.269358,-0.054868,-0.106951,-0.190525,-0.04004,-0.091799,-0.155705,-0.037978,-0.075023,G
0.0,0.0,-0.0,0.037617,-0.133462,-0.0515,0.009218,-0.292478,-0.068911,-0.002333,-0.419496,-0.08041,0.009896,-0.50206,-0.086629,-0.179316,-0.318883,-0.053523,-0.319073,-0.367067,-0.112553,-0.402541,-0.380252,-0.153034,-0.483186,-0.394406,-0.180384,-0.209095,-0.228958,-0.049822,-0.263715,-0.266324,-0.095589,-0.157171,-0.216499,-0.097424,-0.118502,-0.216048,-0.095577,-0.221804,-0.129564,-0.055953,-0.260777,-0.153723,-0.116279,-0.158104,-0.113897,-0.097405,-0.126394,-0.123964,-0.075577,-0.225137,-0.032533,-0.066475,-0.266535,-0.05198,-0.110628,-0.188956,-0.036311,-0.095655,-0.15456,-0.034797,-0.078909,G
0.0,0.0,-0.0,0.037976,-0.133874,-0.052693,0.007757,-0.29597,-0.070366,-0.003616,-0.423881,-0.082105,0.008459,-0.507569,-0.088431,-0.180308,-0.321349,-0.055993,-0.320347,-0.370131,-0.116634,-0.403752,-0.383585,-0.157299,-0.484728,-0.397044,-0.184671,-0.209545,-0.229866,-0.053395,-0.262259,-0.271966,-0.101109,-0.155858,-0.223509,-0.103388,-0.11996,-0.225312,-0.101762,-0.222471,-0.131085,-0.061089,-0.259239,-0.156489,-0.123582,-0.156666,-0.117202,-0.104707,-0.128297,-0.130225,-0.082958,-0.22799,-0.035751,-0.073454,-0.265909,-0.054604,-0.120068,-0.18881,-0.039121,-0.106375,-0.157723,-0.038534,-0.090588,G
0.0,0.0,-0.0,0.034913,-0.135186,-0.051443,0.004801,-0.293982,-0.067411,-0.005609,-0.421983,-0.077609,0.004659,-0.506442,-0.082266,-0.186439,-0.321362,-0.050266,-0.326392,-0.371073,-0.106806,-0.409002,-0.384723,-0.145198,-0.48863,-0.398818,-0.171371,-0.215402,-0.230801,-0.047801,-0.266157,-0.270641,-0.093345,-0.159612,-0.220092,-0.096079,-0.123219,-0.220882,-0.094552,-0.227849,-0.13226,-0.055301,-0.263562,-0.156175,-0.115339,-0.161042,-0.115699,-0.096888,-0.132672,-0.127173,-0.075516,-0.231779,-0.035121,-0.067436,-0.271084,-0.053535,-0.112053,-0.193433,-0.038835,-0.097401,-0.161227,-0.037513,-0.080738,G
0.0,0.0,-0.0,0.037669,-0.137964,-0.053298,0.009204,-0.302277,-0.06876,-0.00032,-0.430814,-0.077753,0.011479,-0.514194,-0.080682,-0.179916,-0.329216,-0.051567,-0.319514,-0.377679,-0.11089,-0.402584,-0.390225,-0.151305,-0.48373,-0.405228,-0.178134,-0.209922,-0.237608,-0.047992,-0.26326,-0.274393,-0.093739,-0.157717,-0.22229,-0.097053,-0.12147,-0.222128,-0.096056,-0.223492,-0.138012,-0.055027,-0.259789,-0.159358,-0.116227,-0.156519,-0.117926,-0.099848,-0.127764,-0.132037,-0.079528,-0.228895,-0.041719,-0.066694,-0.265241,-0.059582,-0.110882,-0.188344,-0.042778,-0.097134,-0.158147,-0.04281,-0.081306,G
0.0,0.0,-0.0,0.036874,-0.134944,-0.052935,0.006542,-0.2947,-0.071195,-0.003188,-0.421253,-0.083777,0.007292,-0.504922,-0.090927,-0.182155,-0.321755,-0.054887,-0.320585,-0.369769,-0.11584,-0.403133,-0.383758,-0.155747,-0.483608,-0.397435,-0.182383,-0.211488,-0.229635,-0.052823,-0.262293,-0.269317,-0.102262,-0.156395,-0.217732,-0.104293,-0.12312,-0.220788,-0.101567,-0.22418,-0.130095,-0.061268,-0.259119,-0.153254,-0.125657,-0.157791,-0.112883,-0.106349,-0.132493,-0.127995,-0.083696,-0.229542,-0.033696,-0.07438,-0.265861,-0.050229,-0.122587,-0.18916,-0.034196,-0.108853,-0.159566,-0.035305,-0.092509,G
0.0,0.0,-0.0,0.0377,-0.137689,-0.052818,0.009727,-0.297629,-0.068426,-0.001423,-0.425018,-0.077635,0.010612,-0.507994,-0.081008,-0.180877,-0.324025,-0.049403,-0.319784,-0.371861,-0.107018,-0.402583,-0.383992,-0.147142,-0.483916,-0.398166,-0.174364,-0.210379,-0.232727,-0.045054,-0.264256,-0.271107,-0.089951,-0.156616,-0.219852,-0.09285,-0.11883,-0.21883,-0.091574,-0.223292,-0.132456,-0.051055,-0.261004,-0.156946,-0.110929,-0.15755,-0.116145,-0.093049,-0.127726,-0.128442,-0.071843,-0.227684,-0.034848,-0.061651,-0.266989,-0.054646,-0.10461,-0.189784,-0.038615,-0.089629,-0.157967,-0.038128,-0.073109,G
0.0,0.0,-0.0,0.037755,-0.134324,-0.051463,0.009518,-0.295575,-0.067145,-0.002314,-0.422752,-0.077032,0.008138,-0.504637,-0.081592,-0.181833,-0.321218,-0.052127,-0.322685,-0.370652,-0.109375,-0.406212,-0.383895,-0.148358,-0.486915,-0.397669,-0.175147,-0.210826,-0.231648,-0.049094,-0.263418,-0.269162,-0.096773,-0.157981,-0.220634,-0.100082,-0.118937,-0.220175,-0.098737,-0.22364,-0.133754,-0.055932,-0.260447,-0.155955,-0.117974,-0.158627,-0.116387,-0.100183,-0.126781,-0.126201,-0.078891,-0.22854,-0.038541,-0.06733,-0.267317,-0.054294,-0.115261,-0.190257,-0.038558,-0.103218,-0.156086,-0.038143,-0.08801,G
0.0,0.0,-0.0,0.030082,-0.150268,-0.0554,0.005528,-0.303509,-0.066361,-0.007566,-0.429948,-0.067773,0.00365,-0.512726,-0.061195,-0.191344,-0.32552,-0.044997,-0.330821,-0.377996,-0.097785,-0.412549,-0.390708,-0.136359,-0.492333,-0.404511,-0.162287,-0.218599,-0.237689,-0.03535,-0.274053,-0.278893,-0.068911,-0.165859,-0.226809,-0.065659,-0.127595,-0.222732,-0.061648,-0.230844,-0.138363,-0.036851,-0.270809,-0.168154,-0.090171,-0.166749,-0.126278,-0.072055,-0.137281,-0.134747,-0.051562,-0.228567,-0.040485,-0.043017,-0.274349,-0.061643,-0.080881,-0.195868,-0.050797,-0.063945,-0.162439,-0.048972,-0.04695,G
0.0,0.0,-0.0,0.033253,-0.142713,-0.054304,0.006679,-0.29834,-0.069609,-0.005272,-0.425345,-0.077725,0.004748,-0.509249,-0.079609,-0.18712,-0.324191,-0.04882,-0.329188,-0.376597,-0.102332,-0.412941,-0.387787,-0.140768,-0.493284,-0.399162,-0.167132,-0.21584,-0.235817,-0.04277,-0.274587,-0.274653,-0.083408,-0.16911,-0.224678,-0.085734,-0.127418,-0.220358,-0.084803,-0.22851,-0.136712,-0.04686,-0.269879,-0.162359,-0.102986,-0.165766,-0.121592,-0.086059,-0.131296,-0.128755,-0.066141,-0.228861,-0.039471,-0.055703,-0.273476,-0.059359,-0.09672,-0.195092,-0.046591,-0.081863,-0.158961,-0.045273,-0.065666,G
0.0,0.0,-0.0,0.035194,-0.140983,-0.052219,0.009813,-0.295906,-0.067696,-0.002588,-0.423104,-0.076641,0.010358,-0.50449,-0.079939,-0.181485,-0.319107,-0.04833,-0.322673,-0.368616,-0.101918,-0.406394,-0.380175,-0.140418,-0.486082,-0.392236,-0.16712,-0.209044,-0.2308,-0.042835,-0.274012,-0.268091,-0.083245,-0.170115,-0.218889,-0.085199,-0.126604,-0.215232,-0.084588,-0.220662,-0.131357,-0.047088,-0.268525,-0.156234,-0.102559,-0.166296,-0.117819,-0.085211,-0.1287,-0.124244,-0.065342,-0.220071,-0.033583,-0.055876,-0.27032,-0.053953,-0.096691,-0.193856,-0.041325,-0.082146,-0.155606,-0.039898,-0.066484,G
0.0,0.0,-0.0,0.030861,-0.149445,-0.054083,0.006587,-0.29832,-0.066667,-0.005643,-0.423921,-0.070713,0.005335,-0.507868,-0.067518,-0.188416,-0.321797,-0.045261,-0.329688,-0.373594,-0.09878,-0.412358,-0.38707,-0.139286,-0.490896,-0.400788,-0.167132,-0.214844,-0.233876,-0.036953,-0.278338,-0.275442,-0.077718,-0.172054,-0.225978,-0.080601,-0.125895,-0.217232,-0.079855,-0.226724,-0.13375,-0.038865,-0.274781,-0.16366,-0.096375,-0.170164,-0.124533,-0.08019,-0.12944,-0.128944,-0.059805,-0.222266,-0.036741,-0.045115,-0.274454,-0.06052,-0.086073,-0.196184,-0.048793,-0.070435,-0.156218,-0.047024,-0.053523,G
0.0,0.0,-0.0,0.032697,-0.147822,-0.058188,0.006561,-0.302461,-0.072211,-0.004936,-0.427259,-0.076792,0.005029,-0.509226,-0.073456,-0.188579,-0.326034,-0.050448,-0.331396,-0.378429,-0.106194,-0.414077,-0.388071,-0.145475,-0.49393,-0.399554,-0.171638,-0.215089,-0.237094,-0.040721,-0.278412,-0.276245,-0.079694,-0.171735,-0.225165,-0.079078,-0.129952,-0.226008,-0.07654,-0.227735,-0.139046,-0.04221,-0.274264,-0.164507,-0.098871,-0.166689,-0.124519,-0.081342,-0.127718,-0.136272,-0.060902,-0.224833,-0.044122,-0.048678,-0.274553,-0.062345,-0.091156,-0.19301,-0.050516,-0.077258,-0.153,-0.050857,-0.061566,G
0.0,0.0,-0.0,-0.012482,-0.154543,-0.041141,0.03238,-0.313681,-0.064188,0.059286,-0.436924,-0.087705,0.04996,-0.530031,-0.111794,0.192995,-0.316157,-0.027086,0.308012,-0.358472,-0.051333,0.373935,-0.374033,-0.063994,0.431248,-0.391071,-0.075687,0.21444,-0.236139,-0.028242,0.275265,-0.244603,-0.077225,0.18125,-0.194593,-0.079983,0.11954,-0.170786,-0.065966,0.222256,-0.144313,-0.035116,0.259958,-0.148245,-0.087737,0.164962,-0.116943,-0.072696,0.108183,-0.108731,-0.046462,0.217767,-0.051311,-0.045575,0.252253,-0.065678,-0.083926,0.179602,-0.059623,-0.071841,0.13136,-0.058894,-0.052517,G
0.0,0.0,-0.0,-0.01218,-0.156121,-0.041955,0.032108,-0.315278,-0.065187,0.058265,-0.439302,-0.089039,0.051329,-0.5339,-0.113337,0.194793,-0.316506,-0.024271,0.309371,-0.359342,-0.047995,0.37574,-0.375269,-0.060838,0.433521,-0.392402,-0.072688,0.215945,-0.237047,-0.025158,0.276548,-0.243698,-0.074304,0.182955,-0.194082,-0.078009,0.121256,-0.170827,-0.064471,0.2233,-0.145573,-0.032017,0.261351,-0.148222,-0.084721,0.166361,-0.117211,-0.070309,0.109577,-0.109304,-0.044335,0.218232,-0.052416,-0.042597,0.25319,-0.064877,-0.080855,0.180572,-0.059222,-0.069037,0.132319,-0.059107,-0.049817,G
0.0,0.0,-0.0,-0.012904,-0.149544,-0.042491,0.032494,-0.309012,-0.06537,0.058622,-0.433058,-0.088032,0.048315,-0.526836,-0.111246,0.188534,-0.313525,-0.030612,0.303223,-0.357278,-0.055271,0.368734,-0.373773,-0.067974,0.426034,-0.391575,-0.079721,0.210327,-0.234364,-0.030789,0.27198,-0.242099,-0.080639,0.179517,-0.192354,-0.083792,0.117155,-0.1688,-0.070118,0.218683,-0.1437,-0.03657,0.258969,-0.146903,-0.089987,0.165225,-0.115814,-0.075378,0.107841,-0.107185,-0.049424,0.215155,-0.052041,-0.045972,0.251077,-0.064951,-0.085975,0.17911,-0.058118,-0.075077,0.130202,-0.056619,-0.056453,G
0.0,0.0,-0.0,-0.013539,-0.154122,-0.038753,0.03136,-0.314772,-0.059711,0.057259,-0.438477,-0.08157,0.044769,-0.529459,-0.104163,0.192055,-0.319412,-0.022523,0.306019,-0.363612,-0.044785,0.371499,-0.38057,-0.056355,0.428283,-0.398404,-0.067574,0.214248,-0.240276,-0.024497,0.273258,-0.250771,-0.071758,0.179673,-0.198415,-0.073656,0.117339,-0.173052,-0.059362,0.222664,-0.149035,-0.032139,0.260821,-0.15385,-0.083406,0.166483,-0.12028,-0.067966,0.109339,-0.110666,-0.041784,0.218273,-0.056713,-0.043245,0.252635,-0.071542,-0.080655,0.180395,-0.064657,-0.068524,0.131968,-0.063501,-0.049542,G
0.0,0.0,-0.0,-0.013987,-0.153899,-0.036842,0.031268,-0.315023,-0.056398,0.05733,-0.437695,-0.077226,0.043496,-0.527005,-0.098969,0.190721,-0.318248,-0.020856,0.304937,-0.363347,-0.042296,0.369995,-0.380638,-0.05333,0.426421,-0.398257,-0.064192,0.212821,-0.23866,-0.023516,0.269892,-0.250267,-0.070212,0.177047,-0.197808,-0.072509,0.114873,-0.171264,-0.058683,0.221318,-0.147073,-0.031557,0.258851,-0.153664,-0.082193,0.165004,-0.119708,-0.067071,0.107467,-0.108809,-0.041271,0.217216,-0.05467,-0.042886,0.251587,-0.07163,-0.079975,0.179527,-0.064101,-0.067799,0.130482,-0.061179,-0.04881,G
0.0,0.0,-0.0,-0.014689,-0.150438,-0.038452,0.030921,-0.311577,-0.058931,0.057148,-0.433338,-0.080285,0.044704,-0.52291,-0.102387,0.189139,-0.312396,-0.025164,0.304267,-0.358674,-0.04933,0.370672,-0.375976,-0.06238,0.428364,-0.39436,-0.074449,0.21119,-0.232099,-0.027496,0.266654,-0.244437,-0.077577,0.173617,-0.191137,-0.081454,0.110752,-0.163012,-0.068299,0.21982,-0.140711,-0.035162,0.257145,-0.147601,-0.087687,0.163058,-0.114444,-0.072287,0.104842,-0.103417,-0.045967,0.215964,-0.048254,-0.046277,0.249383,-0.065183,-0.084259,0.177654,-0.058451,-0.071699,0.128777,-0.056125,-0.05217,G
0.0,0.0,-0.0,-0.01441,-0.15226,-0.037725,0.032865,-0.314249,-0.056971,0.059893,-0.436237,-0.077237,0.045929,-0.525463,-0.098202,0.18961,-0.315712,-0.021676,0.305121,-0.361276,-0.043244,0.370369,-0.377667,-0.054267,0.42712,-0.395378,-0.065211,0.211655,-0.236175,-0.02412,0.267555,-0.246842,-0.072612,0.175942,-0.192793,-0.076385,0.113526,-0.165344,-0.063463,0.220524,-0.14577,-0.031914,0.258154,-0.15083,-0.083789,0.164588,-0.116868,-0.06948,0.107133,-0.106707,-0.044167,0.217205,-0.053901,-0.043026,0.25107,-0.068647,-0.080519,0.179271,-0.06103,-0.068711,0.130711,-0.059471,-0.050107,G
0.0,0.0,-0.0,-0.013088,-0.151752,-0.039357,0.033022,-0.312132,-0.060085,0.060519,-0.434494,-0.081542,0.049185,-0.525989,-0.103603,0.190951,-0.314627,-0.024502,0.306118,-0.362857,-0.047553,0.371117,-0.380985,-0.059655,0.427851,-0.400281,-0.071145,0.212903,-0.234952,-0.026,0.268006,-0.246863,-0.075128,0.175427,-0.193575,-0.078807,0.112992,-0.166642,-0.065777,0.221124,-0.143869,-0.032956,0.259107,-0.150203,-0.085246,0.165597,-0.116786,-0.07052,0.107474,-0.106067,-0.044817,0.21697,-0.051575,-0.043355,0.25147,-0.067518,-0.081567,0.179517,-0.060585,-0.069704,0.130074,-0.05836,-0.050734,G
0.0,0.0,-0.0,-0.013066,-0.148705,-0.04103,0.033675,-0.307979,-0.062989,0.061034,-0.429794,-0.085325,0.051069,-0.522429,-0.108186,0.18947,-0.310371,-0.027803,0.304876,-0.357127,-0.052101,0.370296,-0.374343,-0.064734,0.427237,-0.393055,-0.076424,0.211321,-0.231129,-0.028758,0.26843,-0.241894,-0.078762,0.176352,-0.188353,-0.082586,0.115013,-0.161938,-0.069391,0.21991,-0.140042,-0.035183,0.258402,-0.146731,-0.088354,0.164989,-0.112283,-0.073517,0.107342,-0.101169,-0.047471,0.216287,-0.047368,-0.045175,0.25069,-0.063169,-0.084645,0.178553,-0.055076,-0.073058,0.129037,-0.052293,-0.053902,G
0.0,0.0,-0.0,-0.014817,-0.148144,-0.041944,0.030585,-0.307386,-0.064752,0.057812,-0.429883,-0.087562,0.049535,-0.522157,-0.110858,0.185635,-0.311113,-0.030959,0.300046,-0.356612,-0.057038,0.366128,-0.374329,-0.070688,0.423297,-0.393835,-0.082742,0.207436,-0.232814,-0.031253,0.26577,-0.242631,-0.082227,0.174325,-0.19001,-0.086126,0.11363,-0.164132,-0.072784,0.216635,-0.1426,-0.036996,0.254935,-0.147562,-0.090779,0.161706,-0.114174,-0.075842,0.104953,-0.103684,-0.049489,0.213892,-0.050559,-0.046324,0.248079,-0.06473,-0.08581,0.176471,-0.056471,-0.074038,0.128033,-0.053768,-0.0546,G
0.0,0.0,-0.0,-0.014292,-0.146745,-0.041909,0.031666,-0.305354,-0.063625,0.059037,-0.42728,-0.085114,0.05013,-0.51916,-0.107185,0.185049,-0.306854,-0.030437,0.298692,-0.352886,-0.055797,0.36405,-0.371068,-0.069367,0.421115,-0.390918,-0.081599,0.206606,-0.228165,-0.030331,0.263686,-0.239622,-0.080982,0.173075,-0.188055,-0.085412,0.11264,-0.161619,-0.072638,0.215144,-0.138241,-0.035624,0.253346,-0.144689,-0.089509,0.16062,-0.111913,-0.075423,0.104018,-0.10114,-0.049712,0.212231,-0.046643,-0.044427,0.246187,-0.062529,-0.08458,0.17446,-0.054883,-0.073621,0.12606,-0.051639,-0.054762,G
0.0,0.0,-0.0,-0.01321,-0.149194,-0.041138,0.03329,-0.308698,-0.063256,0.060589,-0.431239,-0.085661,0.050759,-0.523303,-0.108613,0.187636,-0.310288,-0.028666,0.302259,-0.356204,-0.053967,0.367932,-0.373886,-0.067066,0.425,-0.393095,-0.078994,0.209626,-0.23139,-0.029563,0.267578,-0.240569,-0.080284,0.174817,-0.187808,-0.084004,0.113662,-0.162908,-0.07057,0.218471,-0.140789,-0.036,0.257272,-0.1452,-0.089455,0.163383,-0.112171,-0.074458,0.106411,-0.103191,-0.048313,0.215106,-0.048817,-0.046039,0.248463,-0.062045,-0.085466,0.176136,-0.054802,-0.073978,0.127809,-0.053823,-0.055019,G
0.0,0.0,-0.0,-0.013456,-0.149929,-0.041121,0.032171,-0.309403,-0.063224,0.059665,-0.431352,-0.085634,0.050205,-0.523235,-0.108569,0.187768,-0.311098,-0.027741,0.302331,-0.358257,-0.052084,0.367537,-0.376272,-0.06479,0.424648,-0.39572,-0.076512,0.210061,-0.231905,-0.028477,0.267451,-0.243112,-0.078475,0.175259,-0.190086,-0.082409,0.113688,-0.163765,-0.069166,0.218787,-0.141377,-0.034689,0.256578,-0.147256,-0.087772,0.162969,-0.113557,-0.073404,0.105324,-0.103244,-0.047608,0.215414,-0.049242,-0.044447,0.249041,-0.064803,-0.083531,0.17699,-0.057258,-0.072141,0.127793,-0.055376,-0.053181,G
0.0,0.0,-0.0,-0.014671,-0.147525,-0.04226,0.031745,-0.306872,-0.064823,0.059717,-0.429008,-0.087374,0.050496,-0.521613,-0.110536,0.185745,-0.307761,-0.030664,0.300399,-0.354144,-0.056095,0.36595,-0.372528,-0.069361,0.423074,-0.392488,-0.0814,0.207423,-0.2282,-0.030974,0.2647,-0.238085,-0.081683,0.172904,-0.187138,-0.085634,0.112406,-0.161864,-0.072557,0.215868,-0.137844,-0.036738,0.255548,-0.143585,-0.090867,0.161415,-0.111343,-0.07589,0.103943,-0.101443,-0.04966,0.212263,-0.045872,-0.046098,0.246198,-0.060312,-0.086529,0.173687,-0.053075,-0.074971,0.1249,-0.05105,-0.055702,G
0.0,0.0,-0.0,-0.014408,-0.151375,-0.03971,0.030768,-0.310388,-0.06163,0.058313,-0.43156,-0.084253,0.049167,-0.522368,-0.107531,0.184999,-0.310661,-0.026979,0.300051,-0.356981,-0.052465,0.366288,-0.374685,-0.065965,0.423357,-0.393416,-0.077885,0.206793,-0.231925,-0.028351,0.264649,-0.242609,-0.079104,0.172696,-0.189751,-0.083136,0.110699,-0.163133,-0.069653,0.215835,-0.14175,-0.035122,0.254811,-0.148068,-0.08799,0.161193,-0.113673,-0.072758,0.103268,-0.102207,-0.046258,0.212605,-0.050076,-0.045432,0.246162,-0.065113,-0.083934,0.174664,-0.056739,-0.071822,0.126228,-0.05322,-0.052257,G
0.0,0.0,-0.0,-0.014008,-0.149765,-0.041028,0.032103,-0.309102,-0.063399,0.060333,-0.43095,-0.086088,0.051182,-0.522928,-0.109468,0.185607,-0.309128,-0.029826,0.300545,-0.355969,-0.05583,0.36655,-0.373906,-0.069638,0.424058,-0.393285,-0.081905,0.207292,-0.230572,-0.03054,0.26434,-0.240357,-0.081171,0.172191,-0.188121,-0.084864,0.11154,-0.162983,-0.071587,0.215998,-0.140669,-0.03669,0.255367,-0.14567,-0.090142,0.161117,-0.112446,-0.074814,0.103594,-0.10305,-0.048482,0.212755,-0.049503,-0.046425,0.24615,-0.062747,-0.085978,0.173855,-0.05526,-0.074182,0.125528,-0.053727,-0.05493,G
0.0,0.0,0.0,-0.014175,-0.144677,-0.045861,0.032876,-0.301442,-0.071626,0.062914,-0.423568,-0.096594,0.057367,-0.516129,-0.121932,0.184743,-0.300376,-0.035834,0.299182,-0.347389,-0.065024,0.368205,-0.363313,-0.081093,0.425516,-0.381732,-0.09426,0.206395,-0.22005,-0.035175,0.263484,-0.224903,-0.089356,0.172067,-0.17601,-0.094913,0.112671,-0.15528,-0.082145,0.215623,-0.130179,-0.040185,0.254391,-0.129829,-0.096592,0.162317,-0.100433,-0.081899,0.107242,-0.095201,-0.05523,0.212344,-0.039755,-0.048974,0.245786,-0.048238,-0.089953,0.174518,-0.041179,-0.077368,0.127983,-0.041985,-0.056853,G
0.0,0.0,-0.0,-0.015144,-0.146933,-0.042011,0.032409,-0.304689,-0.064365,0.062553,-0.425963,-0.086724,0.057116,-0.517288,-0.109574,0.185506,-0.303525,-0.029621,0.299417,-0.349768,-0.057016,0.366395,-0.366867,-0.07205,0.423603,-0.385655,-0.084718,0.206816,-0.224946,-0.029761,0.264841,-0.228779,-0.082225,0.173419,-0.178931,-0.087843,0.113549,-0.156557,-0.075229,0.215599,-0.13586,-0.035429,0.25403,-0.135504,-0.090258,0.160998,-0.104698,-0.076302,0.105495,-0.096954,-0.05012,0.212321,-0.045591,-0.04462,0.246542,-0.054874,-0.084281,0.174924,-0.047375,-0.072562,0.128249,-0.046166,-0.052862,G
0.0,0.0,-0.0,-0.015562,-0.145886,-0.043746,0.030601,-0.302512,-0.066933,0.060474,-0.42206,-0.089558,0.054385,-0.511946,-0.112664,0.182704,-0.301209,-0.031698,0.294612,-0.347424,-0.058843,0.36153,-0.363419,-0.074171,0.418169,-0.382022,-0.087176,0.204054,-0.222483,-0.031127,0.260738,-0.229236,-0.083255,0.171038,-0.179729,-0.089297,0.112451,-0.157626,-0.077258,0.213156,-0.133382,-0.036012,0.250928,-0.134931,-0.090998,0.158718,-0.104105,-0.0773,0.103581,-0.097141,-0.051476,0.210333,-0.043023,-0.044497,0.242994,-0.05346,-0.084903,0.171566,-0.045632,-0.073223,0.125145,-0.044797,-0.053489,G
0.0,0.0,-0.0,-0.014491,-0.147395,-0.041598,0.031814,-0.302806,-0.063804,0.060752,-0.423134,-0.086026,0.055227,-0.515546,-0.108894,0.183991,-0.304477,-0.02953,0.296513,-0.351213,-0.05576,0.36092,-0.369771,-0.069559,0.417121,-0.390029,-0.081411,0.205353,-0.226099,-0.029582,0.26337,-0.233893,-0.080477,0.172825,-0.183397,-0.085218,0.113237,-0.159258,-0.072361,0.2139,-0.137036,-0.035109,0.252455,-0.139867,-0.089474,0.159677,-0.108265,-0.075822,0.103621,-0.099318,-0.050022,0.211207,-0.047039,-0.044044,0.245768,-0.058453,-0.083942,0.174099,-0.050444,-0.072765,0.126066,-0.048541,-0.053609,G
0.0,0.0,-0.0,-0.014234,-0.147547,-0.041554,0.031101,-0.302441,-0.064155,0.059588,-0.42349,-0.087108,0.052633,-0.515573,-0.110646,0.185693,-0.306712,-0.026819,0.299079,-0.349678,-0.052228,0.365223,-0.365118,-0.065398,0.421897,-0.382491,-0.076807,0.207029,-0.2297,-0.026851,0.265601,-0.234702,-0.076096,0.173475,-0.185092,-0.07888,0.11406,-0.163301,-0.064597,0.215495,-0.140776,-0.03269,0.253462,-0.141939,-0.085668,0.160049,-0.110687,-0.070769,0.105004,-0.103062,-0.044263,0.212238,-0.050477,-0.04209,0.244644,-0.060547,-0.080813,0.17297,-0.052899,-0.069107,0.126656,-0.051638,-0.049718,G
0.0,0.0,-0.0,-0.012084,-0.146361,-0.039386,0.032249,-0.302181,-0.06145,0.059552,-0.422669,-0.083997,0.047875,-0.51305,-0.107247,0.183897,-0.305232,-0.029167,0.297834,-0.351378,-0.053789,0.36262,-0.367587,-0.066661,0.419125,-0.385677,-0.078546,0.206446,-0.227529,-0.030646,0.261013,-0.235649,-0.078184,0.168297,-0.184232,-0.079682,0.108589,-0.161095,-0.066014,0.215397,-0.138016,-0.037525,0.253221,-0.142385,-0.089046,0.15936,-0.10962,-0.072633,0.102803,-0.10147,-0.046566,0.211794,-0.047959,-0.04788,0.243029,-0.060871,-0.086669,0.17137,-0.053034,-0.07447,0.124042,-0.051531,-0.055473,G
0.0,0.0,-0.0,-0.013195,-0.142635,-0.042132,0.03131,-0.298173,-0.065457,0.058964,-0.419805,-0.088423,0.05135,-0.511685,-0.111653,0.182531,-0.303579,-0.033106,0.296296,-0.348645,-0.060023,0.362263,-0.364918,-0.074354,0.419072,-0.38307,-0.086823,0.204157,-0.22652,-0.032907,0.258917,-0.234056,-0.082591,0.168057,-0.182959,-0.084788,0.109335,-0.159764,-0.071164,0.213171,-0.137602,-0.038292,0.249736,-0.141135,-0.091501,0.157804,-0.108938,-0.075594,0.102797,-0.100994,-0.04938,0.210407,-0.048147,-0.047289,0.240628,-0.059902,-0.087363,0.169038,-0.052375,-0.075844,0.121997,-0.051472,-0.056934,G
0.0,0.0,-0.0,-0.013424,-0.143268,-0.041619,0.031181,-0.298505,-0.064275,0.058813,-0.418879,-0.086727,0.050672,-0.510127,-0.109605,0.181344,-0.302469,-0.031376,0.294074,-0.346701,-0.057092,0.358354,-0.363043,-0.070738,0.414722,-0.381116,-0.082937,0.202854,-0.225364,-0.03144,0.257376,-0.23337,-0.080792,0.16683,-0.183107,-0.083874,0.107999,-0.159226,-0.070886,0.21162,-0.136915,-0.036975,0.247631,-0.141711,-0.089828,0.155722,-0.109466,-0.074727,0.100624,-0.100404,-0.049059,0.208689,-0.047507,-0.046078,0.238817,-0.060692,-0.085663,0.167497,-0.05254,-0.074357,0.120565,-0.050441,-0.055665,G
0.0,0.0,-0.0,-0.014131,-0.142832,-0.041048,0.030899,-0.298445,-0.063125,0.058677,-0.418025,-0.084935,0.050609,-0.508015,-0.107257,0.180448,-0.300205,-0.031789,0.292195,-0.344893,-0.05789,0.356615,-0.361333,-0.071813,0.412329,-0.379779,-0.08419,0.201867,-0.222618,-0.032017,0.255221,-0.231288,-0.081379,0.164309,-0.18133,-0.084038,0.106186,-0.157984,-0.070848,0.21035,-0.134016,-0.037685,0.246067,-0.138809,-0.09084,0.154238,-0.107135,-0.075422,0.099678,-0.098978,-0.049626,0.206954,-0.044803,-0.046827,0.23664,-0.057905,-0.087123,0.16486,-0.05047,-0.075779,0.117966,-0.049425,-0.057026,G
0.0,0.0,-0.0,0.025853,-0.166263,-0.023225,-0.032715,-0.306881,-0.032866,-0.094787,-0.381419,-0.045446,-0.149573,-0.389616,-0.058364,-0.182218,-0.34356,-0.026168,-0.296882,-0.384095,-0.064569,-0.362271,-0.391492,-0.095502,-0.433887,-0.398923,-0.118442,-0.208894,-0.262882,-0.042891,-0.335084,-0.296707,-0.096789,-0.423277,-0.321429,-0.132932,-0.511045,-0.341829,-0.154985,-0.20946,-0.168237,-0.063412,-0.235539,-0.224936,-0.140085,-0.13664,-0.221197,-0.163319,-0.067215,-0.219187,-0.163513,-0.195613,-0.079415,-0.084188,-0.195647,-0.137086,-0.151204,-0.123561,-0.159345,-0.168288,-0.061018,-0.185902,-0.170759,H
0.0,0.0,-0.0,0.022793,-0.162569,-0.021947,-0.035252,-0.302215,-0.029425,-0.095732,-0.375153,-0.039377,-0.149765,-0.390143,-0.049513,-0.185657,-0.334049,-0.026122,-0.300518,-0.376383,-0.062013,-0.367181,-0.384485,-0.090294,-0.437835,-0.391736,-0.111206,-0.210884,-0.25686,-0.042127,-0.338024,-0.294703,-0.092929,-0.426575,-0.318689,-0.125986,-0.51271,-0.336044,-0.145747,-0.21109,-0.164568,-0.061863,-0.234631,-0.225444,-0.137189,-0.138331,-0.222372,-0.160543,-0.071676,-0.220663,-0.160569,-0.1971,-0.077363,-0.081561,-0.193909,-0.140042,-0.150103,-0.121019,-0.165191,-0.169035,-0.058556,-0.191957,-0.172222,H
0.0,0.0,-0.0,0.025766,-0.148416,-0.029045,-0.029838,-0.295759,-0.043275,-0.08904,-0.373478,-0.059974,-0.150144,-0.391911,-0.076227,-0.180515,-0.32723,-0.035638,-0.29399,-0.374121,-0.079869,-0.364161,-0.380533,-0.113462,-0.43557,-0.384091,-0.136925,-0.209282,-0.243091,-0.051659,-0.33137,-0.284334,-0.112085,-0.418002,-0.31544,-0.151356,-0.503283,-0.334286,-0.174095,-0.210807,-0.147432,-0.071385,-0.228952,-0.206752,-0.151462,-0.130397,-0.204128,-0.172133,-0.064085,-0.197458,-0.16935,-0.198447,-0.058343,-0.091948,-0.183695,-0.119371,-0.159154,-0.108871,-0.132064,-0.171558,-0.053329,-0.149221,-0.169748,H
0.0,0.0,0.0,0.029454,-0.15899,-0.038324,-0.024689,-0.303518,-0.062977,-0.083374,-0.375425,-0.08862,-0.149707,-0.388812,-0.113049,-0.173024,-0.329529,-0.057096,-0.289716,-0.371001,-0.109549,-0.362621,-0.37772,-0.146141,-0.4348,-0.380284,-0.170758,-0.200814,-0.238228,-0.071924,-0.325454,-0.278785,-0.144689,-0.412003,-0.31251,-0.187356,-0.494341,-0.331868,-0.210958,-0.202673,-0.137398,-0.090292,-0.214801,-0.197284,-0.177185,-0.117178,-0.195496,-0.192339,-0.054054,-0.192233,-0.184634,-0.192545,-0.051294,-0.110378,-0.173454,-0.111049,-0.179419,-0.096935,-0.118578,-0.186873,-0.045182,-0.134,-0.180976,H
0.0,0.0,0.0,0.027836,-0.158089,-0.035238,-0.028154,-0.304709,-0.056746,-0.086734,-0.377323,-0.079928,-0.147946,-0.391205,-0.101841,-0.176105,-0.327796,-0.050871,-0.293787,-0.371645,-0.100991,-0.365222,-0.377423,-0.136315,-0.436357,-0.37933,-0.160159,-0.205291,-0.238385,-0.066527,-0.327128,-0.278408,-0.137842,-0.414681,-0.312343,-0.180799,-0.498213,-0.331193,-0.204504,-0.207547,-0.13953,-0.085622,-0.218944,-0.198374,-0.171345,-0.121458,-0.197284,-0.187989,-0.057502,-0.193928,-0.181362,-0.196235,-0.054041,-0.106262,-0.175858,-0.112458,-0.174515,-0.100208,-0.121657,-0.183273,-0.048469,-0.138009,-0.178418,H
0.0,0.0,0.0,0.026388,-0.158708,-0.03207,-0.029381,-0.304983,-0.050179,-0.088368,-0.37921,-0.070293,-0.152702,-0.392891,-0.089615,-0.176291,-0.328642,-0.043773,-0.291923,-0.374042,-0.090312,-0.362882,-0.380541,-0.124291,-0.433602,-0.38504,-0.147677,-0.204802,-0.241069,-0.059719,-0.329169,-0.281741,-0.12683,-0.417024,-0.315915,-0.168803,-0.50034,-0.336319,-0.192667,-0.206661,-0.142459,-0.079023,-0.220472,-0.200142,-0.162421,-0.12416,-0.198353,-0.180753,-0.060182,-0.194725,-0.175742,-0.195439,-0.056109,-0.099424,-0.18106,-0.11541,-0.166043,-0.107908,-0.126308,-0.175515,-0.056056,-0.143704,-0.171769,H
0.0,0.0,-0.0,0.025495,-0.163812,-0.029723,-0.029643,-0.309471,-0.04659,-0.088823,-0.385224,-0.065856,-0.153718,-0.403437,-0.084219,-0.17808,-0.337132,-0.04079,-0.296716,-0.383084,-0.087148,-0.367866,-0.38982,-0.121363,-0.439383,-0.394358,-0.144698,-0.207536,-0.249841,-0.057367,-0.333648,-0.290301,-0.120636,-0.423481,-0.324133,-0.160443,-0.509297,-0.346954,-0.183474,-0.209518,-0.1519,-0.07756,-0.223759,-0.212108,-0.158507,-0.125917,-0.208808,-0.177025,-0.059884,-0.205638,-0.172891,-0.197528,-0.064393,-0.098767,-0.182255,-0.123618,-0.165086,-0.10869,-0.135879,-0.175695,-0.054011,-0.155214,-0.172826,H
0.0,0.0,0.0,0.026258,-0.153385,-0.033021,-0.029397,-0.299462,-0.049604,-0.088875,-0.375226,-0.067762,-0.152367,-0.392663,-0.084794,-0.179649,-0.32636,-0.040486,-0.294984,-0.372438,-0.085426,-0.365815,-0.379776,-0.118679,-0.435564,-0.383947,-0.141507,-0.20887,-0.2402,-0.054752,-0.33096,-0.280768,-0.117383,-0.418868,-0.315637,-0.157839,-0.503417,-0.336153,-0.18117,-0.210867,-0.143119,-0.072698,-0.225197,-0.201811,-0.153235,-0.12774,-0.199819,-0.172378,-0.062793,-0.194489,-0.16835,-0.199209,-0.055646,-0.091931,-0.183138,-0.114629,-0.157886,-0.10931,-0.127294,-0.168791,-0.056226,-0.144051,-0.165947,H
0.0,0.0,0.0,0.026619,-0.155614,-0.031589,-0.029007,-0.301114,-0.048326,-0.08758,-0.374967,-0.067177,-0.150306,-0.391388,-0.085284,-0.17621,-0.326884,-0.04086,-0.291788,-0.372336,-0.086296,-0.362946,-0.380192,-0.119745,-0.432415,-0.385589,-0.142761,-0.205398,-0.239748,-0.056719,-0.329075,-0.282545,-0.121022,-0.415896,-0.318277,-0.161696,-0.498318,-0.339978,-0.184764,-0.208,-0.141814,-0.076191,-0.223553,-0.201001,-0.157866,-0.126651,-0.198926,-0.176376,-0.062474,-0.194521,-0.171699,-0.197244,-0.054174,-0.096843,-0.182457,-0.114739,-0.163426,-0.108447,-0.126056,-0.173502,-0.055771,-0.142219,-0.170051,H
0.0,0.0,0.0,0.026156,-0.163793,-0.029443,-0.029387,-0.307351,-0.045155,-0.087737,-0.381396,-0.063385,-0.15107,-0.398957,-0.08083,-0.178241,-0.33333,-0.037283,-0.292746,-0.380243,-0.082131,-0.362271,-0.388985,-0.115547,-0.432015,-0.39505,-0.138655,-0.205883,-0.244953,-0.054548,-0.329355,-0.289157,-0.117508,-0.416692,-0.323753,-0.157743,-0.499848,-0.346183,-0.181061,-0.207234,-0.14694,-0.075797,-0.223082,-0.207062,-0.157484,-0.126933,-0.204575,-0.177351,-0.061759,-0.203071,-0.17398,-0.195458,-0.060384,-0.09801,-0.184304,-0.12068,-0.1654,-0.111183,-0.132721,-0.177187,-0.05656,-0.152155,-0.175301,H
0.0,0.0,-0.0,0.02413,-0.160879,-0.030266,-0.031103,-0.306096,-0.047317,-0.090581,-0.380958,-0.06682,-0.152078,-0.39584,-0.085522,-0.180513,-0.333813,-0.04017,-0.299096,-0.380121,-0.085226,-0.369909,-0.387192,-0.118556,-0.440881,-0.392562,-0.141516,-0.211079,-0.248224,-0.056099,-0.337417,-0.288057,-0.118851,-0.427199,-0.321724,-0.158605,-0.513103,-0.343607,-0.181388,-0.212599,-0.150657,-0.07543,-0.226083,-0.207873,-0.155145,-0.129019,-0.206173,-0.174165,-0.063559,-0.202678,-0.170315,-0.199291,-0.062587,-0.09587,-0.185176,-0.119811,-0.159407,-0.113892,-0.133738,-0.169266,-0.060372,-0.152414,-0.166267,H
0.0,0.0,-0.0,0.025898,-0.163578,-0.027765,-0.029256,-0.310359,-0.045048,-0.089649,-0.38537,-0.065475,-0.151973,-0.400221,-0.085626,-0.178059,-0.339359,-0.040931,-0.297442,-0.386509,-0.086049,-0.367246,-0.394519,-0.119059,-0.43817,-0.400839,-0.142095,-0.208087,-0.252988,-0.059437,-0.335184,-0.293851,-0.122665,-0.42389,-0.326216,-0.161694,-0.509709,-0.349405,-0.184066,-0.209472,-0.154002,-0.081088,-0.225204,-0.211608,-0.161263,-0.127455,-0.211197,-0.179128,-0.061517,-0.209677,-0.174955,-0.19547,-0.064012,-0.103629,-0.183471,-0.124247,-0.168178,-0.111023,-0.139316,-0.177326,-0.056664,-0.159546,-0.173996,H
0.0,0.0,-0.0,0.024063,-0.155294,-0.030126,-0.030902,-0.299627,-0.046232,-0.090313,-0.376239,-0.064547,-0.152318,-0.394235,-0.082345,-0.180558,-0.328503,-0.037459,-0.294578,-0.376181,-0.081426,-0.363402,-0.384503,-0.114739,-0.432644,-0.390483,-0.138074,-0.209362,-0.245262,-0.052671,-0.331829,-0.286664,-0.114965,-0.419537,-0.319266,-0.156158,-0.504952,-0.341001,-0.180285,-0.209852,-0.14887,-0.071057,-0.226729,-0.205893,-0.15152,-0.13078,-0.206917,-0.172845,-0.064577,-0.205011,-0.170613,-0.195753,-0.060537,-0.090126,-0.187942,-0.120069,-0.155221,-0.116507,-0.135015,-0.166371,-0.061041,-0.154459,-0.164198,H
0.0,0.0,0.0,0.02981,-0.160335,-0.025937,-0.020508,-0.298266,-0.044072,-0.074789,-0.370197,-0.065849,-0.136665,-0.384416,-0.087571,-0.161336,-0.330272,-0.038889,-0.271852,-0.375269,-0.084623,-0.338903,-0.385597,-0.118128,-0.40732,-0.392851,-0.141243,-0.189339,-0.245824,-0.057998,-0.309904,-0.290006,-0.123669,-0.394403,-0.324558,-0.164126,-0.474458,-0.348055,-0.187184,-0.193456,-0.149788,-0.080147,-0.209165,-0.210421,-0.162446,-0.115326,-0.201698,-0.179062,-0.05186,-0.195646,-0.173451,-0.185188,-0.064832,-0.102863,-0.171778,-0.12648,-0.170748,-0.097675,-0.133325,-0.180102,-0.04341,-0.14895,-0.176073,H
0.0,0.0,0.0,0.028138,-0.147894,-0.026941,-0.024059,-0.291207,-0.040805,-0.080814,-0.367623,-0.057487,-0.13947,-0.38205,-0.073757,-0.16512,-0.324927,-0.032395,-0.277325,-0.37097,-0.072288,-0.344181,-0.381792,-0.102209,-0.41031,-0.390827,-0.123277,-0.194603,-0.246222,-0.04783,-0.314218,-0.288484,-0.104709,-0.397452,-0.324449,-0.141677,-0.478356,-0.350676,-0.163061,-0.199157,-0.153323,-0.066424,-0.213649,-0.210754,-0.141864,-0.118647,-0.20091,-0.159357,-0.05605,-0.1915,-0.155165,-0.190114,-0.067213,-0.085762,-0.174495,-0.127975,-0.148441,-0.102159,-0.136283,-0.157999,-0.049711,-0.149242,-0.15468,H
0.0,0.0,-0.0,0.022766,-0.140104,-0.026541,-0.027076,-0.285112,-0.039077,-0.081411,-0.362948,-0.05419,-0.138422,-0.382158,-0.068565,-0.167453,-0.320377,-0.030469,-0.273474,-0.373811,-0.071163,-0.339495,-0.385673,-0.102188,-0.406496,-0.394086,-0.123763,-0.198803,-0.24282,-0.045308,-0.31571,-0.290083,-0.102071,-0.397735,-0.325332,-0.139857,-0.4786,-0.348263,-0.161294,-0.203023,-0.151216,-0.063218,-0.218252,-0.210274,-0.138311,-0.124014,-0.202829,-0.157351,-0.061147,-0.192694,-0.153755,-0.192554,-0.064209,-0.081778,-0.177706,-0.12331,-0.142376,-0.107725,-0.131162,-0.151738,-0.056365,-0.143217,-0.148271,H
0.0,0.0,-0.0,0.025582,-0.144984,-0.026507,-0.024282,-0.289862,-0.039647,-0.079088,-0.367864,-0.055258,-0.13761,-0.386457,-0.07025,-0.165871,-0.327853,-0.032168,-0.274051,-0.380171,-0.072674,-0.34039,-0.392228,-0.103932,-0.407535,-0.401778,-0.125991,-0.196959,-0.25091,-0.047201,-0.314683,-0.297577,-0.103774,-0.397959,-0.335074,-0.141959,-0.479382,-0.360028,-0.164464,-0.201414,-0.159395,-0.065184,-0.21678,-0.220094,-0.140228,-0.121127,-0.210229,-0.159692,-0.057249,-0.198577,-0.157052,-0.190838,-0.072671,-0.083759,-0.17657,-0.133532,-0.14547,-0.105813,-0.140134,-0.155641,-0.053181,-0.151344,-0.153025,H
0.0,0.0,-0.0,0.023978,-0.138588,-0.028345,-0.027491,-0.282903,-0.039859,-0.083125,-0.360545,-0.053429,-0.13819,-0.379245,-0.066756,-0.166567,-0.318074,-0.030362,-0.270642,-0.372323,-0.069789,-0.336607,-0.385083,-0.100233,-0.404298,-0.395144,-0.121958,-0.197294,-0.241443,-0.044051,-0.312645,-0.29252,-0.100611,-0.395411,-0.327817,-0.138849,-0.477507,-0.350459,-0.160738,-0.202008,-0.150797,-0.061118,-0.221587,-0.213058,-0.139467,-0.126592,-0.204424,-0.161646,-0.061376,-0.193655,-0.159293,-0.192457,-0.065148,-0.07865,-0.178244,-0.127456,-0.145077,-0.105882,-0.13631,-0.158781,-0.051426,-0.149635,-0.15766,H
0.0,0.0,-0.0,0.026895,-0.149558,-0.023998,-0.024147,-0.290179,-0.035026,-0.080465,-0.364705,-0.048847,-0.137175,-0.380649,-0.063019,-0.161859,-0.327033,-0.029603,-0.266149,-0.380414,-0.069129,-0.332454,-0.395342,-0.100024,-0.400779,-0.407078,-0.122177,-0.191839,-0.252701,-0.045316,-0.309976,-0.305072,-0.101916,-0.392916,-0.339606,-0.139259,-0.475525,-0.361566,-0.160864,-0.195981,-0.161638,-0.063944,-0.2181,-0.223181,-0.141788,-0.124458,-0.214112,-0.163489,-0.060961,-0.20318,-0.161371,-0.184985,-0.074239,-0.082553,-0.178861,-0.138122,-0.147989,-0.108283,-0.1506,-0.1614,-0.052351,-0.16645,-0.160753,H
0.0,0.0,-0.0,0.026529,-0.15326,-0.021754,-0.022967,-0.294341,-0.029988,-0.078943,-0.367945,-0.041642,-0.136744,-0.38219,-0.053696,-0.16178,-0.327856,-0.021777,-0.262585,-0.382992,-0.057489,-0.327268,-0.397168,-0.086134,-0.394368,-0.409312,-0.107011,-0.191031,-0.254131,-0.038379,-0.307809,-0.307548,-0.091076,-0.389164,-0.341974,-0.126409,-0.468835,-0.364376,-0.146651,-0.195259,-0.163292,-0.05841,-0.214429,-0.22754,-0.134537,-0.1232,-0.217976,-0.156709,-0.062536,-0.207039,-0.154871,-0.184381,-0.077188,-0.078375,-0.176356,-0.144174,-0.144155,-0.105247,-0.156898,-0.158834,-0.048894,-0.171261,-0.158888,H
0.0,0.0,-0.0,0.025923,-0.14911,-0.023287,-0.025209,-0.292363,-0.030317,-0.081699,-0.366379,-0.039813,-0.138582,-0.377696,-0.049699,-0.164219,-0.325708,-0.02335,-0.266571,-0.37886,-0.058243,-0.331075,-0.393165,-0.086444,-0.397765,-0.404755,-0.107062,-0.192483,-0.252414,-0.038037,-0.307512,-0.303751,-0.089182,-0.388953,-0.337635,-0.124269,-0.469589,-0.359715,-0.144571,-0.196313,-0.16226,-0.05611,-0.217765,-0.222773,-0.130214,-0.127319,-0.214092,-0.153263,-0.066404,-0.203884,-0.152475,-0.18505,-0.076008,-0.074283,-0.178999,-0.139193,-0.138817,-0.108822,-0.153819,-0.154566,-0.051974,-0.169527,-0.155646,H
0.0,0.0,-0.0,0.027232,-0.149619,-0.023362,-0.02433,-0.293645,-0.029597,-0.082402,-0.370364,-0.037813,-0.139243,-0.38644,-0.046026,-0.163998,-0.331815,-0.022385,-0.269805,-0.385848,-0.056399,-0.335445,-0.399704,-0.084246,-0.403266,-0.411379,-0.104508,-0.193369,-0.258276,-0.035288,-0.311156,-0.306972,-0.082995,-0.393455,-0.341309,-0.116434,-0.474644,-0.365591,-0.136413,-0.197726,-0.168967,-0.05158,-0.220324,-0.228667,-0.12204,-0.128847,-0.218438,-0.144865,-0.066181,-0.206907,-0.144945,-0.187035,-0.083576,-0.068069,-0.179035,-0.144091,-0.130254,-0.109116,-0.156642,-0.146086,-0.05196,-0.170654,-0.147595,H
0.0,0.0,-0.0,0.029932,-0.160779,-0.018218,-0.019658,-0.301583,-0.027904,-0.076689,-0.376501,-0.04164,-0.134809,-0.39563,-0.055879,-0.160947,-0.34895,-0.022397,-0.270099,-0.393045,-0.057265,-0.334712,-0.405657,-0.086108,-0.401464,-0.419803,-0.108216,-0.188904,-0.272341,-0.040582,-0.309811,-0.315849,-0.091519,-0.391795,-0.351018,-0.127101,-0.472551,-0.37848,-0.149821,-0.192136,-0.17934,-0.06128,-0.218451,-0.237934,-0.13238,-0.125512,-0.230699,-0.153154,-0.061144,-0.220155,-0.153785,-0.181247,-0.089806,-0.08171,-0.177116,-0.150864,-0.143898,-0.107309,-0.159033,-0.156904,-0.050179,-0.171495,-0.157384,H
0.0,0.0,-0.0,0.028885,-0.155584,-0.022717,-0.020298,-0.297696,-0.033665,-0.075862,-0.372181,-0.047542,-0.136302,-0.389294,-0.061352,-0.162877,-0.335236,-0.028639,-0.269485,-0.386607,-0.065699,-0.335763,-0.399673,-0.094869,-0.403559,-0.410902,-0.116202,-0.191794,-0.260199,-0.044906,-0.309719,-0.307361,-0.099504,-0.392222,-0.342961,-0.135984,-0.472552,-0.366025,-0.157877,-0.195988,-0.168914,-0.063945,-0.21287,-0.230972,-0.137924,-0.120548,-0.221639,-0.157551,-0.060269,-0.210892,-0.155783,-0.184821,-0.083322,-0.083169,-0.173934,-0.1487,-0.146874,-0.102243,-0.15567,-0.159113,-0.047464,-0.165314,-0.158069,H
0.0,0.0,-0.0,0.028039,-0.153061,-0.022789,-0.021906,-0.296001,-0.032453,-0.078147,-0.372689,-0.044986,-0.138213,-0.388962,-0.057884,-0.164563,-0.338446,-0.025164,-0.272459,-0.386675,-0.060659,-0.338754,-0.399386,-0.08974,-0.405773,-0.411472,-0.11142,-0.192928,-0.262644,-0.040148,-0.312806,-0.306826,-0.090597,-0.395143,-0.341864,-0.125821,-0.475549,-0.36817,-0.147725,-0.196405,-0.170593,-0.058149,-0.219276,-0.229183,-0.129736,-0.126193,-0.22172,-0.151251,-0.062776,-0.211021,-0.151455,-0.186013,-0.08254,-0.076284,-0.177541,-0.143449,-0.139414,-0.106927,-0.152916,-0.153615,-0.050467,-0.165483,-0.154324,H
0.0,0.0,1e-06,-0.025267,-0.130069,-0.048906,0.03027,-0.272097,-0.070999,0.090486,-0.372356,-0.0921,0.10061,-0.466472,-0.110581,0.157088,-0.293507,-0.045404,0.256717,-0.341498,-0.090144,0.323831,-0.365506,-0.120235,0.386632,-0.385098,-0.140906,0.193214,-0.221944,-0.052316,0.30788,-0.279195,-0.110919,0.392385,-0.314514,-0.149907,0.468823,-0.342134,-0.170457,0.20295,-0.13746,-0.063192,0.247744,-0.147159,-0.136803,0.160378,-0.124823,-0.139019,0.094282,-0.113867,-0.120091,0.197271,-0.048269,-0.078019,0.209292,-0.056486,-0.138495,0.139023,-0.049985,-0.135875,0.083371,-0.053484,-0.119456,H
0.0,0.0,1e-06,-0.024816,-0.131517,-0.050887,0.030131,-0.272848,-0.07456,0.089134,-0.373576,-0.096938,0.102595,-0.468098,-0.116356,0.15595,-0.292981,-0.047552,0.257841,-0.339407,-0.094178,0.326147,-0.362539,-0.124804,0.389391,-0.381054,-0.145305,0.192791,-0.221326,-0.053537,0.308107,-0.277854,-0.113639,0.392713,-0.311473,-0.152854,0.469171,-0.337696,-0.1731,0.203587,-0.137111,-0.063787,0.244913,-0.144319,-0.137999,0.158645,-0.123303,-0.140501,0.09322,-0.114436,-0.121567,0.199079,-0.048405,-0.078308,0.206571,-0.052996,-0.139045,0.13685,-0.04757,-0.137403,0.081955,-0.053264,-0.121507,H
0.0,0.0,1e-06,-0.0226,-0.133167,-0.04832,0.034361,-0.273465,-0.068926,0.0939,-0.375643,-0.088927,0.10533,-0.468735,-0.105874,0.161696,-0.294357,-0.037163,0.2626,-0.340076,-0.07967,0.330867,-0.361342,-0.108311,0.393829,-0.377268,-0.127957,0.197902,-0.223463,-0.043501,0.309331,-0.28018,-0.098952,0.392704,-0.312462,-0.136726,0.468465,-0.335381,-0.156603,0.207905,-0.140081,-0.054537,0.249486,-0.145219,-0.126383,0.16277,-0.12451,-0.130106,0.096318,-0.113071,-0.112237,0.201961,-0.052434,-0.069718,0.206824,-0.057251,-0.130043,0.136778,-0.050646,-0.130066,0.082147,-0.051167,-0.115356,H
0.0,0.0,1e-06,-0.023431,-0.130691,-0.049174,0.033081,-0.271336,-0.0705,0.093126,-0.372567,-0.090791,0.10359,-0.46536,-0.108207,0.160427,-0.2914,-0.041826,0.261474,-0.336448,-0.085585,0.329841,-0.35806,-0.114925,0.392199,-0.374381,-0.135196,0.195741,-0.220224,-0.047931,0.308257,-0.275539,-0.105821,0.39095,-0.308083,-0.145064,0.465585,-0.330949,-0.165849,0.20504,-0.137154,-0.058276,0.248961,-0.144053,-0.131759,0.162821,-0.123148,-0.135621,0.09687,-0.11069,-0.117942,0.19908,-0.050269,-0.072665,0.204675,-0.055808,-0.134324,0.134733,-0.047485,-0.134387,0.080714,-0.045175,-0.119636,H
0.0,0.0,1e-06,-0.021894,-0.132167,-0.047627,0.035794,-0.273539,-0.067685,0.095417,-0.375826,-0.08701,0.105488,-0.467831,-0.103318,0.162548,-0.293473,-0.038014,0.263531,-0.338618,-0.080561,0.331666,-0.360343,-0.109595,0.394132,-0.376914,-0.129949,0.19796,-0.222824,-0.044676,0.308829,-0.277367,-0.10175,0.391818,-0.309883,-0.141449,0.467269,-0.332583,-0.162789,0.207558,-0.139836,-0.055547,0.25055,-0.144963,-0.127642,0.164063,-0.124783,-0.131212,0.098247,-0.113098,-0.113684,0.201903,-0.052334,-0.070492,0.206665,-0.057001,-0.131234,0.136521,-0.049212,-0.131047,0.082673,-0.047641,-0.116268,H
0.0,0.0,1e-06,-0.023622,-0.129888,-0.049692,0.033474,-0.271541,-0.071604,0.095309,-0.372337,-0.091843,0.105696,-0.464661,-0.109432,0.158339,-0.290935,-0.046877,0.259419,-0.335368,-0.092821,0.328431,-0.357656,-0.123929,0.392205,-0.374321,-0.145319,0.193734,-0.21995,-0.052855,0.30861,-0.272944,-0.112549,0.392808,-0.304993,-0.152674,0.46949,-0.327718,-0.173948,0.203303,-0.137038,-0.062597,0.249305,-0.139815,-0.136246,0.163255,-0.120591,-0.138672,0.097287,-0.110601,-0.120089,0.197757,-0.050341,-0.076441,0.206306,-0.053694,-0.13772,0.136585,-0.046403,-0.135955,0.08268,-0.047014,-0.119872,H
0.0,0.0,1e-06,-0.022698,-0.131217,-0.049045,0.034567,-0.271428,-0.070374,0.09534,-0.372301,-0.090685,0.105552,-0.46484,-0.10801,0.161259,-0.292051,-0.041971,0.26191,-0.336717,-0.086705,0.330561,-0.359106,-0.117479,0.393633,-0.37594,-0.13913,0.195895,-0.221018,-0.048751,0.308468,-0.275281,-0.108081,0.392001,-0.307648,-0.149019,0.467835,-0.329972,-0.171304,0.204533,-0.137771,-0.059661,0.251074,-0.140418,-0.133268,0.16424,-0.120887,-0.135945,0.098138,-0.110231,-0.117789,0.198319,-0.050833,-0.074786,0.206426,-0.054684,-0.136596,0.136764,-0.047303,-0.135704,0.083588,-0.047097,-0.120388,H
0.0,0.0,1e-06,-0.023802,-0.132176,-0.049963,0.034058,-0.274368,-0.070666,0.095599,-0.377927,-0.090295,0.105149,-0.47117,-0.106909,0.160897,-0.294346,-0.039473,0.261961,-0.34086,-0.081828,0.329909,-0.362911,-0.110269,0.392263,-0.379483,-0.130132,0.196732,-0.223818,-0.044893,0.308406,-0.278753,-0.101661,0.391684,-0.311514,-0.140665,0.466434,-0.333912,-0.161353,0.20632,-0.141435,-0.054817,0.249009,-0.145859,-0.127477,0.162617,-0.124678,-0.131863,0.096174,-0.111418,-0.114509,0.20089,-0.055456,-0.068946,0.204589,-0.0597,-0.13048,0.134815,-0.05058,-0.131453,0.081273,-0.046894,-0.117305,H
0.0,0.0,1e-06,-0.020829,-0.131734,-0.048154,0.037838,-0.271397,-0.068943,0.098107,-0.372889,-0.088932,0.109162,-0.465153,-0.106166,0.163435,-0.290196,-0.040019,0.263267,-0.334841,-0.083983,0.331731,-0.356035,-0.113955,0.394765,-0.371741,-0.134513,0.198873,-0.219517,-0.046532,0.31063,-0.274481,-0.103235,0.393693,-0.307727,-0.141869,0.469994,-0.33202,-0.162383,0.208058,-0.135828,-0.057448,0.250583,-0.1394,-0.129618,0.164756,-0.120676,-0.132998,0.099195,-0.110773,-0.115112,0.200867,-0.047719,-0.072422,0.208792,-0.053281,-0.132201,0.140023,-0.04749,-0.131096,0.086432,-0.047494,-0.115837,H
0.0,0.0,1e-06,-0.019989,-0.133012,-0.051868,0.038865,-0.271542,-0.074865,0.09942,-0.374947,-0.096716,0.112166,-0.470191,-0.115323,0.166305,-0.29178,-0.04198,0.26757,-0.334014,-0.086623,0.335657,-0.354893,-0.11659,0.399008,-0.37093,-0.137421,0.199793,-0.220535,-0.047698,0.313076,-0.274441,-0.107107,0.397202,-0.305057,-0.147049,0.47494,-0.326261,-0.168245,0.20704,-0.137295,-0.058213,0.251104,-0.137388,-0.133928,0.164035,-0.118062,-0.137707,0.098258,-0.108117,-0.119262,0.199532,-0.050649,-0.073027,0.208735,-0.053383,-0.136033,0.138981,-0.045533,-0.135849,0.085584,-0.044713,-0.120685,H
0.0,0.0,1e-06,-0.021713,-0.133694,-0.056659,0.0364,-0.269223,-0.082208,0.097708,-0.371527,-0.105856,0.111607,-0.468584,-0.126231,0.164361,-0.294208,-0.046191,0.267031,-0.336456,-0.092358,0.33552,-0.35644,-0.122611,0.399122,-0.37143,-0.143249,0.199387,-0.222128,-0.049692,0.311674,-0.273907,-0.110793,0.395005,-0.303499,-0.150735,0.471167,-0.32448,-0.171396,0.207836,-0.139923,-0.058501,0.248054,-0.138142,-0.136042,0.160084,-0.117332,-0.140784,0.094249,-0.10587,-0.122557,0.202029,-0.05535,-0.072005,0.203965,-0.054951,-0.136867,0.132288,-0.045401,-0.138426,0.078756,-0.042714,-0.12407,H
0.0,0.0,1e-06,-0.020383,-0.134021,-0.055268,0.038294,-0.270599,-0.079423,0.099565,-0.372087,-0.101542,0.113288,-0.468222,-0.12064,0.164765,-0.292474,-0.046053,0.267584,-0.33457,-0.091096,0.335384,-0.354208,-0.12012,0.398922,-0.369342,-0.139634,0.200099,-0.220771,-0.048979,0.311805,-0.269996,-0.108218,0.394407,-0.298175,-0.146409,0.470798,-0.318759,-0.165757,0.209225,-0.139144,-0.056988,0.244628,-0.132993,-0.132284,0.158495,-0.113294,-0.137245,0.093369,-0.103178,-0.119406,0.203393,-0.055339,-0.069626,0.201772,-0.051073,-0.132123,0.131315,-0.042262,-0.133688,0.07832,-0.040339,-0.119664,H
0.0,0.0,1e-06,-0.020109,-0.133269,-0.05331,0.038724,-0.270453,-0.077336,0.103038,-0.370793,-0.099414,0.116968,-0.465707,-0.118296,0.163201,-0.291881,-0.046474,0.267047,-0.329697,-0.092797,0.33578,-0.34715,-0.122932,0.399902,-0.360914,-0.142972,0.19721,-0.221842,-0.050708,0.3118,-0.271194,-0.112287,0.396169,-0.297551,-0.152089,0.474375,-0.317489,-0.172251,0.205933,-0.140636,-0.059514,0.242674,-0.132161,-0.135468,0.157577,-0.113685,-0.139204,0.094186,-0.107712,-0.120391,0.200493,-0.055378,-0.072765,0.205584,-0.049748,-0.134352,0.135862,-0.041381,-0.133634,0.082829,-0.044289,-0.118106,H
0.0,0.0,1e-06,-0.01944,-0.129445,-0.055201,0.035566,-0.265617,-0.083088,0.096678,-0.366033,-0.10837,0.110957,-0.460772,-0.130422,0.156469,-0.287616,-0.060119,0.261026,-0.324404,-0.110957,0.329316,-0.343155,-0.141431,0.392501,-0.357191,-0.161016,0.193909,-0.217384,-0.063616,0.305374,-0.26142,-0.131084,0.388324,-0.285275,-0.171645,0.464124,-0.301998,-0.190992,0.206446,-0.135633,-0.07086,0.225633,-0.124731,-0.147112,0.14231,-0.111208,-0.149498,0.081354,-0.109984,-0.129988,0.203723,-0.05028,-0.083051,0.189911,-0.039147,-0.143326,0.121084,-0.033056,-0.14305,0.07033,-0.041447,-0.127905,H
0.0,0.0,1e-06,-0.019311,-0.130699,-0.055247,0.034802,-0.266422,-0.081758,0.094515,-0.366406,-0.105775,0.10907,-0.460825,-0.126774,0.155743,-0.285999,-0.055003,0.259045,-0.324921,-0.102501,0.325193,-0.34421,-0.130743,0.388054,-0.359392,-0.148829,0.193247,-0.216451,-0.057486,0.302024,-0.263032,-0.119964,0.382881,-0.287768,-0.15736,0.458035,-0.305407,-0.175132,0.20631,-0.135938,-0.064382,0.225683,-0.12437,-0.139414,0.142686,-0.109366,-0.144017,0.080581,-0.105159,-0.125993,0.204113,-0.05332,-0.076112,0.190654,-0.043207,-0.136797,0.122971,-0.035419,-0.138697,0.072185,-0.038555,-0.125167,H
0.0,0.0,1e-06,-0.020889,-0.134734,-0.055461,0.033927,-0.271144,-0.081142,0.094774,-0.372381,-0.104726,0.107777,-0.468689,-0.124949,0.155729,-0.292357,-0.050239,0.258688,-0.334745,-0.096534,0.324895,-0.355858,-0.124656,0.387565,-0.372866,-0.143172,0.192747,-0.223658,-0.053509,0.301624,-0.274745,-0.117073,0.384232,-0.303312,-0.15686,0.459743,-0.323372,-0.17644,0.204954,-0.143879,-0.061525,0.228451,-0.134911,-0.139171,0.14448,-0.116902,-0.145532,0.082025,-0.110576,-0.128204,0.203043,-0.060893,-0.074279,0.193481,-0.051765,-0.137854,0.124897,-0.0421,-0.141246,0.073108,-0.044372,-0.128512,H
0.0,0.0,1e-06,-0.020857,-0.133119,-0.052748,0.034015,-0.26987,-0.077138,0.095564,-0.370189,-0.09988,0.108408,-0.465743,-0.119469,0.155761,-0.28969,-0.048126,0.258218,-0.3328,-0.093353,0.324281,-0.353926,-0.120567,0.386675,-0.370773,-0.138348,0.19245,-0.220957,-0.052172,0.301048,-0.27347,-0.114256,0.383118,-0.301803,-0.152866,0.458649,-0.321769,-0.171651,0.204225,-0.140662,-0.06069,0.228206,-0.133519,-0.137313,0.145264,-0.116021,-0.143577,0.082818,-0.109987,-0.126202,0.201136,-0.056644,-0.073577,0.19399,-0.049118,-0.136052,0.126742,-0.040269,-0.138934,0.074824,-0.043231,-0.125913,H
0.0,0.0,1e-06,-0.021441,-0.131586,-0.052092,0.034253,-0.270139,-0.074627,0.095919,-0.369912,-0.095088,0.11099,-0.462749,-0.112927,0.153903,-0.287298,-0.047822,0.255867,-0.330624,-0.091884,0.321819,-0.352136,-0.118927,0.384755,-0.369166,-0.136609,0.192031,-0.218277,-0.050724,0.30074,-0.26964,-0.108109,0.38201,-0.298075,-0.143979,0.457183,-0.31815,-0.161421,0.205099,-0.138287,-0.058032,0.230832,-0.132457,-0.130694,0.148511,-0.113181,-0.136347,0.084661,-0.1035,-0.119306,0.2025,-0.055244,-0.069735,0.193296,-0.048781,-0.131025,0.124507,-0.038864,-0.133964,0.070614,-0.037673,-0.12091,H
0.0,0.0,1e-06,-0.022219,-0.129865,-0.052887,0.034245,-0.268539,-0.075306,0.097131,-0.368769,-0.095729,0.112464,-0.461341,-0.113134,0.154256,-0.286448,-0.045515,0.255093,-0.330427,-0.090307,0.320857,-0.352353,-0.118754,0.383163,-0.369667,-0.137971,0.190961,-0.217142,-0.048956,0.298681,-0.269154,-0.109071,0.380207,-0.298906,-0.14809,0.455474,-0.320332,-0.167979,0.202684,-0.136865,-0.05708,0.23359,-0.133521,-0.132463,0.150807,-0.113781,-0.138786,0.087874,-0.103918,-0.122106,0.200323,-0.053949,-0.069653,0.19566,-0.049661,-0.133504,0.126946,-0.040418,-0.1373,0.074457,-0.0402,-0.124838,H
0.0,0.0,1e-06,-0.021187,-0.131432,-0.05606,0.035722,-0.266798,-0.080863,0.100059,-0.365498,-0.103162,0.116261,-0.460275,-0.122526,0.156022,-0.286634,-0.050585,0.257098,-0.331077,-0.096654,0.322771,-0.353234,-0.125222,0.385697,-0.370832,-0.144268,0.193474,-0.217531,-0.052705,0.30062,-0.269531,-0.114431,0.381432,-0.298375,-0.153009,0.456589,-0.31902,-0.172091,0.205713,-0.137584,-0.059592,0.23253,-0.131933,-0.136339,0.149211,-0.113118,-0.142416,0.086281,-0.103863,-0.125066,0.203603,-0.054066,-0.071141,0.197155,-0.048683,-0.135064,0.127778,-0.039578,-0.138338,0.0747,-0.039287,-0.125285,H
0.0,0.0,1e-06,-0.021081,-0.132976,-0.053924,0.036766,-0.268555,-0.077043,0.103239,-0.366711,-0.0983,0.119821,-0.460951,-0.116249,0.156862,-0.290262,-0.044792,0.258816,-0.33286,-0.089902,0.325016,-0.353491,-0.117905,0.38718,-0.369441,-0.136699,0.193217,-0.22092,-0.048154,0.300399,-0.27364,-0.111153,0.3819,-0.302609,-0.151372,0.456334,-0.322816,-0.171527,0.204518,-0.141038,-0.056343,0.231902,-0.135377,-0.133888,0.14902,-0.115658,-0.139982,0.087252,-0.106583,-0.122591,0.202333,-0.057972,-0.069098,0.196082,-0.052384,-0.133308,0.127137,-0.042021,-0.136764,0.07516,-0.042063,-0.12399,H
0.0,0.0,1e-06,-0.020825,-0.131468,-0.055597,0.037091,-0.265423,-0.080123,0.10399,-0.362839,-0.102359,0.122035,-0.457485,-0.121512,0.155985,-0.288104,-0.048529,0.257517,-0.331571,-0.094886,0.323414,-0.352915,-0.123659,0.385957,-0.369098,-0.142791,0.191298,-0.218799,-0.051241,0.29955,-0.270564,-0.114263,0.380964,-0.299243,-0.153855,0.455382,-0.319151,-0.173532,0.202008,-0.13899,-0.058854,0.231621,-0.13301,-0.13693,0.149044,-0.113276,-0.142861,0.087072,-0.102891,-0.125145,0.199545,-0.056254,-0.071019,0.197173,-0.052027,-0.135583,0.127966,-0.040836,-0.138324,0.075473,-0.038299,-0.124819,H
0.0,0.0,1e-06,-0.022982,-0.132016,-0.063092,0.034864,-0.260292,-0.091304,0.108449,-0.34698,-0.115655,0.143599,-0.437152,-0.136202,0.156625,-0.285217,-0.053369,0.258373,-0.32909,-0.101155,0.32406,-0.351994,-0.130387,0.387021,-0.369376,-0.149166,0.191483,-0.214206,-0.053027,0.298732,-0.266114,-0.116505,0.379607,-0.296201,-0.155734,0.454022,-0.31792,-0.174765,0.200885,-0.133887,-0.058433,0.233876,-0.133498,-0.13865,0.151366,-0.115051,-0.145146,0.090074,-0.104833,-0.127203,0.196922,-0.050499,-0.068724,0.199342,-0.05137,-0.135478,0.130743,-0.042244,-0.138338,0.077864,-0.040534,-0.124226,H
0.0,0.0,1e-06,-0.023597,-0.133974,-0.063822,0.034069,-0.263985,-0.091433,0.106434,-0.353007,-0.114722,0.141495,-0.442576,-0.134487,0.155835,-0.287029,-0.053083,0.25684,-0.333178,-0.101095,0.321952,-0.356289,-0.130273,0.385,-0.373695,-0.148368,0.192403,-0.216945,-0.051452,0.300746,-0.272912,-0.111555,0.380474,-0.303092,-0.147767,0.454045,-0.324527,-0.164441,0.202885,-0.137518,-0.056055,0.230742,-0.136259,-0.133905,0.148176,-0.119049,-0.141763,0.086207,-0.108843,-0.12483,0.198817,-0.055609,-0.065637,0.193226,-0.054569,-0.130835,0.123873,-0.04526,-0.134917,0.070892,-0.041931,-0.121742,H
0.0,0.0,1e-06,-0.020411,-0.13406,-0.067702,0.039969,-0.258707,-0.098048,0.113036,-0.343467,-0.123527,0.151266,-0.43067,-0.145204,0.161655,-0.275887,-0.055417,0.265599,-0.312418,-0.104421,0.331494,-0.330542,-0.1339,0.394572,-0.342506,-0.152319,0.194886,-0.202634,-0.052098,0.304886,-0.248126,-0.114953,0.385657,-0.270331,-0.153212,0.460115,-0.284609,-0.171079,0.202446,-0.123784,-0.05522,0.235376,-0.118114,-0.135642,0.150449,-0.10423,-0.144079,0.087658,-0.097588,-0.127132,0.196968,-0.044463,-0.063519,0.189841,-0.040631,-0.131254,0.119843,-0.032163,-0.136716,0.067826,-0.031366,-0.124105,H
0.0,0.0,-0.0,0.111982,-0.046761,-0.042675,0.199371,-0.160866,-0.057869,0.195528,-0.266963,-0.071389,0.101306,-0.296958,-0.076415,0.17293,-0.285799,-0.003729,0.193687,-0.383174,-0.044031,0.169062,-0.298861,-0.064762,0.15146,-0.228703,-0.069741,0.113836,-0.298173,-0.004824,0.13475,-0.410692,-0.062366,0.128036,-0.312262,-0.088755,0.125426,-0.238743,-0.090991,0.052826,-0.305823,-0.016422,0.068614,-0.379796,-0.07253,0.084408,-0.26752,-0.098164,0.092597,-0.18749,-0.098182,-0.00663,-0.305413,-0.030921,0.004078,-0.406323,-0.056084,0.01452,-0.466119,-0.073203,0.022289,-0.534921,-0.082441,I
0.0,0.0,0.0,0.112822,-0.045339,-0.044698,0.197977,-0.157799,-0.061664,0.191627,-0.265988,-0.077121,0.098942,-0.299131,-0.08411,0.169716,-0.283505,-0.003358,0.190032,-0.375314,-0.046921,0.166252,-0.291215,-0.0702,0.145402,-0.217386,-0.075679,0.110151,-0.298103,-0.004305,0.130878,-0.408782,-0.064361,0.127207,-0.31226,-0.093113,0.124569,-0.237161,-0.096118,0.048965,-0.305722,-0.016232,0.065257,-0.376503,-0.075882,0.081304,-0.263442,-0.102726,0.088062,-0.1838,-0.102129,-0.011493,-0.303714,-0.031097,0.001113,-0.400071,-0.05798,0.011841,-0.457791,-0.074758,0.019065,-0.526383,-0.08284,I
0.0,0.0,-0.0,0.115255,-0.046293,-0.043767,0.202111,-0.157183,-0.060728,0.194585,-0.265686,-0.075491,0.100762,-0.300059,-0.081823,0.177155,-0.280243,-0.008229,0.195882,-0.377507,-0.050968,0.170042,-0.295363,-0.073504,0.149964,-0.224769,-0.079816,0.11639,-0.293826,-0.009199,0.13726,-0.407425,-0.070064,0.129193,-0.308031,-0.098417,0.12408,-0.232857,-0.101987,0.055197,-0.302406,-0.020615,0.069986,-0.380329,-0.079341,0.084952,-0.266973,-0.106423,0.092765,-0.185956,-0.107613,-0.004389,-0.302708,-0.034833,0.004612,-0.402558,-0.063071,0.013205,-0.462187,-0.082436,0.020585,-0.533136,-0.093353,I
0.0,0.0,-0.0,0.113723,-0.047915,-0.041165,0.1992,-0.1623,-0.055894,0.19126,-0.271908,-0.069009,0.097733,-0.303799,-0.073843,0.172549,-0.284138,-0.004395,0.191596,-0.381113,-0.044815,0.16602,-0.297018,-0.065758,0.148215,-0.227031,-0.071146,0.112719,-0.297429,-0.006157,0.132494,-0.409135,-0.063314,0.124731,-0.310335,-0.089232,0.12188,-0.23653,-0.09159,0.051096,-0.305377,-0.018177,0.066032,-0.379905,-0.074096,0.080911,-0.267746,-0.098981,0.089076,-0.187565,-0.09884,-0.008912,-0.304531,-0.032925,0.002266,-0.40493,-0.058676,0.012396,-0.463694,-0.075553,0.01997,-0.53218,-0.084669,I
0.0,0.0,0.0,0.117335,-0.040855,-0.051498,0.201724,-0.147553,-0.073454,0.194429,-0.253627,-0.093148,0.100739,-0.288168,-0.103588,0.17548,-0.271073,-0.007032,0.194281,-0.36019,-0.05498,0.168935,-0.27884,-0.080423,0.147716,-0.205829,-0.086834,0.11512,-0.28554,-0.005779,0.136799,-0.393529,-0.073642,0.130311,-0.296095,-0.105788,0.125752,-0.220033,-0.108859,0.055001,-0.294536,-0.016404,0.072483,-0.371282,-0.081479,0.086773,-0.257315,-0.10944,0.092493,-0.176401,-0.107808,-0.004732,-0.295219,-0.030644,0.009882,-0.388539,-0.060742,0.022065,-0.44443,-0.079311,0.031847,-0.511216,-0.087545,I
0.0,0.0,0.0,0.118035,-0.04148,-0.054355,0.198508,-0.147711,-0.07975,0.189142,-0.25186,-0.102869,0.097416,-0.284774,-0.116566,0.174891,-0.266455,-0.010903,0.191887,-0.351314,-0.064001,0.166843,-0.270244,-0.092534,0.143541,-0.193952,-0.099601,0.113493,-0.282991,-0.009584,0.134598,-0.388321,-0.081951,0.129127,-0.290382,-0.115469,0.12573,-0.212548,-0.117945,0.052601,-0.292447,-0.020646,0.069137,-0.370838,-0.089572,0.083592,-0.257615,-0.117715,0.089827,-0.175921,-0.114554,-0.007849,-0.292435,-0.035598,0.008997,-0.386059,-0.067453,0.021099,-0.44191,-0.085444,0.030257,-0.507094,-0.092156,I
0.0,0.0,0.0,0.113109,-0.047433,-0.044893,0.199291,-0.160201,-0.061994,0.188768,-0.270387,-0.077245,0.094,-0.300099,-0.083669,0.173751,-0.278418,-0.004433,0.190419,-0.371586,-0.0469,0.163809,-0.287995,-0.068547,0.144989,-0.216466,-0.07336,0.113594,-0.29413,-0.005208,0.132119,-0.402605,-0.06568,0.124414,-0.303854,-0.09302,0.120995,-0.228925,-0.094341,0.052674,-0.303748,-0.016817,0.067086,-0.379438,-0.075274,0.08018,-0.266024,-0.099922,0.08689,-0.186378,-0.097596,-0.007462,-0.303441,-0.031567,0.007449,-0.401443,-0.05688,0.018787,-0.456102,-0.072039,0.027572,-0.521981,-0.078651,I
0.0,0.0,0.0,0.112217,-0.041224,-0.049437,0.199611,-0.151737,-0.069918,0.190403,-0.261832,-0.087788,0.096923,-0.29899,-0.096281,0.175753,-0.274578,-0.010738,0.194394,-0.361491,-0.056451,0.165665,-0.278389,-0.078513,0.14288,-0.206848,-0.083131,0.114714,-0.290955,-0.010195,0.135968,-0.397277,-0.074782,0.126157,-0.298374,-0.102352,0.121339,-0.22305,-0.103085,0.054062,-0.300699,-0.02105,0.071692,-0.37678,-0.083488,0.084072,-0.260544,-0.108342,0.090116,-0.179297,-0.105846,-0.005026,-0.299612,-0.035398,0.008161,-0.391492,-0.065552,0.018754,-0.445685,-0.08366,0.028079,-0.513103,-0.09195,I
0.0,0.0,-0.0,0.116058,-0.049438,-0.043239,0.202873,-0.16474,-0.058994,0.192845,-0.27599,-0.072897,0.097542,-0.30758,-0.078077,0.174976,-0.2832,-0.003352,0.193645,-0.377372,-0.045058,0.167174,-0.293066,-0.06624,0.147536,-0.222099,-0.071135,0.11444,-0.296232,-0.004066,0.135115,-0.405804,-0.064789,0.126744,-0.306396,-0.092908,0.121677,-0.232027,-0.095258,0.05337,-0.304459,-0.015349,0.068528,-0.382715,-0.073022,0.082923,-0.269506,-0.09878,0.089963,-0.189628,-0.098112,-0.006101,-0.303815,-0.029566,0.007303,-0.403251,-0.055537,0.019252,-0.460298,-0.073112,0.028715,-0.528416,-0.082184,I
0.0,0.0,0.0,0.114936,-0.045277,-0.049565,0.198614,-0.154874,-0.069721,0.191379,-0.261659,-0.087913,0.097499,-0.294922,-0.097025,0.174068,-0.278541,-0.003039,0.192489,-0.36805,-0.048474,0.16708,-0.287192,-0.072796,0.146583,-0.215342,-0.078601,0.114271,-0.292456,-0.001902,0.134708,-0.400648,-0.066089,0.127608,-0.304134,-0.096656,0.124237,-0.229995,-0.099214,0.054147,-0.300766,-0.012587,0.069,-0.374655,-0.074695,0.083998,-0.26241,-0.102739,0.091221,-0.183109,-0.101708,-0.005062,-0.300879,-0.026727,0.007466,-0.397687,-0.053932,0.019871,-0.455186,-0.071545,0.030284,-0.522354,-0.079611,I
0.0,0.0,0.0,0.114205,-0.041887,-0.053422,0.19699,-0.148814,-0.077234,0.185817,-0.255904,-0.098868,0.095122,-0.293125,-0.111192,0.175753,-0.273556,-0.008828,0.193794,-0.362128,-0.061331,0.166667,-0.281357,-0.089725,0.143177,-0.208057,-0.097276,0.114079,-0.287665,-0.007599,0.135523,-0.39398,-0.079236,0.126301,-0.29727,-0.11268,0.121072,-0.221792,-0.115948,0.053165,-0.29612,-0.018971,0.069402,-0.373031,-0.086874,0.08267,-0.262421,-0.115796,0.08907,-0.182838,-0.114415,-0.006402,-0.296174,-0.034251,0.006873,-0.387411,-0.066699,0.017657,-0.443517,-0.086678,0.027202,-0.509978,-0.095581,I
0.0,0.0,0.0,0.113904,-0.043928,-0.049431,0.198581,-0.153339,-0.069959,0.187705,-0.26136,-0.088511,0.095568,-0.294791,-0.098152,0.173817,-0.275069,-0.006707,0.190442,-0.363322,-0.054646,0.165517,-0.281048,-0.080084,0.143903,-0.20801,-0.086257,0.112532,-0.289548,-0.006412,0.131636,-0.395239,-0.072591,0.125906,-0.298826,-0.103755,0.121646,-0.224068,-0.106671,0.051584,-0.29797,-0.01783,0.065976,-0.374262,-0.080964,0.080607,-0.263734,-0.108091,0.086792,-0.185365,-0.106568,-0.008091,-0.297401,-0.032812,0.006091,-0.39214,-0.061356,0.018037,-0.447874,-0.078761,0.027337,-0.51409,-0.086435,I
0.0,0.0,0.0,0.114425,-0.046568,-0.048246,0.197456,-0.156425,-0.067626,0.189214,-0.264314,-0.085315,0.096588,-0.296256,-0.094026,0.172059,-0.276547,-0.002352,0.190097,-0.368036,-0.049117,0.164625,-0.285995,-0.07478,0.143455,-0.21154,-0.081061,0.111954,-0.291708,-0.001947,0.131095,-0.401433,-0.066558,0.125471,-0.305802,-0.097934,0.122404,-0.230549,-0.101024,0.051046,-0.300267,-0.01325,0.064845,-0.375719,-0.075647,0.079407,-0.265234,-0.103731,0.085658,-0.18608,-0.102478,-0.009074,-0.300013,-0.027907,0.004809,-0.396907,-0.055275,0.016638,-0.454128,-0.072459,0.025672,-0.520433,-0.079927,I
0.0,0.0,0.0,0.112216,-0.039087,-0.051795,0.198039,-0.147574,-0.073251,0.187681,-0.255661,-0.092224,0.094663,-0.290997,-0.101844,0.175669,-0.26822,-0.00834,0.192645,-0.356322,-0.056697,0.165154,-0.274818,-0.081583,0.140585,-0.200734,-0.087146,0.11462,-0.286001,-0.007036,0.134206,-0.392564,-0.07411,0.126209,-0.296192,-0.104643,0.121002,-0.220276,-0.106471,0.053687,-0.296431,-0.017783,0.069337,-0.374246,-0.081986,0.082735,-0.261961,-0.108978,0.088868,-0.181642,-0.106992,-0.006257,-0.296564,-0.032303,0.007581,-0.388613,-0.062616,0.018547,-0.442913,-0.08095,0.027968,-0.508014,-0.088896,I
0.0,0.0,0.0,0.113676,-0.04307,-0.049415,0.191595,-0.154173,-0.070539,0.177813,-0.260526,-0.090115,0.088898,-0.294131,-0.100775,0.167919,-0.270938,-0.004562,0.181936,-0.357208,-0.054833,0.157265,-0.275813,-0.082011,0.133518,-0.198997,-0.088099,0.107166,-0.288338,-0.004126,0.122984,-0.392591,-0.07182,0.119835,-0.296898,-0.103964,0.118614,-0.220471,-0.106534,0.045313,-0.297294,-0.015685,0.058968,-0.373723,-0.080862,0.074789,-0.261176,-0.107896,0.082153,-0.179905,-0.104805,-0.01654,-0.294957,-0.030711,0.002373,-0.386643,-0.060206,0.015732,-0.440493,-0.076676,0.025587,-0.503801,-0.082604,I
0.0,0.0,0.0,0.109462,-0.041692,-0.049464,0.193051,-0.152466,-0.07,0.180108,-0.259282,-0.088707,0.089618,-0.291451,-0.098172,0.167715,-0.273826,-0.007297,0.181359,-0.361626,-0.055961,0.156539,-0.278745,-0.08083,0.132996,-0.202406,-0.085597,0.105829,-0.291401,-0.007167,0.120838,-0.398439,-0.073155,0.118223,-0.301867,-0.103215,0.117529,-0.225917,-0.104766,0.044077,-0.299624,-0.018838,0.056842,-0.376569,-0.082878,0.072737,-0.262469,-0.108772,0.080411,-0.181804,-0.105452,-0.016814,-0.296677,-0.033994,0.000118,-0.388479,-0.063064,0.01239,-0.444061,-0.07926,0.021399,-0.511942,-0.085301,I
0.0,0.0,0.0,0.111411,-0.046424,-0.048729,0.195231,-0.158107,-0.068758,0.184415,-0.261984,-0.086881,0.090979,-0.287955,-0.095815,0.167104,-0.278388,-0.007524,0.181502,-0.369986,-0.055434,0.156532,-0.284923,-0.079778,0.135861,-0.207735,-0.084543,0.105728,-0.293918,-0.007327,0.122722,-0.402398,-0.073462,0.117625,-0.302675,-0.103212,0.116055,-0.225786,-0.104228,0.044185,-0.302286,-0.018624,0.055105,-0.380209,-0.081332,0.071694,-0.267758,-0.107353,0.081729,-0.188,-0.104281,-0.015414,-0.300539,-0.033388,-0.001928,-0.397829,-0.060595,0.009545,-0.455278,-0.076555,0.018337,-0.524001,-0.082765,I
0.0,0.0,0.0,0.110792,-0.052523,-0.055702,0.181984,-0.166063,-0.08061,0.16193,-0.270935,-0.103396,0.070259,-0.294267,-0.116693,0.155889,-0.280731,-0.005269,0.164804,-0.369419,-0.059061,0.141862,-0.288875,-0.089615,0.12077,-0.208295,-0.097221,0.094015,-0.29311,-0.002489,0.103416,-0.400177,-0.074048,0.101855,-0.30762,-0.109257,0.103913,-0.23012,-0.112772,0.032502,-0.298305,-0.012747,0.03723,-0.375119,-0.080203,0.058655,-0.271817,-0.11069,0.072409,-0.192239,-0.10917,-0.026402,-0.293659,-0.027159,-0.016661,-0.388386,-0.056709,-0.007839,-0.448669,-0.074752,-0.001684,-0.51391,-0.081683,I
0.0,0.0,0.0,0.108453,-0.065961,-0.053009,0.167825,-0.199033,-0.075482,0.129035,-0.319264,-0.096585,0.038313,-0.348736,-0.109042,0.142613,-0.291145,-0.000287,0.144956,-0.387451,-0.055131,0.123465,-0.313619,-0.091973,0.100097,-0.230322,-0.104654,0.080836,-0.30091,0.002033,0.077761,-0.41475,-0.06721,0.083387,-0.338061,-0.107481,0.087049,-0.259526,-0.117185,0.019457,-0.301427,-0.008644,0.018632,-0.391775,-0.071069,0.043834,-0.301908,-0.103928,0.05958,-0.222031,-0.107389,-0.039796,-0.291722,-0.023872,-0.0357,-0.385876,-0.052095,-0.033377,-0.448663,-0.072387,-0.032858,-0.510725,-0.082793,I
0.0,0.0,0.0,0.109369,-0.064947,-0.055248,0.169295,-0.195137,-0.079879,0.132515,-0.314982,-0.102881,0.041223,-0.342652,-0.117003,0.144515,-0.290496,-0.001974,0.14723,-0.386696,-0.056517,0.126207,-0.314077,-0.092124,0.100897,-0.230396,-0.103756,0.082531,-0.300078,0.00106,0.079848,-0.415181,-0.068545,0.085393,-0.333501,-0.107798,0.088015,-0.253466,-0.116273,0.021453,-0.301463,-0.009091,0.021381,-0.392514,-0.07306,0.047159,-0.298941,-0.105639,0.061273,-0.21853,-0.108217,-0.0378,-0.292505,-0.023854,-0.034104,-0.387362,-0.053321,-0.030779,-0.449604,-0.073862,-0.030431,-0.512823,-0.083967,I
0.0,0.0,0.0,0.106065,-0.06384,-0.047545,0.171257,-0.19363,-0.065601,0.135857,-0.313732,-0.082984,0.039977,-0.33745,-0.091538,0.142102,-0.292859,0.005098,0.14489,-0.393498,-0.040503,0.123117,-0.321508,-0.068101,0.101885,-0.241263,-0.075552,0.079913,-0.303105,0.005966,0.074868,-0.419807,-0.055271,0.078579,-0.33812,-0.088215,0.085127,-0.26248,-0.093803,0.019323,-0.303934,-0.005299,0.01512,-0.386279,-0.063849,0.040524,-0.286879,-0.092877,0.057728,-0.207373,-0.094103,-0.038422,-0.294921,-0.020405,-0.036562,-0.389334,-0.045113,-0.034926,-0.451972,-0.061904,-0.034918,-0.519824,-0.070287,I
0.0,0.0,0.0,0.106008,-0.060775,-0.047638,0.172536,-0.191926,-0.064898,0.136442,-0.311023,-0.08172,0.041998,-0.336621,-0.089966,0.144017,-0.290893,0.00803,0.149277,-0.387891,-0.040252,0.125307,-0.316655,-0.071015,0.101396,-0.234831,-0.079824,0.082,-0.301734,0.008657,0.080292,-0.416783,-0.054483,0.083137,-0.340696,-0.089981,0.088172,-0.263811,-0.096547,0.020664,-0.302636,-0.003409,0.019354,-0.386462,-0.063234,0.043001,-0.291337,-0.094598,0.059471,-0.210189,-0.096769,-0.037433,-0.293199,-0.019374,-0.032973,-0.387445,-0.045569,-0.031635,-0.45087,-0.063963,-0.031574,-0.516171,-0.07304,I
0.0,0.0,0.0,0.106081,-0.060817,-0.052334,0.171305,-0.191011,-0.07439,0.137893,-0.311452,-0.095334,0.044705,-0.339632,-0.107163,0.145158,-0.290171,0.001529,0.150803,-0.384959,-0.051782,0.127136,-0.31168,-0.085756,0.102206,-0.231558,-0.096234,0.083419,-0.30131,0.003034,0.082066,-0.415833,-0.064704,0.086033,-0.335291,-0.101501,0.090765,-0.258117,-0.108119,0.022829,-0.302626,-0.008679,0.022982,-0.388808,-0.071464,0.047607,-0.2929,-0.1024,0.063361,-0.213533,-0.103759,-0.035084,-0.293183,-0.02481,-0.030915,-0.386417,-0.052716,-0.028686,-0.447664,-0.071496,-0.02847,-0.51208,-0.080372,I
0.0,0.0,0.0,0.108913,-0.061892,-0.05686,0.169534,-0.190365,-0.0818,0.134447,-0.307615,-0.104684,0.04433,-0.338777,-0.118647,0.147001,-0.285924,-0.004166,0.152661,-0.374916,-0.062295,0.127984,-0.300472,-0.100376,0.101015,-0.220055,-0.113012,0.085192,-0.296114,-0.000444,0.087333,-0.406188,-0.073198,0.090814,-0.327627,-0.113398,0.092852,-0.25019,-0.121594,0.023532,-0.297001,-0.01026,0.026015,-0.385655,-0.075887,0.049129,-0.293568,-0.108355,0.063592,-0.21402,-0.110131,-0.036229,-0.287239,-0.024867,-0.030616,-0.378888,-0.05493,-0.026976,-0.439291,-0.075132,-0.024857,-0.500196,-0.084592,I
0.0,0.0,0.0,0.107247,-0.058442,-0.050334,0.169832,-0.189407,-0.070993,0.135098,-0.309804,-0.09007,0.047488,-0.344264,-0.100173,0.146238,-0.279665,0.001971,0.153301,-0.372903,-0.050997,0.129169,-0.296878,-0.085629,0.100987,-0.216263,-0.096495,0.085131,-0.291098,0.004568,0.08783,-0.401663,-0.0626,0.092548,-0.318776,-0.099753,0.093811,-0.239069,-0.106423,0.024052,-0.292615,-0.00548,0.028679,-0.386678,-0.065832,0.053475,-0.292449,-0.095482,0.068445,-0.21275,-0.096284,-0.036213,-0.282613,-0.019683,-0.02786,-0.375113,-0.047283,-0.022335,-0.431653,-0.065593,-0.019506,-0.489678,-0.073762,I
0.0,0.0,-1e-06,-0.084636,-0.045609,-0.038312,-0.150326,-0.166463,-0.057761,-0.149745,-0.282334,-0.080333,-0.092446,-0.326086,-0.09333,-0.13884,-0.302172,-0.003395,-0.164334,-0.387967,-0.048003,-0.145523,-0.298849,-0.065864,-0.125573,-0.250885,-0.06741,-0.082753,-0.318975,-0.001454,-0.106516,-0.396878,-0.055861,-0.095648,-0.290608,-0.067275,-0.090946,-0.241559,-0.058517,-0.027861,-0.321777,-0.009211,-0.044921,-0.398461,-0.064517,-0.052597,-0.287055,-0.064109,-0.05848,-0.213324,-0.04336,0.029844,-0.31588,-0.020439,0.032085,-0.427501,-0.047267,0.041363,-0.49988,-0.052928,0.046116,-0.575394,-0.048224,I
0.0,0.0,-1e-06,-0.084731,-0.045201,-0.037668,-0.1505,-0.168629,-0.056533,-0.150212,-0.286518,-0.078776,-0.093086,-0.329014,-0.091639,-0.13828,-0.301151,-0.001034,-0.162864,-0.387258,-0.044454,-0.144039,-0.29929,-0.061842,-0.124514,-0.252733,-0.063238,-0.082927,-0.318026,0.000703,-0.105445,-0.395506,-0.05288,-0.094636,-0.290602,-0.064358,-0.090825,-0.241516,-0.055517,-0.028562,-0.320864,-0.007223,-0.045108,-0.399307,-0.061664,-0.052282,-0.289473,-0.061542,-0.058258,-0.216265,-0.041048,0.028712,-0.315296,-0.01858,0.031096,-0.426605,-0.043928,0.041154,-0.497565,-0.04893,0.047092,-0.57141,-0.043917,I
0.0,0.0,-1e-06,-0.085259,-0.047962,-0.033916,-0.150733,-0.169119,-0.051861,-0.150983,-0.28627,-0.073965,-0.095543,-0.330499,-0.087113,-0.136214,-0.30061,0.002636,-0.161432,-0.386578,-0.040553,-0.143635,-0.299785,-0.058631,-0.1239,-0.25158,-0.060305,-0.081771,-0.316502,0.002673,-0.104512,-0.395871,-0.050393,-0.094454,-0.292096,-0.062698,-0.090007,-0.241211,-0.054328,-0.02798,-0.319214,-0.006599,-0.044506,-0.398102,-0.060066,-0.052698,-0.288997,-0.059938,-0.058216,-0.214912,-0.039414,0.028855,-0.31345,-0.019018,0.032162,-0.425279,-0.043325,0.042316,-0.496521,-0.047534,0.048826,-0.569321,-0.041892,I
0.0,0.0,-1e-06,-0.083785,-0.048783,-0.036628,-0.148435,-0.16934,-0.055468,-0.147938,-0.286368,-0.078023,-0.092856,-0.332145,-0.0915,-0.13443,-0.300473,0.000275,-0.157069,-0.386203,-0.042652,-0.140121,-0.298799,-0.059887,-0.121704,-0.250561,-0.060942,-0.079351,-0.31619,0.001513,-0.099971,-0.394263,-0.051356,-0.091545,-0.290882,-0.063523,-0.088417,-0.240393,-0.055212,-0.024835,-0.318068,-0.006699,-0.04028,-0.397087,-0.060698,-0.049038,-0.289037,-0.061033,-0.055288,-0.215728,-0.040792,0.031622,-0.311768,-0.018213,0.03599,-0.42287,-0.043043,0.046244,-0.494192,-0.047556,0.052818,-0.567002,-0.042048,I
0.0,0.0,-1e-06,-0.084597,-0.050697,-0.035537,-0.147249,-0.17005,-0.053803,-0.143599,-0.284803,-0.076156,-0.088572,-0.329446,-0.089458,-0.131268,-0.301383,0.001153,-0.15391,-0.388285,-0.043116,-0.138313,-0.300194,-0.061379,-0.120672,-0.247403,-0.062526,-0.077158,-0.314829,0.001603,-0.097076,-0.395537,-0.052444,-0.090111,-0.291645,-0.065201,-0.086913,-0.238015,-0.057099,-0.023596,-0.315913,-0.007523,-0.037756,-0.39521,-0.062007,-0.048532,-0.288347,-0.062287,-0.055502,-0.215213,-0.041806,0.032165,-0.308136,-0.019989,0.037363,-0.419008,-0.044866,0.046994,-0.490816,-0.049232,0.053153,-0.563755,-0.04355,I
0.0,0.0,-1e-06,-0.08115,-0.051603,-0.037019,-0.142446,-0.168919,-0.056015,-0.138313,-0.281281,-0.078527,-0.083768,-0.327771,-0.091873,-0.12735,-0.301737,-0.002507,-0.147339,-0.390085,-0.04685,-0.133694,-0.301367,-0.065086,-0.117545,-0.248635,-0.06645,-0.072372,-0.313815,-0.001081,-0.091417,-0.394005,-0.053394,-0.086835,-0.291443,-0.065418,-0.084061,-0.24065,-0.057925,-0.018548,-0.312656,-0.00928,-0.03193,-0.389239,-0.062878,-0.045271,-0.283308,-0.063655,-0.05352,-0.211762,-0.044227,0.036418,-0.302915,-0.020864,0.044232,-0.413637,-0.046762,0.055031,-0.486755,-0.052639,0.0621,-0.560665,-0.048262,I
0.0,0.0,-1e-06,-0.080283,-0.059036,-0.035868,-0.138037,-0.167488,-0.058364,-0.138394,-0.274807,-0.086259,-0.08583,-0.328549,-0.106057,-0.119668,-0.298229,0.00065,-0.141066,-0.385669,-0.048879,-0.130634,-0.29935,-0.072045,-0.116226,-0.242038,-0.075322,-0.067401,-0.309467,-0.000236,-0.087638,-0.389049,-0.057696,-0.084531,-0.286627,-0.075349,-0.08275,-0.230604,-0.070834,-0.014774,-0.309066,-0.01113,-0.028445,-0.385063,-0.068467,-0.045057,-0.280204,-0.074551,-0.055632,-0.20991,-0.05781,0.038001,-0.300472,-0.025135,0.047001,-0.409003,-0.05074,0.059091,-0.480522,-0.057822,0.067646,-0.552843,-0.054344,I
0.0,0.0,-1e-06,-0.082248,-0.055396,-0.034984,-0.141545,-0.164984,-0.056117,-0.141348,-0.274272,-0.082331,-0.090596,-0.330042,-0.100233,-0.123581,-0.298227,0.002029,-0.145609,-0.384213,-0.045647,-0.132954,-0.297826,-0.068195,-0.11767,-0.242425,-0.071865,-0.071187,-0.310441,0.001051,-0.091664,-0.388108,-0.055266,-0.086643,-0.284714,-0.072506,-0.085163,-0.22932,-0.06789,-0.018767,-0.310713,-0.009691,-0.032267,-0.385332,-0.066313,-0.047065,-0.279291,-0.071033,-0.057643,-0.208777,-0.053588,0.034303,-0.301759,-0.023495,0.040362,-0.409984,-0.049335,0.05182,-0.479725,-0.055506,0.059896,-0.551392,-0.051312,I
0.0,0.0,-1e-06,-0.082956,-0.053071,-0.036938,-0.14133,-0.162521,-0.058367,-0.14032,-0.272829,-0.084606,-0.090403,-0.332958,-0.102108,-0.128622,-0.291639,0.001138,-0.150901,-0.380878,-0.044375,-0.137695,-0.296356,-0.0642,-0.122133,-0.24157,-0.066109,-0.075676,-0.304743,0.001041,-0.098374,-0.384122,-0.052768,-0.091214,-0.283311,-0.068586,-0.08667,-0.230002,-0.06373,-0.023264,-0.307398,-0.008971,-0.040159,-0.383893,-0.063685,-0.050856,-0.278892,-0.068474,-0.05904,-0.208576,-0.052016,0.029095,-0.301946,-0.022309,0.025447,-0.410363,-0.04719,0.024921,-0.481647,-0.053085,0.020115,-0.552879,-0.049132,I
0.0,0.0,-1e-06,-0.081899,-0.051843,-0.033641,-0.144293,-0.163385,-0.053292,-0.144826,-0.275205,-0.077665,-0.093058,-0.327175,-0.093026,-0.1317,-0.291271,0.002167,-0.154193,-0.379764,-0.042355,-0.138024,-0.295785,-0.060524,-0.120585,-0.245193,-0.061198,-0.078584,-0.304593,0.001726,-0.10025,-0.385576,-0.051304,-0.091317,-0.284573,-0.064385,-0.086749,-0.233256,-0.056793,-0.026107,-0.307216,-0.008077,-0.041408,-0.383506,-0.061505,-0.049243,-0.276384,-0.06288,-0.055002,-0.203581,-0.043353,0.027976,-0.301155,-0.020977,0.023967,-0.410088,-0.044473,0.023979,-0.481078,-0.048435,0.01982,-0.550979,-0.042509,I
0.0,0.0,-1e-06,-0.080605,-0.050551,-0.035597,-0.142819,-0.167387,-0.054696,-0.143165,-0.281004,-0.077545,-0.091295,-0.330792,-0.090871,-0.13126,-0.292809,-0.001306,-0.152889,-0.38038,-0.044285,-0.136081,-0.295568,-0.059996,-0.11842,-0.249804,-0.059551,-0.077346,-0.30708,-7.1e-05,-0.098458,-0.384252,-0.051347,-0.089947,-0.283148,-0.061421,-0.085774,-0.238474,-0.052276,-0.024521,-0.30919,-0.008164,-0.040362,-0.386695,-0.060831,-0.047527,-0.279002,-0.060063,-0.052831,-0.20755,-0.039605,0.029433,-0.303063,-0.019473,0.025325,-0.411821,-0.043313,0.02538,-0.481939,-0.046869,0.021174,-0.552209,-0.040738,I
0.0,0.0,-1e-06,-0.080669,-0.051973,-0.035325,-0.141616,-0.166022,-0.054582,-0.140591,-0.277485,-0.077878,-0.088843,-0.326706,-0.09221,-0.128478,-0.291258,-0.001772,-0.150433,-0.37924,-0.045189,-0.134383,-0.295274,-0.062291,-0.11742,-0.245146,-0.062614,-0.075341,-0.305003,-0.001101,-0.096941,-0.384255,-0.052458,-0.088554,-0.285447,-0.064306,-0.083423,-0.235391,-0.056644,-0.022444,-0.307278,-0.009631,-0.037396,-0.383675,-0.062139,-0.046162,-0.278066,-0.062957,-0.05252,-0.206232,-0.043638,0.03143,-0.300429,-0.021421,0.027875,-0.409224,-0.045407,0.027652,-0.480481,-0.049414,0.023613,-0.550704,-0.043636,I
0.0,0.0,-1e-06,-0.082244,-0.051131,-0.033742,-0.142703,-0.166961,-0.052182,-0.139603,-0.278747,-0.074654,-0.086959,-0.326659,-0.088265,-0.128364,-0.291949,-0.00154,-0.151252,-0.380546,-0.043972,-0.135734,-0.296029,-0.06108,-0.11808,-0.246549,-0.062151,-0.075658,-0.305555,-0.001537,-0.097987,-0.387536,-0.051348,-0.089924,-0.289063,-0.062258,-0.083584,-0.240111,-0.054811,-0.023547,-0.307318,-0.010498,-0.038735,-0.384912,-0.060975,-0.047887,-0.279547,-0.060356,-0.053352,-0.208133,-0.041198,0.03002,-0.299792,-0.022742,0.027385,-0.408644,-0.046104,0.028384,-0.480212,-0.04982,0.026039,-0.551403,-0.044482,I
0.0,0.0,-1e-06,-0.083832,-0.053396,-0.036181,-0.142073,-0.16764,-0.055607,-0.137866,-0.278768,-0.079189,-0.085555,-0.328867,-0.093733,-0.127309,-0.294097,-0.000247,-0.14956,-0.381001,-0.043268,-0.135841,-0.29479,-0.060007,-0.120424,-0.243857,-0.060245,-0.07429,-0.306952,0.000367,-0.096202,-0.386393,-0.050852,-0.090127,-0.286274,-0.063072,-0.08618,-0.23847,-0.056154,-0.022001,-0.308634,-0.008566,-0.037566,-0.384701,-0.061453,-0.047708,-0.27877,-0.06313,-0.05471,-0.20843,-0.044952,0.03113,-0.301484,-0.020811,0.02899,-0.409573,-0.045062,0.030178,-0.480792,-0.049761,0.027624,-0.552571,-0.044974,I
0.0,0.0,-1e-06,-0.084255,-0.052965,-0.038533,-0.142596,-0.17195,-0.057322,-0.138855,-0.286503,-0.079989,-0.089642,-0.339067,-0.093686,-0.129465,-0.301913,0.000455,-0.150936,-0.392121,-0.042316,-0.138339,-0.308459,-0.05825,-0.124341,-0.253416,-0.057235,-0.074708,-0.314221,0.002556,-0.095924,-0.397773,-0.048431,-0.090821,-0.29597,-0.060931,-0.087606,-0.244837,-0.053719,-0.020729,-0.314575,-0.00526,-0.037276,-0.393642,-0.05883,-0.047688,-0.285708,-0.062082,-0.055874,-0.213158,-0.044405,0.033842,-0.306364,-0.016475,0.031281,-0.419041,-0.041275,0.031156,-0.491097,-0.046988,0.026764,-0.56352,-0.042693,I
0.0,0.0,-1e-06,-0.085635,-0.05057,-0.037777,-0.14683,-0.167546,-0.057983,-0.143144,-0.28034,-0.082427,-0.091586,-0.338116,-0.097589,-0.132705,-0.307797,-0.003541,-0.15599,-0.397836,-0.048218,-0.143499,-0.307835,-0.06486,-0.127547,-0.255082,-0.064825,-0.076644,-0.321358,-0.003082,-0.100837,-0.401616,-0.055653,-0.095876,-0.296135,-0.067175,-0.090799,-0.248183,-0.059818,-0.021303,-0.321923,-0.012467,-0.038864,-0.398333,-0.068183,-0.050369,-0.283534,-0.069718,-0.057888,-0.210529,-0.050932,0.03437,-0.313938,-0.025145,0.030408,-0.428878,-0.05271,0.030679,-0.503074,-0.058757,0.027466,-0.58034,-0.054487,I
0.0,0.0,-1e-06,-0.084656,-0.052767,-0.039111,-0.145642,-0.175031,-0.059628,-0.142412,-0.291981,-0.084298,-0.088207,-0.345498,-0.099536,-0.13225,-0.317011,-0.003294,-0.15654,-0.408807,-0.048676,-0.143791,-0.3172,-0.064817,-0.12798,-0.261317,-0.063743,-0.075233,-0.32951,-0.002203,-0.10025,-0.412504,-0.055553,-0.094528,-0.304239,-0.06705,-0.089762,-0.254661,-0.058994,-0.019017,-0.328777,-0.011223,-0.037449,-0.407775,-0.067686,-0.048151,-0.29049,-0.069883,-0.055943,-0.215141,-0.050858,0.037653,-0.319643,-0.023592,0.033619,-0.439361,-0.050974,0.034766,-0.515325,-0.057238,0.031568,-0.592763,-0.052906,I
0.0,0.0,-1e-06,-0.0863,-0.050628,-0.037957,-0.146947,-0.171484,-0.057579,-0.142531,-0.286751,-0.081435,-0.089696,-0.340244,-0.095885,-0.132486,-0.314024,-0.001846,-0.156001,-0.406059,-0.047437,-0.144899,-0.314389,-0.06487,-0.128265,-0.260874,-0.065199,-0.075963,-0.326909,-0.001048,-0.100003,-0.410893,-0.054408,-0.096946,-0.302622,-0.065407,-0.091754,-0.255002,-0.057007,-0.020448,-0.326671,-0.010438,-0.038446,-0.406229,-0.066512,-0.050693,-0.289532,-0.067365,-0.057767,-0.215119,-0.047593,0.035634,-0.318084,-0.023212,0.032138,-0.435965,-0.051015,0.032933,-0.511815,-0.057241,0.030535,-0.590112,-0.052822,I
0.0,0.0,-1e-06,-0.090414,-0.068317,-0.041482,-0.16135,-0.186126,-0.067473,-0.174401,-0.306112,-0.100627,-0.120193,-0.361337,-0.124154,-0.138776,-0.34197,0.015317,-0.167522,-0.431913,-0.041151,-0.1591,-0.337392,-0.070038,-0.141515,-0.280688,-0.07569,-0.083269,-0.354388,0.014156,-0.113179,-0.436364,-0.056515,-0.109243,-0.316575,-0.080538,-0.101355,-0.249231,-0.07459,-0.025665,-0.35301,0.000412,-0.048681,-0.435083,-0.067115,-0.070805,-0.318481,-0.076892,-0.082264,-0.237043,-0.057027,0.032813,-0.342518,-0.017393,0.034471,-0.46394,-0.046263,0.034871,-0.549009,-0.055943,0.03361,-0.631324,-0.051626,I
0.0,0.0,-1e-06,-0.089175,-0.068575,-0.040105,-0.159603,-0.184364,-0.065633,-0.173745,-0.303206,-0.098535,-0.122874,-0.362836,-0.122394,-0.136012,-0.336816,0.015473,-0.163618,-0.427841,-0.040282,-0.155784,-0.337521,-0.069695,-0.139916,-0.279741,-0.075746,-0.081057,-0.349612,0.01406,-0.109414,-0.433254,-0.05537,-0.106609,-0.317142,-0.080574,-0.100156,-0.247579,-0.075948,-0.023821,-0.349132,0.000502,-0.04674,-0.43308,-0.065781,-0.069806,-0.319369,-0.076122,-0.082256,-0.237168,-0.057172,0.033621,-0.339296,-0.016936,0.036166,-0.460025,-0.044799,0.036907,-0.544177,-0.05396,0.03584,-0.625137,-0.049647,I
0.0,0.0,-1e-06,-0.090189,-0.068668,-0.040156,-0.161243,-0.186033,-0.065323,-0.175068,-0.304483,-0.097858,-0.123198,-0.362113,-0.121157,-0.136545,-0.338292,0.015475,-0.16519,-0.427204,-0.040735,-0.15755,-0.33553,-0.069796,-0.140898,-0.278838,-0.075482,-0.081264,-0.35079,0.013934,-0.110348,-0.431978,-0.055892,-0.107819,-0.315971,-0.080231,-0.100805,-0.248918,-0.074934,-0.024035,-0.349619,6.1e-05,-0.047479,-0.431678,-0.066983,-0.070774,-0.316895,-0.076538,-0.082901,-0.235177,-0.056841,0.032989,-0.339619,-0.017741,0.03546,-0.460085,-0.046287,0.036061,-0.54419,-0.055373,0.035279,-0.625435,-0.050835,I
0.0,0.0,-0.0,-0.057277,-0.031411,-0.021737,-0.090673,-0.113598,-0.033599,-0.082226,-0.193044,-0.047292,-0.047689,-0.229293,-0.055176,-0.08105,-0.179561,0.003837,-0.098971,-0.242172,-0.025355,-0.089497,-0.197511,-0.038067,-0.077059,-0.162417,-0.039253,-0.047125,-0.191068,0.007038,-0.061091,-0.249131,-0.018164,-0.06145,-0.187362,-0.018821,-0.057702,-0.173988,-0.010725,-0.013392,-0.19327,0.00315,-0.020793,-0.254903,-0.022734,-0.031742,-0.190271,-0.015513,-0.033857,-0.140369,-0.000587,0.023057,-0.190729,-0.003398,0.026628,-0.261549,-0.017407,0.029873,-0.309413,-0.02053,0.03381,-0.354321,-0.018207,I
0.0,0.0,-0.0,-0.057647,-0.031093,-0.021235,-0.091623,-0.111681,-0.031664,-0.084425,-0.192239,-0.044127,-0.050371,-0.230883,-0.050946,-0.081991,-0.177405,0.006737,-0.098838,-0.24125,-0.021678,-0.089374,-0.194778,-0.034729,-0.077569,-0.161165,-0.036265,-0.047963,-0.189488,0.009853,-0.060999,-0.24482,-0.01594,-0.060866,-0.185055,-0.018835,-0.057667,-0.169682,-0.012407,-0.014263,-0.192208,0.005952,-0.021352,-0.252035,-0.020861,-0.033051,-0.187949,-0.016045,-0.036829,-0.140118,-0.002576,0.021225,-0.19057,-0.000401,0.023557,-0.259501,-0.013529,0.027575,-0.305793,-0.016538,0.032511,-0.350131,-0.01426,I
0.0,0.0,-0.0,-0.056938,-0.031514,-0.023146,-0.090861,-0.114703,-0.034938,-0.083595,-0.195408,-0.048681,-0.048173,-0.231092,-0.056692,-0.081388,-0.181838,0.005825,-0.098437,-0.244786,-0.024107,-0.088911,-0.198087,-0.038091,-0.076683,-0.162276,-0.039921,-0.047124,-0.193311,0.009223,-0.061185,-0.250389,-0.018612,-0.060466,-0.188935,-0.022176,-0.056677,-0.171028,-0.015254,-0.013502,-0.195124,0.005235,-0.02114,-0.255864,-0.022859,-0.031623,-0.191705,-0.018933,-0.034591,-0.142397,-0.00535,0.022572,-0.192405,-0.001399,0.024808,-0.263661,-0.01524,0.028156,-0.312001,-0.019231,0.032317,-0.357345,-0.017381,I
0.0,0.0,-0.0,-0.05741,-0.030327,-0.021975,-0.091862,-0.112526,-0.03309,-0.084704,-0.193421,-0.046321,-0.04879,-0.230391,-0.054018,-0.082354,-0.17946,0.00613,-0.098737,-0.244242,-0.023582,-0.089132,-0.196639,-0.037852,-0.076919,-0.15953,-0.039889,-0.048093,-0.191674,0.009181,-0.061682,-0.248367,-0.019174,-0.060586,-0.187146,-0.023842,-0.056609,-0.165024,-0.017568,-0.014007,-0.194493,0.005118,-0.021699,-0.255834,-0.023202,-0.032208,-0.191755,-0.020383,-0.035262,-0.142034,-0.007409,0.022061,-0.192842,-0.001362,0.024465,-0.263907,-0.015205,0.02762,-0.311646,-0.019484,0.031628,-0.356938,-0.017783,I
0.0,0.0,-0.0,0.070234,-0.090136,-0.029622,0.102242,-0.217383,-0.051449,0.089874,-0.30747,-0.068952,0.020263,-0.30489,-0.07955,0.020163,-0.31257,-0.053874,0.032556,-0.399261,-0.091192,0.051415,-0.324561,-0.104673,0.05262,-0.250993,-0.108294,-0.024496,-0.292446,-0.063158,-0.015323,-0.403694,-0.109723,0.015544,-0.335563,-0.123087,0.029526,-0.265083,-0.12286,-0.068002,-0.261171,-0.077122,-0.053421,-0.316296,-0.122693,0.012907,-0.247066,-0.139073,0.058167,-0.186568,-0.143369,-0.104907,-0.215767,-0.092254,-0.163218,-0.267569,-0.124934,-0.200821,-0.312911,-0.14421,-0.233062,-0.365479,-0.158853,J
0.0,0.0,-0.0,0.08006,-0.107983,-0.030438,0.119098,-0.270425,-0.052595,0.100013,-0.381414,-0.069232,0.007225,-0.343378,-0.076255,0.009049,-0.393126,-0.066835,0.015339,-0.500379,-0.098528,0.043131,-0.403178,-0.100224,0.051425,-0.326555,-0.098995,-0.044555,-0.358032,-0.076134,-0.031208,-0.465431,-0.124417,0.004528,-0.353824,-0.128723,0.01541,-0.285748,-0.123934,-0.095849,-0.317505,-0.08966,-0.084955,-0.383076,-0.139124,-0.000704,-0.295348,-0.152927,0.053302,-0.228648,-0.157252,-0.135624,-0.268668,-0.103954,-0.211691,-0.347117,-0.14344,-0.258862,-0.410095,-0.170403,-0.304068,-0.486456,-0.192742,J
0.0,0.0,-0.0,0.080252,-0.10491,-0.030453,0.119496,-0.266573,-0.052223,0.100436,-0.378778,-0.068645,0.006026,-0.341313,-0.075619,0.011299,-0.388752,-0.065173,0.013681,-0.497447,-0.096134,0.041831,-0.402832,-0.098309,0.050565,-0.324905,-0.097603,-0.041461,-0.354045,-0.074604,-0.032918,-0.462572,-0.123032,0.003983,-0.35491,-0.129012,0.015695,-0.285861,-0.125656,-0.092605,-0.314442,-0.088184,-0.085068,-0.380838,-0.137577,-0.002249,-0.293985,-0.152646,0.050959,-0.226753,-0.158051,-0.133134,-0.266287,-0.102591,-0.208017,-0.343883,-0.141676,-0.255373,-0.406052,-0.168836,-0.300442,-0.480149,-0.1916,J
0.0,0.0,-0.0,0.079673,-0.103165,-0.030262,0.118569,-0.264637,-0.051109,0.101889,-0.378651,-0.066546,0.00887,-0.345014,-0.072536,0.013492,-0.388579,-0.064269,0.013526,-0.496153,-0.095723,0.041735,-0.400996,-0.098162,0.051518,-0.324951,-0.097482,-0.038147,-0.353514,-0.073463,-0.033514,-0.46419,-0.12108,0.00517,-0.358255,-0.125993,0.019045,-0.291397,-0.122099,-0.089142,-0.313396,-0.087038,-0.084602,-0.381728,-0.135927,-0.002304,-0.294156,-0.149885,0.050099,-0.226266,-0.154489,-0.131333,-0.264613,-0.10146,-0.205344,-0.342724,-0.140759,-0.251588,-0.405134,-0.167883,-0.296002,-0.478804,-0.190324,J
0.0,0.0,-0.0,0.079673,-0.105528,-0.029889,0.118586,-0.267702,-0.05132,0.101021,-0.379268,-0.067722,0.006878,-0.341203,-0.074904,0.009613,-0.389284,-0.062425,0.015073,-0.496161,-0.093159,0.043153,-0.403641,-0.095899,0.050956,-0.325545,-0.095393,-0.042254,-0.355132,-0.072377,-0.032722,-0.46436,-0.120026,0.003919,-0.361111,-0.126881,0.015907,-0.29391,-0.124104,-0.092466,-0.315768,-0.086636,-0.082082,-0.379993,-0.136145,0.000872,-0.294097,-0.152278,0.053532,-0.2266,-0.158059,-0.131716,-0.267496,-0.10167,-0.205747,-0.345957,-0.140838,-0.251996,-0.409984,-0.168158,-0.296189,-0.484789,-0.190844,J
0.0,0.0,-0.0,0.081956,-0.105565,-0.032849,0.12125,-0.267529,-0.055633,0.100558,-0.378813,-0.072403,0.005782,-0.338035,-0.079447,0.010586,-0.391434,-0.067835,0.017898,-0.496519,-0.099613,0.044512,-0.398906,-0.101744,0.0516,-0.324919,-0.100968,-0.042348,-0.356875,-0.075898,-0.031152,-0.461654,-0.122867,0.004401,-0.356041,-0.127589,0.015863,-0.295051,-0.124345,-0.093776,-0.317066,-0.088519,-0.082815,-0.379024,-0.137862,-1.8e-05,-0.29227,-0.15276,0.052885,-0.227363,-0.158443,-0.133412,-0.26949,-0.102128,-0.208312,-0.348538,-0.141754,-0.254637,-0.412051,-0.16949,-0.298883,-0.48719,-0.192797,J
0.0,0.0,-0.0,0.078927,-0.106339,-0.030343,0.115993,-0.266657,-0.052281,0.096924,-0.376693,-0.069067,0.003475,-0.337979,-0.076395,0.008745,-0.387677,-0.063337,0.011374,-0.492817,-0.095547,0.039552,-0.398204,-0.099034,0.048308,-0.322225,-0.09903,-0.042751,-0.351726,-0.072821,-0.03574,-0.461415,-0.121787,0.002079,-0.35443,-0.128086,0.014581,-0.286778,-0.124644,-0.09265,-0.311687,-0.086802,-0.085618,-0.379102,-0.136794,-0.001876,-0.293208,-0.151759,0.050798,-0.226591,-0.156522,-0.131949,-0.263372,-0.101645,-0.207392,-0.341457,-0.141423,-0.253573,-0.406067,-0.169301,-0.298565,-0.482546,-0.192195,J
0.0,0.0,-0.0,0.080977,-0.105973,-0.031322,0.118681,-0.269291,-0.053113,0.096651,-0.379938,-0.068925,0.001432,-0.335891,-0.07513,0.007964,-0.390392,-0.067143,0.012643,-0.493807,-0.097856,0.040402,-0.396463,-0.099182,0.04923,-0.323273,-0.098368,-0.044852,-0.354609,-0.075583,-0.035584,-0.460865,-0.122588,0.000684,-0.353065,-0.127061,0.012098,-0.28946,-0.123428,-0.09579,-0.314166,-0.088266,-0.08634,-0.378643,-0.137365,-0.002301,-0.292459,-0.152072,0.051097,-0.227665,-0.157559,-0.134442,-0.265851,-0.101738,-0.21058,-0.344232,-0.141695,-0.257147,-0.408317,-0.170109,-0.302337,-0.484854,-0.193891,J
0.0,0.0,-0.0,0.08091,-0.108433,-0.033253,0.118585,-0.270066,-0.057146,0.095176,-0.378927,-0.075123,-0.001733,-0.332702,-0.083068,0.004291,-0.392674,-0.066218,0.015766,-0.492113,-0.097708,0.042968,-0.396922,-0.09833,0.048455,-0.321438,-0.095992,-0.048531,-0.358546,-0.074553,-0.034954,-0.463416,-0.12133,0.001022,-0.359616,-0.125091,0.012661,-0.299556,-0.120266,-0.098388,-0.318537,-0.087711,-0.084198,-0.377841,-0.137589,-0.000364,-0.290431,-0.152233,0.051858,-0.226264,-0.156897,-0.135968,-0.269368,-0.101904,-0.212139,-0.344537,-0.141555,-0.259311,-0.407986,-0.169385,-0.304628,-0.48401,-0.192373,J
0.0,0.0,-0.0,0.079846,-0.107955,-0.032459,0.118276,-0.26907,-0.055249,0.097842,-0.379481,-0.072114,0.001563,-0.336991,-0.079196,0.007317,-0.393988,-0.065374,0.013531,-0.494709,-0.09678,0.040377,-0.398673,-0.099823,0.046818,-0.324374,-0.099729,-0.045083,-0.35967,-0.073999,-0.035943,-0.465988,-0.120397,0.001159,-0.362479,-0.126018,0.014151,-0.301084,-0.123178,-0.096123,-0.319757,-0.087222,-0.085446,-0.378992,-0.136056,-0.001633,-0.292281,-0.151533,0.051183,-0.227457,-0.157316,-0.136313,-0.270875,-0.101454,-0.210266,-0.348858,-0.140342,-0.257239,-0.412354,-0.167668,-0.30256,-0.487441,-0.190549,J
0.0,0.0,-0.0,0.079721,-0.106032,-0.033717,0.119893,-0.266621,-0.056406,0.100648,-0.378042,-0.072574,0.005724,-0.339494,-0.078798,0.011815,-0.393333,-0.068623,0.017676,-0.488897,-0.100523,0.04438,-0.392767,-0.102133,0.052714,-0.317647,-0.100607,-0.040819,-0.360173,-0.077022,-0.034411,-0.471378,-0.123865,0.00342,-0.375804,-0.128432,0.019342,-0.315728,-0.124666,-0.092562,-0.320193,-0.090088,-0.083736,-0.381108,-0.140679,-0.002352,-0.292918,-0.155704,0.049059,-0.225509,-0.160534,-0.133204,-0.270111,-0.104186,-0.206883,-0.34652,-0.144926,-0.254261,-0.411161,-0.172957,-0.299234,-0.486701,-0.195793,J
0.0,0.0,-0.0,0.081019,-0.107787,-0.030259,0.120639,-0.267917,-0.051502,0.102076,-0.37949,-0.067197,0.006173,-0.341932,-0.073387,0.016111,-0.390342,-0.063911,0.017304,-0.491652,-0.094967,0.043178,-0.395969,-0.097843,0.051387,-0.321881,-0.097869,-0.035582,-0.356437,-0.073518,-0.034065,-0.467465,-0.119548,0.003251,-0.368167,-0.124563,0.018436,-0.305206,-0.121636,-0.086059,-0.316374,-0.087526,-0.082352,-0.379922,-0.13524,-0.001825,-0.291307,-0.149271,0.050109,-0.223064,-0.154456,-0.127112,-0.266466,-0.102552,-0.201764,-0.342962,-0.140866,-0.248951,-0.407244,-0.168042,-0.292829,-0.481899,-0.191032,J
0.0,0.0,-0.0,0.081217,-0.109093,-0.031856,0.118852,-0.269278,-0.053963,0.098647,-0.379208,-0.069886,0.002295,-0.338532,-0.076279,0.011645,-0.3917,-0.06704,0.017457,-0.490107,-0.097159,0.042672,-0.395502,-0.098941,0.04928,-0.322214,-0.098446,-0.040669,-0.358301,-0.075992,-0.036001,-0.469717,-0.121571,0.000589,-0.375743,-0.127373,0.014898,-0.316014,-0.125684,-0.091331,-0.318496,-0.089167,-0.084489,-0.380191,-0.137714,-0.003211,-0.292395,-0.154093,0.049208,-0.224734,-0.161167,-0.131385,-0.268281,-0.10324,-0.206859,-0.344741,-0.142109,-0.254906,-0.410026,-0.170621,-0.299483,-0.485553,-0.195082,J
0.0,0.0,-0.0,0.083636,-0.112788,-0.030712,0.121812,-0.269494,-0.053044,0.101617,-0.378176,-0.069116,0.008077,-0.344432,-0.075984,0.021013,-0.389362,-0.070312,0.019995,-0.49,-0.103594,0.045561,-0.393225,-0.107451,0.054194,-0.316187,-0.10792,-0.031263,-0.354702,-0.079376,-0.029351,-0.468244,-0.127206,0.007547,-0.36394,-0.131788,0.022591,-0.293125,-0.128311,-0.082715,-0.314934,-0.092535,-0.081612,-0.380979,-0.141652,-0.001888,-0.292622,-0.155431,0.051212,-0.222624,-0.160247,-0.125215,-0.265303,-0.106529,-0.201188,-0.344702,-0.146835,-0.247692,-0.410588,-0.174804,-0.290022,-0.485963,-0.198064,J
0.0,0.0,-0.0,0.083537,-0.109193,-0.030111,0.123302,-0.266744,-0.051544,0.103312,-0.37697,-0.0669,0.010852,-0.344605,-0.073027,0.020221,-0.388225,-0.067739,0.021643,-0.488397,-0.100411,0.047792,-0.392476,-0.104232,0.055679,-0.314521,-0.104566,-0.031751,-0.354433,-0.077045,-0.028123,-0.46761,-0.124047,0.009071,-0.365091,-0.128936,0.023794,-0.294101,-0.125586,-0.082908,-0.315161,-0.090533,-0.079871,-0.381258,-0.138928,-8.4e-05,-0.293336,-0.152791,0.051949,-0.222539,-0.157674,-0.124797,-0.266196,-0.10487,-0.199257,-0.344856,-0.144934,-0.24551,-0.409975,-0.172783,-0.288139,-0.485129,-0.195831,J
0.0,0.0,-0.0,0.083128,-0.107481,-0.029558,0.122832,-0.264521,-0.05052,0.106233,-0.376695,-0.065661,0.015455,-0.346869,-0.071665,0.017614,-0.388672,-0.066143,0.021297,-0.489853,-0.097637,0.047212,-0.39372,-0.100485,0.055588,-0.317531,-0.100312,-0.034352,-0.354761,-0.075278,-0.027715,-0.467251,-0.121062,0.007378,-0.364079,-0.125346,0.020353,-0.295874,-0.121796,-0.084978,-0.315389,-0.08852,-0.077941,-0.379563,-0.136085,0.002052,-0.292438,-0.149957,0.05365,-0.223204,-0.155079,-0.12617,-0.266869,-0.102505,-0.20001,-0.345364,-0.14198,-0.245582,-0.409635,-0.169697,-0.287952,-0.484149,-0.192742,J
0.0,0.0,-0.0,0.082546,-0.109463,-0.030523,0.121961,-0.26576,-0.052148,0.105647,-0.376883,-0.0677,0.014063,-0.34538,-0.074168,0.018713,-0.386726,-0.067603,0.019897,-0.487778,-0.099245,0.045906,-0.3944,-0.10267,0.054555,-0.317631,-0.103001,-0.032905,-0.353563,-0.07673,-0.030523,-0.469026,-0.123289,0.006384,-0.370201,-0.128913,0.021914,-0.301191,-0.126372,-0.083693,-0.314653,-0.089895,-0.080489,-0.380714,-0.138021,-0.000902,-0.293669,-0.153106,0.051787,-0.223022,-0.159022,-0.125467,-0.265051,-0.103907,-0.201096,-0.343913,-0.143316,-0.248063,-0.410486,-0.171708,-0.290666,-0.485366,-0.195504,J
0.0,0.0,-0.0,0.081807,-0.109428,-0.031651,0.121784,-0.266071,-0.053369,0.102892,-0.376362,-0.069028,0.01228,-0.345063,-0.075174,0.018836,-0.388437,-0.065618,0.017939,-0.488547,-0.098341,0.044702,-0.393239,-0.101709,0.054721,-0.316229,-0.101433,-0.03363,-0.353783,-0.074089,-0.030833,-0.464539,-0.12314,0.006778,-0.358242,-0.128954,0.021882,-0.28595,-0.125108,-0.085103,-0.314279,-0.087017,-0.083084,-0.381679,-0.136619,-0.002734,-0.293763,-0.150935,0.049851,-0.223841,-0.155192,-0.127734,-0.265321,-0.100896,-0.201519,-0.344396,-0.140498,-0.246313,-0.409209,-0.168158,-0.287968,-0.484596,-0.190569,J
0.0,0.0,-0.0,0.081574,-0.108479,-0.030143,0.121121,-0.266754,-0.051141,0.10328,-0.377629,-0.066026,0.012026,-0.343587,-0.071559,0.016115,-0.390946,-0.066725,0.018593,-0.489658,-0.097349,0.044787,-0.393827,-0.09909,0.053867,-0.318091,-0.098215,-0.035973,-0.356219,-0.075628,-0.029171,-0.464433,-0.122034,0.007001,-0.360041,-0.126556,0.020737,-0.291901,-0.122822,-0.08708,-0.316582,-0.088546,-0.081763,-0.38001,-0.136783,-0.001102,-0.292945,-0.151248,0.051589,-0.224972,-0.156463,-0.128179,-0.267491,-0.102177,-0.20237,-0.346996,-0.141504,-0.24844,-0.411269,-0.169138,-0.291299,-0.486227,-0.192043,J
0.0,0.0,-0.0,0.082275,-0.108272,-0.03134,0.120749,-0.268214,-0.0526,0.101209,-0.379081,-0.067206,0.008082,-0.340589,-0.072251,0.016122,-0.390818,-0.069484,0.016528,-0.488256,-0.09975,0.042998,-0.391605,-0.100761,0.052888,-0.317574,-0.099744,-0.036054,-0.355608,-0.077698,-0.032627,-0.465405,-0.123868,0.005037,-0.363261,-0.127716,0.020291,-0.297854,-0.124114,-0.087574,-0.315942,-0.089952,-0.083412,-0.379323,-0.13848,-0.002135,-0.291348,-0.15311,0.050298,-0.22296,-0.15875,-0.129046,-0.267112,-0.102986,-0.204059,-0.346241,-0.143027,-0.250859,-0.411406,-0.171874,-0.294675,-0.487105,-0.195971,J
0.0,0.0,-0.0,0.080264,-0.107325,-0.03004,0.119087,-0.267503,-0.050794,0.099644,-0.378178,-0.065908,0.005234,-0.340881,-0.071559,0.012183,-0.388966,-0.064435,0.013755,-0.49171,-0.095209,0.041337,-0.396266,-0.097363,0.051002,-0.322104,-0.09678,-0.039121,-0.35402,-0.07392,-0.035311,-0.465555,-0.120275,0.002733,-0.36529,-0.125311,0.017632,-0.301695,-0.122077,-0.08921,-0.313037,-0.087613,-0.083851,-0.376277,-0.135679,-0.002073,-0.289776,-0.149878,0.050801,-0.223531,-0.154921,-0.129723,-0.262912,-0.102143,-0.203415,-0.339765,-0.140473,-0.24992,-0.403247,-0.167161,-0.293831,-0.47747,-0.189611,J
0.0,0.0,-0.0,0.081355,-0.107305,-0.029822,0.121216,-0.268273,-0.049793,0.102142,-0.379578,-0.064179,0.008698,-0.3441,-0.069231,0.017478,-0.390649,-0.062772,0.015924,-0.494801,-0.094824,0.043046,-0.400095,-0.098649,0.052706,-0.324828,-0.099033,-0.034105,-0.355894,-0.07203,-0.032953,-0.469088,-0.119941,0.005362,-0.366418,-0.126087,0.019912,-0.299373,-0.122967,-0.08452,-0.315453,-0.085671,-0.083342,-0.382542,-0.134633,-0.001899,-0.294823,-0.149232,0.051135,-0.226993,-0.153987,-0.126275,-0.265858,-0.100126,-0.200996,-0.343939,-0.139526,-0.246716,-0.407943,-0.167003,-0.289668,-0.482914,-0.189546,J
0.0,0.0,-0.0,0.081988,-0.105533,-0.031307,0.120909,-0.267895,-0.05246,0.101607,-0.37944,-0.067668,0.00599,-0.3387,-0.073202,0.011948,-0.390977,-0.065436,0.014219,-0.490621,-0.095787,0.041378,-0.394758,-0.096966,0.050439,-0.320906,-0.09577,-0.039894,-0.354821,-0.074482,-0.035813,-0.464414,-0.121529,0.002664,-0.363018,-0.126488,0.017296,-0.298833,-0.12296,-0.089758,-0.31358,-0.08788,-0.083815,-0.375639,-0.137077,-0.001071,-0.288493,-0.152141,0.051771,-0.222296,-0.157537,-0.12935,-0.26361,-0.102152,-0.203424,-0.339434,-0.141267,-0.250131,-0.402249,-0.168997,-0.294345,-0.47655,-0.192205,J
0.0,0.0,-0.0,0.08031,-0.10937,-0.032665,0.117821,-0.270038,-0.055153,0.09594,-0.379225,-0.071498,-0.000651,-0.336728,-0.078128,0.010996,-0.393935,-0.065839,0.017559,-0.488842,-0.096119,0.04314,-0.393484,-0.097939,0.048754,-0.320665,-0.097168,-0.041841,-0.360557,-0.074878,-0.036907,-0.470156,-0.120106,0.000531,-0.378969,-0.125662,0.015026,-0.322648,-0.123756,-0.092923,-0.319664,-0.088482,-0.084106,-0.377504,-0.137951,-0.00238,-0.288272,-0.154129,0.049043,-0.220486,-0.160588,-0.133296,-0.268259,-0.103055,-0.207643,-0.342616,-0.142296,-0.256314,-0.406237,-0.170069,-0.302284,-0.481148,-0.193725,J
0.0,0.0,-0.0,0.080827,-0.110661,-0.034256,0.116122,-0.267196,-0.057903,0.09061,-0.375318,-0.074934,-0.004217,-0.332174,-0.081969,0.007982,-0.392043,-0.068608,0.010897,-0.489551,-0.101519,0.037978,-0.391482,-0.104811,0.046482,-0.317299,-0.104733,-0.044173,-0.356096,-0.07639,-0.040336,-0.46381,-0.125599,-0.000847,-0.361702,-0.132039,0.014723,-0.298237,-0.129494,-0.096148,-0.314364,-0.08879,-0.090836,-0.375587,-0.140336,-0.006944,-0.288678,-0.156401,0.047019,-0.222202,-0.161911,-0.136899,-0.263235,-0.102156,-0.213311,-0.341349,-0.142736,-0.260405,-0.406017,-0.171156,-0.305532,-0.481151,-0.194559,J
0.0,0.0,-1e-06,-0.049281,-0.135465,-0.026245,-0.046903,-0.281109,-0.047534,-0.000343,-0.378675,-0.075342,0.067988,-0.385577,-0.094313,0.060813,-0.356774,-0.005513,0.060142,-0.471191,-0.062189,0.020987,-0.384045,-0.0888,0.009763,-0.31094,-0.094219,0.103466,-0.33018,-0.011655,0.105576,-0.438442,-0.07333,0.049108,-0.324493,-0.085075,0.028595,-0.265081,-0.077881,0.145521,-0.291763,-0.026899,0.151883,-0.394203,-0.085023,0.086167,-0.299746,-0.08098,0.052431,-0.223495,-0.059717,0.190095,-0.240826,-0.045117,0.273725,-0.320578,-0.075511,0.33221,-0.366471,-0.082346,0.386337,-0.41207,-0.079964,J
0.0,0.0,-1e-06,-0.050604,-0.136909,-0.027678,-0.0478,-0.283959,-0.049891,0.000744,-0.383199,-0.078718,0.069796,-0.39462,-0.09934,0.062082,-0.360621,-0.001406,0.063855,-0.472595,-0.0572,0.023732,-0.387398,-0.086497,0.008561,-0.313769,-0.094176,0.105798,-0.333309,-0.007862,0.112788,-0.442764,-0.070622,0.053403,-0.332215,-0.088467,0.027752,-0.268301,-0.085164,0.147463,-0.293065,-0.023391,0.158246,-0.395483,-0.081604,0.088387,-0.308077,-0.081968,0.049375,-0.233514,-0.063519,0.190862,-0.238867,-0.041942,0.275004,-0.321149,-0.070393,0.335317,-0.366944,-0.077618,0.391634,-0.411128,-0.076016,J
0.0,0.0,-1e-06,-0.050841,-0.139771,-0.025868,-0.047164,-0.286237,-0.046778,0.000488,-0.385289,-0.074965,0.069254,-0.397961,-0.095279,0.06121,-0.360387,0.002957,0.063151,-0.47019,-0.05222,0.022678,-0.386423,-0.082425,0.007015,-0.313718,-0.090947,0.105212,-0.334349,-0.004523,0.113297,-0.443703,-0.06686,0.054397,-0.335936,-0.086393,0.029153,-0.272026,-0.084416,0.147614,-0.293946,-0.020981,0.159052,-0.396871,-0.079594,0.089092,-0.312204,-0.080968,0.050071,-0.23862,-0.062956,0.19129,-0.240345,-0.040291,0.27611,-0.322247,-0.068456,0.336753,-0.368649,-0.075027,0.393788,-0.413068,-0.072894,J
0.0,0.0,-1e-06,-0.051067,-0.143199,-0.022588,-0.046252,-0.286248,-0.042417,0.002534,-0.386861,-0.068603,0.071966,-0.394692,-0.086686,0.058849,-0.35671,-1e-05,0.060633,-0.470817,-0.056257,0.021686,-0.386832,-0.0872,0.00583,-0.312157,-0.096289,0.104079,-0.330458,-0.00683,0.113049,-0.445792,-0.066902,0.054001,-0.333182,-0.083522,0.030306,-0.271107,-0.080814,0.146063,-0.292565,-0.022106,0.158476,-0.398532,-0.07632,0.090387,-0.313147,-0.074471,0.052861,-0.237197,-0.056386,0.190275,-0.237424,-0.040134,0.276646,-0.322743,-0.068362,0.338206,-0.371877,-0.07628,0.395257,-0.416766,-0.075862,J
0.0,0.0,-1e-06,-0.050618,-0.141417,-0.024764,-0.04653,-0.289144,-0.046077,0.003787,-0.390005,-0.07371,0.074192,-0.395238,-0.093041,0.062603,-0.359861,-0.001587,0.064994,-0.476332,-0.056166,0.024561,-0.392318,-0.083773,0.009733,-0.318667,-0.090446,0.10642,-0.332834,-0.007605,0.113481,-0.4471,-0.066605,0.052057,-0.335312,-0.080436,0.028487,-0.274957,-0.075384,0.148075,-0.293739,-0.022246,0.159736,-0.400951,-0.076162,0.089094,-0.311894,-0.072722,0.050751,-0.235368,-0.053277,0.192484,-0.238228,-0.039783,0.277092,-0.32327,-0.067023,0.337981,-0.371052,-0.073701,0.395094,-0.416539,-0.07223,J
0.0,0.0,-1e-06,-0.050343,-0.1341,-0.02949,-0.045835,-0.283176,-0.051976,0.003194,-0.381037,-0.081289,0.07231,-0.38985,-0.102285,0.062811,-0.3597,-0.002598,0.065792,-0.46799,-0.058565,0.025478,-0.381772,-0.088656,0.010707,-0.309288,-0.097392,0.107899,-0.332266,-0.00917,0.114775,-0.439861,-0.073567,0.058116,-0.33084,-0.092536,0.03447,-0.264602,-0.089567,0.150906,-0.289795,-0.024951,0.16199,-0.39262,-0.084797,0.092656,-0.309009,-0.085257,0.05364,-0.23735,-0.066077,0.193672,-0.235621,-0.043995,0.277973,-0.317647,-0.073297,0.33854,-0.363912,-0.079779,0.395171,-0.408577,-0.077001,J
0.0,0.0,-1e-06,-0.050002,-0.136201,-0.027537,-0.044594,-0.285557,-0.048315,0.005542,-0.384932,-0.075736,0.073934,-0.394154,-0.094823,0.061612,-0.363506,-0.000241,0.065156,-0.472488,-0.055178,0.025385,-0.386394,-0.084715,0.009641,-0.312587,-0.093197,0.107824,-0.335385,-0.006593,0.116633,-0.444298,-0.068434,0.059967,-0.335627,-0.086602,0.035981,-0.271663,-0.084048,0.150829,-0.292405,-0.021996,0.162603,-0.394604,-0.080106,0.09328,-0.309609,-0.080318,0.053949,-0.236604,-0.061925,0.193625,-0.236475,-0.040462,0.277844,-0.318026,-0.070081,0.339236,-0.365664,-0.077809,0.396922,-0.412001,-0.076441,J
0.0,0.0,-1e-06,-0.049787,-0.140129,-0.024129,-0.044081,-0.287284,-0.04482,0.005475,-0.388133,-0.071288,0.073804,-0.39294,-0.089506,0.061027,-0.356561,-0.004699,0.063093,-0.471737,-0.059649,0.024406,-0.388667,-0.089145,0.009951,-0.316114,-0.09775,0.105516,-0.331451,-0.01035,0.113687,-0.446763,-0.06791,0.055144,-0.335149,-0.082024,0.032976,-0.276325,-0.078389,0.147178,-0.294363,-0.024121,0.159019,-0.400499,-0.076249,0.091699,-0.314069,-0.072233,0.054619,-0.239489,-0.053423,0.191005,-0.23924,-0.040807,0.276285,-0.324892,-0.066994,0.336889,-0.372589,-0.072569,0.392894,-0.417254,-0.070856,J
0.0,0.0,-1e-06,-0.049915,-0.137548,-0.027859,-0.045607,-0.288803,-0.049459,0.006117,-0.389024,-0.077426,0.076863,-0.394932,-0.097217,0.061399,-0.363356,-0.000555,0.066549,-0.474388,-0.05481,0.027298,-0.390824,-0.083553,0.010936,-0.317978,-0.091542,0.106466,-0.336298,-0.006291,0.116038,-0.44633,-0.067147,0.057317,-0.337628,-0.084399,0.032646,-0.275587,-0.081394,0.149287,-0.295781,-0.021023,0.163875,-0.398485,-0.077983,0.094495,-0.311434,-0.077542,0.054781,-0.236698,-0.05923,0.193025,-0.240347,-0.03886,0.276999,-0.321429,-0.067787,0.337961,-0.368232,-0.075326,0.395373,-0.414781,-0.074246,J
0.0,0.0,-1e-06,-0.050125,-0.138821,-0.025266,-0.045035,-0.289371,-0.045219,0.005813,-0.389434,-0.071956,0.074984,-0.397052,-0.090486,0.06145,-0.361624,0.003001,0.06519,-0.472804,-0.051135,0.026068,-0.388878,-0.080239,0.009639,-0.315583,-0.088171,0.106483,-0.335368,-0.003521,0.115295,-0.446365,-0.063399,0.057325,-0.337519,-0.080255,0.032954,-0.275143,-0.076901,0.149181,-0.295461,-0.018952,0.162157,-0.398576,-0.074984,0.093258,-0.312333,-0.073543,0.054151,-0.237985,-0.054413,0.192875,-0.240872,-0.037342,0.27734,-0.322136,-0.065256,0.338225,-0.368082,-0.071485,0.395464,-0.412789,-0.069228,J
0.0,0.0,-1e-06,-0.049879,-0.138463,-0.02501,-0.044442,-0.287399,-0.045457,0.005017,-0.387999,-0.072513,0.07408,-0.3959,-0.091522,0.061292,-0.358637,-0.000332,0.06465,-0.470628,-0.055067,0.026169,-0.387205,-0.084598,0.010637,-0.314597,-0.092963,0.10591,-0.333849,-0.006748,0.113909,-0.444745,-0.066111,0.05679,-0.335663,-0.08254,0.03337,-0.274701,-0.079568,0.14841,-0.29516,-0.021757,0.161464,-0.3986,-0.077224,0.09344,-0.312397,-0.075544,0.055188,-0.238781,-0.056785,0.191941,-0.241283,-0.039655,0.277087,-0.323122,-0.067189,0.337435,-0.36912,-0.073,0.393747,-0.413764,-0.07071,J
0.0,0.0,-1e-06,-0.050044,-0.137568,-0.025725,-0.04523,-0.287464,-0.046496,0.006517,-0.387117,-0.073776,0.076384,-0.391592,-0.093094,0.061663,-0.35796,0.000317,0.066803,-0.469377,-0.052722,0.027333,-0.386771,-0.080846,0.011612,-0.314418,-0.088622,0.106035,-0.331378,-0.005828,0.115254,-0.441371,-0.064853,0.056218,-0.333018,-0.080959,0.031885,-0.272229,-0.077552,0.148741,-0.291864,-0.020611,0.163535,-0.396379,-0.075472,0.094312,-0.309126,-0.07376,0.055111,-0.234232,-0.055123,0.192914,-0.237257,-0.038339,0.276988,-0.319083,-0.065705,0.337339,-0.365749,-0.072092,0.394167,-0.411846,-0.070399,J
0.0,0.0,-1e-06,-0.051351,-0.13768,-0.025069,-0.0462,-0.288796,-0.044458,0.006111,-0.389335,-0.069607,0.077083,-0.391486,-0.086379,0.059914,-0.358696,-0.001946,0.065212,-0.471758,-0.056004,0.027198,-0.388656,-0.083999,0.011252,-0.315793,-0.091696,0.104796,-0.333354,-0.00736,0.116553,-0.448014,-0.065603,0.057115,-0.33731,-0.079456,0.033092,-0.279249,-0.075125,0.146897,-0.295564,-0.021315,0.161865,-0.399777,-0.07606,0.094577,-0.309391,-0.072202,0.057129,-0.232843,-0.052772,0.191548,-0.239859,-0.038186,0.27667,-0.321116,-0.067598,0.337606,-0.367062,-0.074713,0.395138,-0.413331,-0.073757,J
0.0,0.0,-1e-06,-0.048405,-0.14137,-0.023687,-0.040769,-0.289743,-0.043559,0.009975,-0.392064,-0.069727,0.078698,-0.397698,-0.087798,0.063593,-0.357468,0.000119,0.066454,-0.471043,-0.054119,0.028012,-0.388833,-0.083315,0.012572,-0.316218,-0.091558,0.108236,-0.333854,-0.005763,0.116377,-0.446166,-0.062726,0.057873,-0.336309,-0.077366,0.03518,-0.278754,-0.074092,0.150183,-0.296953,-0.020046,0.163481,-0.400799,-0.073283,0.095599,-0.314502,-0.070128,0.057535,-0.240533,-0.051397,0.193885,-0.242531,-0.037141,0.280185,-0.324366,-0.063441,0.341084,-0.370275,-0.068685,0.397704,-0.414581,-0.066576,J
0.0,0.0,-1e-06,-0.049372,-0.141739,-0.025701,-0.043786,-0.289513,-0.047003,0.006854,-0.388978,-0.07543,0.077387,-0.396169,-0.095597,0.063867,-0.364785,0.002208,0.068908,-0.474527,-0.053284,0.028568,-0.38924,-0.082895,0.012359,-0.315941,-0.090964,0.10866,-0.336849,-0.004913,0.118053,-0.444284,-0.066386,0.059174,-0.333513,-0.084013,0.034597,-0.271563,-0.081028,0.151473,-0.294854,-0.021088,0.165201,-0.396996,-0.078423,0.095483,-0.310167,-0.077957,0.056207,-0.236914,-0.059241,0.19509,-0.239676,-0.040187,0.280534,-0.321114,-0.068051,0.340857,-0.367133,-0.074299,0.397539,-0.41218,-0.072054,J
0.0,0.0,-1e-06,-0.051627,-0.141041,-0.024836,-0.04688,-0.291417,-0.044294,0.006016,-0.390175,-0.070525,0.07809,-0.392543,-0.088109,0.062262,-0.361091,0.003184,0.067704,-0.473581,-0.050866,0.027491,-0.387904,-0.077524,0.013203,-0.314921,-0.083381,0.106656,-0.333771,-0.003101,0.115736,-0.444533,-0.062613,0.056431,-0.333154,-0.07569,0.03335,-0.273565,-0.069315,0.149477,-0.29406,-0.018634,0.162966,-0.399063,-0.07462,0.094372,-0.306554,-0.071017,0.057272,-0.229568,-0.050264,0.194925,-0.2396,-0.037106,0.27884,-0.321754,-0.065745,0.337779,-0.369215,-0.072214,0.393583,-0.416318,-0.069843,J
0.0,0.0,-1e-06,-0.051093,-0.1408,-0.022608,-0.044929,-0.289088,-0.040685,0.008631,-0.387177,-0.064745,0.079322,-0.388455,-0.080463,0.059709,-0.356857,-0.001081,0.067505,-0.471163,-0.05452,0.029578,-0.387856,-0.080617,0.014764,-0.31573,-0.086768,0.10418,-0.330501,-0.00639,0.115756,-0.443817,-0.061485,0.056045,-0.331564,-0.070747,0.034112,-0.277703,-0.063823,0.147075,-0.292764,-0.020397,0.162589,-0.399015,-0.07249,0.095972,-0.305595,-0.066136,0.059742,-0.228759,-0.045792,0.193336,-0.237486,-0.037174,0.278711,-0.319206,-0.067128,0.338915,-0.366505,-0.075026,0.395728,-0.414712,-0.07457,J
0.0,0.0,-1e-06,-0.051334,-0.137771,-0.023742,-0.046531,-0.289556,-0.042212,0.006729,-0.386189,-0.067212,0.078665,-0.384824,-0.083373,0.060193,-0.362494,-0.000286,0.068706,-0.475068,-0.053933,0.029216,-0.387193,-0.079367,0.015668,-0.315818,-0.085154,0.105054,-0.333502,-0.00683,0.115195,-0.443867,-0.065493,0.05709,-0.330134,-0.076054,0.035054,-0.27264,-0.068731,0.148622,-0.292489,-0.022379,0.163206,-0.398243,-0.078062,0.095976,-0.3045,-0.072431,0.05927,-0.229018,-0.051035,0.19468,-0.237778,-0.040781,0.278675,-0.31874,-0.072319,0.338494,-0.365379,-0.080244,0.395051,-0.414138,-0.078954,J
0.0,0.0,-1e-06,-0.050657,-0.136454,-0.022654,-0.043554,-0.288397,-0.04019,0.009952,-0.388157,-0.063568,0.079634,-0.383826,-0.078161,0.06101,-0.357403,-0.003467,0.069293,-0.471695,-0.056532,0.03026,-0.385306,-0.081208,0.017386,-0.314193,-0.08694,0.10601,-0.330597,-0.008928,0.114955,-0.443288,-0.064168,0.056645,-0.329011,-0.071202,0.037081,-0.275593,-0.062855,0.149381,-0.291953,-0.02304,0.162667,-0.398585,-0.075359,0.097039,-0.30354,-0.067172,0.062058,-0.227759,-0.045648,0.195829,-0.237137,-0.040006,0.281437,-0.318554,-0.071278,0.342772,-0.365078,-0.079271,0.400532,-0.414042,-0.078709,J
0.0,0.0,-1e-06,-0.052101,-0.141589,-0.02595,-0.047595,-0.294262,-0.046435,0.006382,-0.395064,-0.073509,0.078577,-0.400024,-0.092161,0.060273,-0.368412,0.002081,0.066185,-0.481275,-0.051998,0.026293,-0.395662,-0.079837,0.010962,-0.322757,-0.087027,0.106246,-0.340666,-0.003965,0.116036,-0.451491,-0.062908,0.05586,-0.340457,-0.077368,0.032821,-0.280246,-0.072764,0.149714,-0.299737,-0.019207,0.164407,-0.404393,-0.074328,0.093726,-0.315758,-0.071462,0.054318,-0.240109,-0.052029,0.194951,-0.243892,-0.037543,0.279156,-0.327937,-0.066224,0.339264,-0.377018,-0.0734,0.396032,-0.425064,-0.072043,J
0.0,0.0,-1e-06,-0.051451,-0.140061,-0.026862,-0.047417,-0.292651,-0.047562,0.005228,-0.392428,-0.075453,0.077762,-0.397277,-0.094739,0.061804,-0.370449,0.003716,0.06811,-0.480783,-0.051298,0.026823,-0.393088,-0.079868,0.010807,-0.319396,-0.087242,0.107966,-0.341035,-0.003377,0.11703,-0.449423,-0.066739,0.057608,-0.337635,-0.084309,0.032368,-0.271497,-0.080152,0.151984,-0.297356,-0.019954,0.165622,-0.401578,-0.078992,0.094235,-0.314431,-0.078586,0.053913,-0.239631,-0.058919,0.19674,-0.240939,-0.03963,0.281022,-0.325112,-0.069759,0.340787,-0.375283,-0.0775,0.396763,-0.424234,-0.075578,J
0.0,0.0,-1e-06,-0.051731,-0.139875,-0.025384,-0.047123,-0.293098,-0.044624,0.005674,-0.392482,-0.070863,0.07822,-0.396919,-0.08833,0.061437,-0.36992,0.003682,0.0673,-0.48186,-0.051026,0.026635,-0.392928,-0.078709,0.011235,-0.319092,-0.085506,0.107318,-0.339885,-0.003506,0.115578,-0.450521,-0.066554,0.057031,-0.336613,-0.082763,0.03269,-0.270734,-0.077754,0.151028,-0.296384,-0.020097,0.163362,-0.401774,-0.078717,0.09296,-0.31265,-0.077428,0.05345,-0.236748,-0.057484,0.196178,-0.239574,-0.039681,0.279981,-0.324177,-0.071312,0.340544,-0.374009,-0.080445,0.397465,-0.422833,-0.079486,J
0.0,0.0,-1e-06,-0.052039,-0.138526,-0.021624,-0.045456,-0.292027,-0.038584,0.01004,-0.392518,-0.061288,0.081069,-0.3835,-0.074576,0.05415,-0.368639,-0.002036,0.063376,-0.485167,-0.056036,0.025233,-0.395525,-0.080284,0.012767,-0.323353,-0.085558,0.102987,-0.338854,-0.006883,0.112203,-0.451223,-0.059408,0.053765,-0.33351,-0.06282,0.036213,-0.284666,-0.052979,0.148359,-0.298455,-0.020787,0.162009,-0.403975,-0.070249,0.096467,-0.306133,-0.058164,0.061534,-0.229275,-0.035215,0.196959,-0.240646,-0.037731,0.281092,-0.325313,-0.069131,0.341969,-0.37357,-0.077317,0.399566,-0.424971,-0.077142,J
0.0,0.0,-1e-06,-0.05138,-0.1423,-0.021802,-0.044579,-0.29304,-0.038907,0.010502,-0.393788,-0.062667,0.080446,-0.387996,-0.077491,0.057417,-0.368799,0.005202,0.066765,-0.483611,-0.04975,0.027864,-0.395695,-0.076268,0.012723,-0.324042,-0.082001,0.104648,-0.339471,-0.000344,0.115121,-0.451762,-0.05516,0.056281,-0.336359,-0.06323,0.03573,-0.285243,-0.055049,0.149153,-0.298998,-0.015415,0.162755,-0.402899,-0.066982,0.096264,-0.306166,-0.058978,0.059923,-0.229644,-0.037054,0.196772,-0.241921,-0.033456,0.281195,-0.326173,-0.063498,0.342267,-0.375088,-0.071552,0.399968,-0.426273,-0.070709,J
0.0,0.0,-1e-06,-0.057836,-0.138415,-0.030931,-0.057648,-0.286013,-0.051334,-0.008328,-0.380828,-0.0799,0.057628,-0.378219,-0.100449,0.042318,-0.362902,0.023021,0.059284,-0.460906,-0.027514,0.020738,-0.379054,-0.056706,0.003312,-0.31481,-0.064075,0.085798,-0.33305,0.018182,0.102692,-0.432815,-0.044646,0.051084,-0.332338,-0.069558,0.024489,-0.269953,-0.067572,0.130348,-0.293157,0.002719,0.150754,-0.390782,-0.053116,0.086182,-0.302154,-0.05748,0.045129,-0.23161,-0.038935,0.174019,-0.241415,-0.016464,0.231051,-0.342711,-0.037446,0.274045,-0.403411,-0.040619,0.318182,-0.463288,-0.034569,J
0.0,0.0,0.0,0.062293,-0.075078,-0.033813,0.077892,-0.205707,-0.043186,0.068613,-0.310518,-0.053801,0.06554,-0.398888,-0.062997,0.073357,-0.28206,-0.012853,0.104417,-0.399014,-0.034874,0.125389,-0.475859,-0.046821,0.136837,-0.542011,-0.054919,0.016028,-0.278582,-0.016301,-0.018073,-0.414005,-0.05914,-0.043515,-0.507337,-0.082201,-0.071053,-0.585373,-0.090245,-0.035935,-0.243215,-0.024513,-0.042522,-0.294639,-0.089454,-0.010426,-0.20178,-0.102674,0.012398,-0.137637,-0.092373,-0.077329,-0.192979,-0.033561,-0.073173,-0.233988,-0.087116,-0.042118,-0.172449,-0.093617,-0.013948,-0.125685,-0.085649,K
0.0,0.0,0.0,0.064605,-0.076311,-0.034182,0.081012,-0.206794,-0.044312,0.072276,-0.312356,-0.055654,0.068957,-0.402486,-0.065484,0.075965,-0.285538,-0.013369,0.107979,-0.404501,-0.034279,0.129935,-0.481099,-0.045291,0.142906,-0.547087,-0.052828,0.01855,-0.283011,-0.016223,-0.014592,-0.420789,-0.058564,-0.039577,-0.514763,-0.081265,-0.066611,-0.592755,-0.089187,-0.033568,-0.248382,-0.023696,-0.038528,-0.300294,-0.087867,-0.007304,-0.206639,-0.100827,0.014607,-0.141729,-0.090595,-0.0748,-0.199472,-0.032043,-0.069353,-0.240929,-0.085044,-0.038938,-0.178022,-0.091534,-0.011503,-0.129663,-0.083716,K
0.0,0.0,0.0,0.063315,-0.07859,-0.033656,0.077828,-0.209893,-0.043403,0.067607,-0.314892,-0.054452,0.065059,-0.404801,-0.064111,0.071998,-0.28639,-0.013507,0.103147,-0.406111,-0.035366,0.123689,-0.48373,-0.04734,0.134888,-0.55147,-0.055572,0.014306,-0.282625,-0.01697,-0.018817,-0.418487,-0.060476,-0.044876,-0.513079,-0.08417,-0.073878,-0.591196,-0.092617,-0.037732,-0.247257,-0.025061,-0.044595,-0.298143,-0.089874,-0.012069,-0.206067,-0.103777,0.010813,-0.141816,-0.09399,-0.078811,-0.197192,-0.03396,-0.074126,-0.237865,-0.087268,-0.042835,-0.176476,-0.094265,-0.014697,-0.128928,-0.086707,K
0.0,0.0,0.0,0.063454,-0.076027,-0.035905,0.078722,-0.208769,-0.046494,0.067466,-0.314182,-0.057825,0.067328,-0.404124,-0.067753,0.071609,-0.282033,-0.014803,0.102936,-0.39843,-0.036753,0.125184,-0.475353,-0.049065,0.137552,-0.542964,-0.057682,0.014832,-0.279167,-0.01743,-0.017785,-0.416509,-0.059468,-0.039969,-0.510541,-0.082302,-0.066093,-0.589898,-0.090484,-0.037083,-0.244113,-0.025012,-0.041774,-0.29681,-0.089502,-0.008789,-0.202425,-0.102955,0.013659,-0.138764,-0.093042,-0.077863,-0.19424,-0.033615,-0.07074,-0.23545,-0.087123,-0.03987,-0.172534,-0.093883,-0.012839,-0.125476,-0.086389,K
0.0,0.0,0.0,0.065186,-0.076215,-0.03528,0.080615,-0.209802,-0.045119,0.069324,-0.316076,-0.05591,0.068083,-0.406873,-0.065313,0.073287,-0.285039,-0.012307,0.104454,-0.401012,-0.032755,0.126512,-0.477791,-0.044207,0.138798,-0.545228,-0.052344,0.016178,-0.282208,-0.014833,-0.01658,-0.416496,-0.055737,-0.039727,-0.510629,-0.078127,-0.066592,-0.589787,-0.086075,-0.035838,-0.247169,-0.022419,-0.04038,-0.296236,-0.086225,-0.006955,-0.202841,-0.100191,0.015675,-0.138654,-0.090727,-0.076585,-0.197689,-0.031005,-0.070205,-0.237233,-0.084308,-0.039404,-0.174695,-0.091622,-0.011768,-0.126361,-0.084464,K
0.0,0.0,0.0,0.06401,-0.074776,-0.037669,0.079481,-0.207989,-0.04934,0.06766,-0.31357,-0.061071,0.067403,-0.403578,-0.071113,0.071605,-0.282885,-0.018774,0.102276,-0.398314,-0.041443,0.123809,-0.475049,-0.053921,0.136367,-0.541988,-0.062548,0.014644,-0.280111,-0.020369,-0.01859,-0.416586,-0.063152,-0.041434,-0.510174,-0.085989,-0.067357,-0.589396,-0.094144,-0.037377,-0.244554,-0.026709,-0.041772,-0.294028,-0.090961,-0.007938,-0.200883,-0.103431,0.015591,-0.138594,-0.093014,-0.0772,-0.193775,-0.03427,-0.071038,-0.234336,-0.087124,-0.039662,-0.171773,-0.093114,-0.011871,-0.125687,-0.085141,K
0.0,0.0,0.0,0.065951,-0.074381,-0.035512,0.0821,-0.207292,-0.046142,0.0708,-0.313722,-0.057452,0.069425,-0.404809,-0.067291,0.074331,-0.285384,-0.015322,0.105534,-0.402318,-0.036288,0.127831,-0.478296,-0.047813,0.140569,-0.545527,-0.055969,0.017081,-0.28283,-0.017768,-0.014921,-0.418134,-0.059311,-0.037345,-0.511831,-0.081721,-0.063817,-0.591085,-0.089818,-0.034999,-0.247981,-0.025001,-0.038432,-0.297457,-0.088761,-0.005202,-0.203693,-0.102102,0.016916,-0.139373,-0.092376,-0.075425,-0.198637,-0.03322,-0.068587,-0.238383,-0.085962,-0.038056,-0.175611,-0.09272,-0.011329,-0.127706,-0.085342,K
0.0,0.0,0.0,0.064303,-0.076807,-0.033844,0.079044,-0.20919,-0.044062,0.068007,-0.314637,-0.055525,0.065884,-0.404848,-0.065503,0.072732,-0.285147,-0.012688,0.103534,-0.401975,-0.034881,0.125332,-0.478622,-0.04724,0.13786,-0.545875,-0.055831,0.015882,-0.282257,-0.016762,-0.016361,-0.418746,-0.060021,-0.039623,-0.51245,-0.083376,-0.066101,-0.591093,-0.091674,-0.036291,-0.246459,-0.025622,-0.040896,-0.298615,-0.09101,-0.008597,-0.203985,-0.104013,0.013652,-0.13944,-0.093462,-0.077315,-0.194626,-0.035361,-0.072004,-0.238412,-0.089046,-0.040621,-0.17609,-0.095297,-0.01272,-0.128233,-0.087243,K
0.0,0.0,0.0,0.062791,-0.075565,-0.035371,0.077256,-0.206434,-0.045923,0.066739,-0.310806,-0.057404,0.065218,-0.400645,-0.067196,0.071763,-0.281842,-0.013829,0.103558,-0.398731,-0.036517,0.124251,-0.475369,-0.049362,0.135332,-0.542823,-0.058264,0.014524,-0.278331,-0.017038,-0.015909,-0.41241,-0.061402,-0.039656,-0.506486,-0.085872,-0.066996,-0.58454,-0.094756,-0.037616,-0.243489,-0.025189,-0.042458,-0.293284,-0.091404,-0.010352,-0.201064,-0.105796,0.012015,-0.137449,-0.095934,-0.078315,-0.193446,-0.034332,-0.071598,-0.231589,-0.088918,-0.040031,-0.170379,-0.096728,-0.012012,-0.124217,-0.089596,K
0.0,0.0,0.0,0.064159,-0.075771,-0.034129,0.07995,-0.207159,-0.044138,0.069755,-0.311674,-0.055322,0.067221,-0.401526,-0.06498,0.072835,-0.285191,-0.013693,0.105695,-0.403996,-0.035529,0.12728,-0.480276,-0.047484,0.139303,-0.546986,-0.055641,0.015485,-0.281911,-0.017211,-0.013963,-0.416761,-0.060031,-0.037443,-0.510408,-0.083208,-0.064696,-0.588303,-0.091304,-0.036514,-0.247471,-0.02556,-0.041557,-0.297821,-0.090346,-0.009926,-0.204838,-0.104534,0.011832,-0.139939,-0.094872,-0.077429,-0.197892,-0.03478,-0.070869,-0.237019,-0.088201,-0.03988,-0.175479,-0.095582,-0.012689,-0.127704,-0.08831,K
0.0,0.0,0.0,0.065449,-0.074279,-0.036512,0.080296,-0.205602,-0.04792,0.067985,-0.312134,-0.059862,0.065154,-0.401722,-0.070005,0.071139,-0.286555,-0.016918,0.101911,-0.404889,-0.039639,0.123774,-0.480866,-0.052019,0.136912,-0.546933,-0.060401,0.013748,-0.282873,-0.019457,-0.01742,-0.419575,-0.063456,-0.040093,-0.512941,-0.087212,-0.066019,-0.590525,-0.095633,-0.038506,-0.246815,-0.026729,-0.042,-0.294052,-0.092582,-0.008779,-0.201666,-0.106265,0.013504,-0.138104,-0.096036,-0.078852,-0.195563,-0.035048,-0.071309,-0.234906,-0.08902,-0.039375,-0.172897,-0.095791,-0.012072,-0.125757,-0.087977,K
0.0,0.0,0.0,0.06509,-0.076505,-0.035266,0.080297,-0.206523,-0.046083,0.069375,-0.311317,-0.057719,0.066254,-0.401738,-0.06756,0.072314,-0.285872,-0.0155,0.103905,-0.405692,-0.038077,0.124359,-0.482536,-0.050264,0.136058,-0.549889,-0.058516,0.015026,-0.281944,-0.018579,-0.0151,-0.418577,-0.06306,-0.039615,-0.512164,-0.087147,-0.067183,-0.588915,-0.09569,-0.037044,-0.246741,-0.026298,-0.0403,-0.296241,-0.092201,-0.008761,-0.203561,-0.105656,0.012597,-0.139038,-0.095225,-0.077781,-0.196444,-0.03497,-0.07049,-0.236477,-0.08872,-0.039428,-0.174075,-0.095219,-0.013199,-0.126473,-0.087198,K
0.0,0.0,0.0,0.064482,-0.077443,-0.035801,0.078265,-0.208606,-0.04674,0.066308,-0.313297,-0.058796,0.063868,-0.403912,-0.069217,0.070461,-0.287046,-0.012785,0.101793,-0.405551,-0.035699,0.122073,-0.482506,-0.049189,0.133286,-0.550807,-0.058634,0.013721,-0.281713,-0.01621,-0.015106,-0.417078,-0.060991,-0.039574,-0.511906,-0.086326,-0.068114,-0.590957,-0.095856,-0.038324,-0.245773,-0.024671,-0.042999,-0.297953,-0.091348,-0.011289,-0.205331,-0.105433,0.010062,-0.141156,-0.095256,-0.079674,-0.195334,-0.034229,-0.073783,-0.238165,-0.088979,-0.042227,-0.175777,-0.095969,-0.014873,-0.127375,-0.088226,K
0.0,0.0,0.0,0.063812,-0.074457,-0.035933,0.079916,-0.207116,-0.04662,0.068044,-0.311965,-0.057989,0.063781,-0.401912,-0.067802,0.071008,-0.285148,-0.015367,0.101998,-0.404216,-0.038275,0.123527,-0.479894,-0.051355,0.135678,-0.54669,-0.06031,0.014221,-0.281476,-0.018369,-0.014616,-0.417254,-0.061401,-0.036929,-0.511356,-0.084946,-0.063604,-0.590444,-0.093329,-0.037624,-0.246821,-0.026399,-0.042133,-0.297952,-0.091567,-0.010562,-0.204302,-0.105558,0.010724,-0.14034,-0.095615,-0.078267,-0.196894,-0.035528,-0.071021,-0.235722,-0.089258,-0.040245,-0.173197,-0.096458,-0.013759,-0.125819,-0.089037,K
0.0,0.0,0.0,0.064184,-0.075862,-0.036269,0.079023,-0.209314,-0.046983,0.067039,-0.314913,-0.05816,0.064818,-0.404793,-0.067843,0.070505,-0.286268,-0.017075,0.101616,-0.40597,-0.040384,0.122825,-0.482411,-0.053598,0.134596,-0.549647,-0.062528,0.013727,-0.281464,-0.019779,-0.014759,-0.417166,-0.063242,-0.037604,-0.512805,-0.087428,-0.065195,-0.592539,-0.096397,-0.038128,-0.246023,-0.027323,-0.043767,-0.296859,-0.09231,-0.011166,-0.205087,-0.106772,0.010792,-0.140935,-0.097372,-0.079164,-0.195366,-0.03591,-0.073448,-0.236624,-0.089326,-0.04237,-0.175424,-0.09648,-0.015692,-0.127829,-0.08915,K
0.0,0.0,0.0,0.065244,-0.075545,-0.037097,0.079989,-0.208077,-0.048256,0.066977,-0.313364,-0.059954,0.063961,-0.404238,-0.069903,0.07058,-0.286941,-0.015885,0.102692,-0.406162,-0.038756,0.123645,-0.482614,-0.051537,0.134937,-0.550357,-0.060296,0.01341,-0.282215,-0.018505,-0.015083,-0.418576,-0.063079,-0.038713,-0.51227,-0.087804,-0.066808,-0.590807,-0.096659,-0.038931,-0.246288,-0.026019,-0.041808,-0.295676,-0.092675,-0.010188,-0.202408,-0.106523,0.010968,-0.139555,-0.095977,-0.079717,-0.195378,-0.034638,-0.072549,-0.236648,-0.089396,-0.040298,-0.173176,-0.09622,-0.012801,-0.125074,-0.088157,K
0.0,0.0,0.0,0.063146,-0.075572,-0.035682,0.078367,-0.208154,-0.046408,0.066445,-0.31258,-0.057862,0.063639,-0.402028,-0.067801,0.07079,-0.284882,-0.014989,0.101561,-0.402113,-0.038517,0.123271,-0.478365,-0.052244,0.135426,-0.546092,-0.061672,0.014429,-0.281639,-0.018347,-0.015303,-0.417379,-0.062223,-0.037342,-0.511751,-0.086325,-0.06335,-0.592222,-0.094991,-0.037536,-0.24661,-0.026707,-0.043234,-0.297001,-0.092725,-0.01124,-0.203859,-0.106891,0.011218,-0.140894,-0.096868,-0.078334,-0.195917,-0.036093,-0.07251,-0.235524,-0.090098,-0.04098,-0.173633,-0.097034,-0.012965,-0.127183,-0.089383,K
0.0,0.0,0.0,0.064381,-0.074472,-0.03499,0.08025,-0.208353,-0.045213,0.067834,-0.313259,-0.05614,0.066736,-0.402664,-0.065365,0.07204,-0.285823,-0.015385,0.102696,-0.402448,-0.037503,0.125053,-0.477874,-0.04954,0.138094,-0.544249,-0.057705,0.015253,-0.283103,-0.018562,-0.01456,-0.419406,-0.060636,-0.03506,-0.513108,-0.083331,-0.059885,-0.592711,-0.091214,-0.036796,-0.247752,-0.026463,-0.03931,-0.293705,-0.090564,-0.006485,-0.199988,-0.103774,0.01516,-0.137843,-0.093512,-0.077328,-0.196708,-0.035366,-0.069456,-0.235956,-0.087648,-0.038049,-0.172994,-0.09364,-0.011465,-0.126164,-0.085558,K
0.0,0.0,0.0,0.063006,-0.076508,-0.03556,0.077312,-0.20887,-0.047332,0.067088,-0.313586,-0.060093,0.06585,-0.404431,-0.071097,0.071884,-0.287388,-0.015206,0.10355,-0.406085,-0.039496,0.124645,-0.483278,-0.05361,0.136205,-0.551154,-0.063225,0.015077,-0.283029,-0.019139,-0.013249,-0.419471,-0.064465,-0.036535,-0.514802,-0.089554,-0.064355,-0.594508,-0.098925,-0.037355,-0.2477,-0.027919,-0.042757,-0.300168,-0.093955,-0.010776,-0.206905,-0.106824,0.010791,-0.142764,-0.096046,-0.079026,-0.196828,-0.037827,-0.072962,-0.240816,-0.091235,-0.042141,-0.178048,-0.096667,-0.0162,-0.130362,-0.08795,K
0.0,0.0,0.0,0.066084,-0.074867,-0.036119,0.081308,-0.202731,-0.048996,0.066187,-0.305062,-0.062698,0.059441,-0.393505,-0.074882,0.073135,-0.284256,-0.016356,0.1026,-0.400181,-0.04022,0.122384,-0.476954,-0.0545,0.13357,-0.544875,-0.064469,0.016796,-0.279948,-0.020059,-0.013494,-0.415713,-0.064904,-0.035589,-0.51005,-0.089657,-0.061525,-0.58927,-0.098855,-0.035535,-0.244551,-0.028604,-0.039453,-0.294025,-0.095069,-0.007362,-0.201623,-0.108202,0.013706,-0.138914,-0.097475,-0.076699,-0.194898,-0.038229,-0.069531,-0.236462,-0.092174,-0.039093,-0.172867,-0.097468,-0.013794,-0.12517,-0.088568,K
0.0,0.0,0.0,0.066483,-0.073702,-0.033697,0.083411,-0.200657,-0.045933,0.067414,-0.30256,-0.059368,0.059854,-0.38896,-0.072083,0.074893,-0.281369,-0.017727,0.105362,-0.394292,-0.041437,0.124599,-0.472531,-0.055318,0.134781,-0.54086,-0.06493,0.01828,-0.277525,-0.022381,-0.013783,-0.41242,-0.065355,-0.035316,-0.50731,-0.088474,-0.060874,-0.58752,-0.097107,-0.034012,-0.242391,-0.031531,-0.038452,-0.292569,-0.096372,-0.004056,-0.200285,-0.109213,0.018093,-0.135711,-0.099001,-0.075778,-0.192644,-0.041452,-0.068416,-0.237968,-0.094005,-0.036715,-0.175901,-0.098506,-0.010264,-0.126361,-0.089461,K
0.0,0.0,0.0,0.065854,-0.075205,-0.034144,0.081371,-0.203698,-0.045627,0.065872,-0.305842,-0.058325,0.05906,-0.392318,-0.069679,0.073306,-0.284982,-0.013867,0.102786,-0.400846,-0.036806,0.122344,-0.477694,-0.050457,0.133274,-0.545211,-0.059989,0.016911,-0.280646,-0.018264,-0.013152,-0.416244,-0.06169,-0.035159,-0.510421,-0.085549,-0.061036,-0.589088,-0.094194,-0.035402,-0.245295,-0.027508,-0.039726,-0.295084,-0.092972,-0.007682,-0.202242,-0.106378,0.012875,-0.138185,-0.09594,-0.077132,-0.195283,-0.037659,-0.06984,-0.237938,-0.090825,-0.039481,-0.174897,-0.096224,-0.014379,-0.126155,-0.087506,K
0.0,0.0,0.0,0.066192,-0.074852,-0.037825,0.080401,-0.201814,-0.051547,0.065035,-0.304575,-0.06576,0.061111,-0.393093,-0.078441,0.072838,-0.282816,-0.01869,0.102576,-0.39907,-0.04311,0.122032,-0.476617,-0.057765,0.133024,-0.544817,-0.068019,0.016601,-0.277864,-0.021766,-0.013632,-0.415209,-0.066639,-0.035824,-0.510529,-0.091276,-0.062477,-0.58953,-0.100528,-0.035655,-0.242188,-0.029851,-0.041567,-0.294756,-0.096462,-0.009172,-0.202461,-0.109884,0.012307,-0.138539,-0.099451,-0.077042,-0.19243,-0.039152,-0.071529,-0.23604,-0.093429,-0.040875,-0.173471,-0.099221,-0.015066,-0.125106,-0.090801,K
0.0,0.0,0.0,0.064147,-0.074491,-0.036407,0.076916,-0.202652,-0.049231,0.061142,-0.303732,-0.062942,0.058406,-0.392216,-0.075119,0.070503,-0.284154,-0.0157,0.099594,-0.398884,-0.039813,0.119082,-0.475745,-0.054588,0.129653,-0.543731,-0.065016,0.014429,-0.277866,-0.019885,-0.015969,-0.413209,-0.065054,-0.03866,-0.508238,-0.090553,-0.066139,-0.588295,-0.100286,-0.037526,-0.240852,-0.029071,-0.044552,-0.29352,-0.096162,-0.011266,-0.201718,-0.109705,0.01058,-0.138833,-0.099178,-0.079228,-0.189897,-0.039367,-0.074909,-0.236482,-0.094226,-0.04358,-0.173987,-0.099833,-0.01736,-0.125328,-0.09112,K
0.0,0.0,0.0,0.065552,-0.075775,-0.036753,0.079526,-0.20304,-0.049801,0.063672,-0.304458,-0.063577,0.057764,-0.392724,-0.075798,0.07286,-0.283479,-0.015831,0.102368,-0.39941,-0.039547,0.121658,-0.476726,-0.053923,0.132276,-0.544939,-0.064029,0.016978,-0.278241,-0.019299,-0.013991,-0.414846,-0.063973,-0.035844,-0.509597,-0.08853,-0.062088,-0.588918,-0.097608,-0.0352,-0.241935,-0.027834,-0.04068,-0.294729,-0.094313,-0.008506,-0.201794,-0.107275,0.012256,-0.138729,-0.096414,-0.076783,-0.191869,-0.037532,-0.070331,-0.236095,-0.091776,-0.040095,-0.172663,-0.097188,-0.014813,-0.125126,-0.088398,K
0.0,0.0,0.0,0.066733,-0.077114,-0.037089,0.080976,-0.203291,-0.050909,0.06625,-0.304342,-0.065738,0.060346,-0.394218,-0.079031,0.073105,-0.285434,-0.01446,0.10198,-0.399974,-0.037815,0.12056,-0.477057,-0.052406,0.130813,-0.545649,-0.062973,0.016846,-0.279982,-0.01851,-0.014423,-0.415543,-0.063726,-0.03685,-0.510384,-0.089201,-0.063296,-0.589105,-0.098957,-0.035718,-0.24357,-0.027827,-0.040654,-0.29526,-0.09532,-0.008017,-0.202689,-0.109313,0.013764,-0.139106,-0.099093,-0.076753,-0.193801,-0.038339,-0.070207,-0.236589,-0.09362,-0.039535,-0.173479,-0.099981,-0.012826,-0.125796,-0.091897,K
0.0,0.0,0.0,-0.066403,-0.098846,-0.030566,-0.063814,-0.244841,-0.035007,-0.020035,-0.348049,-0.039822,-0.009813,-0.437778,-0.040816,-0.037844,-0.318086,-0.003191,-0.057416,-0.451421,-0.028179,-0.069103,-0.530827,-0.042067,-0.07321,-0.602119,-0.049175,0.020902,-0.306424,-0.006079,0.04875,-0.450117,-0.040228,0.079241,-0.537908,-0.060171,0.109976,-0.608302,-0.067663,0.068673,-0.269423,-0.014313,0.050379,-0.324004,-0.064645,0.014577,-0.244064,-0.067938,-0.003979,-0.178516,-0.053984,0.111365,-0.218909,-0.025403,0.072753,-0.250807,-0.062199,0.025706,-0.191122,-0.057066,0.000684,-0.140792,-0.043502,K
0.0,0.0,0.0,-0.065976,-0.101624,-0.03053,-0.064465,-0.248188,-0.034882,-0.019808,-0.354599,-0.039637,-0.012288,-0.445936,-0.040445,-0.037843,-0.323546,-0.002094,-0.054925,-0.456173,-0.028895,-0.065834,-0.536207,-0.044463,-0.069781,-0.607147,-0.052527,0.020503,-0.311466,-0.005558,0.049933,-0.457056,-0.040733,0.080457,-0.544576,-0.060769,0.111025,-0.612724,-0.06811,0.068829,-0.272061,-0.014715,0.053417,-0.324336,-0.066499,0.01529,-0.246744,-0.070328,-0.005015,-0.181445,-0.056266,0.110996,-0.218757,-0.02678,0.076397,-0.248925,-0.065186,0.0273,-0.191991,-0.060747,0.000111,-0.143181,-0.047263,K
0.0,0.0,0.0,-0.06551,-0.10002,-0.030078,-0.062635,-0.246396,-0.033961,-0.018399,-0.350761,-0.038258,-0.011072,-0.439692,-0.038915,-0.035339,-0.319561,-0.002167,-0.053096,-0.452962,-0.026823,-0.063851,-0.532228,-0.040775,-0.067161,-0.603262,-0.047982,0.022434,-0.30683,-0.005142,0.050174,-0.450765,-0.038354,0.079208,-0.537593,-0.057586,0.108527,-0.606736,-0.064797,0.069882,-0.26828,-0.013562,0.053845,-0.322783,-0.063932,0.017111,-0.247088,-0.068596,-0.002621,-0.183202,-0.05568,0.111898,-0.216505,-0.024754,0.076338,-0.248848,-0.062352,0.027147,-0.192724,-0.058632,-0.00085,-0.144108,-0.046098,K
0.0,0.0,0.0,-0.065247,-0.10068,-0.029977,-0.063498,-0.246987,-0.032954,-0.019653,-0.352024,-0.036403,-0.011927,-0.44303,-0.03622,-0.035704,-0.321179,0.000819,-0.053187,-0.453288,-0.023931,-0.063706,-0.532646,-0.038422,-0.067002,-0.603687,-0.046082,0.021573,-0.309119,-0.002576,0.048696,-0.454653,-0.035067,0.075829,-0.540901,-0.05391,0.103544,-0.609467,-0.060977,0.068971,-0.270118,-0.011869,0.054699,-0.324024,-0.062464,0.017303,-0.246532,-0.066771,-0.002456,-0.182633,-0.053592,0.110639,-0.217239,-0.02402,0.076811,-0.248936,-0.062359,0.027635,-0.192302,-0.058705,0.000273,-0.144984,-0.046203,K
0.0,0.0,0.0,-0.065444,-0.103483,-0.030184,-0.063949,-0.249261,-0.033755,-0.019946,-0.354437,-0.038076,-0.012642,-0.444119,-0.038579,-0.034668,-0.322649,0.00087,-0.051967,-0.45549,-0.025518,-0.063473,-0.534475,-0.041069,-0.068043,-0.604861,-0.049162,0.02217,-0.310797,-0.002904,0.047588,-0.457723,-0.037929,0.074497,-0.544156,-0.058457,0.101195,-0.611398,-0.066304,0.069159,-0.271945,-0.012644,0.053068,-0.324536,-0.06485,0.017165,-0.245986,-0.069722,-0.002158,-0.180969,-0.056393,0.110719,-0.219106,-0.025313,0.076718,-0.251332,-0.064211,0.028081,-0.194356,-0.06069,0.000167,-0.146104,-0.048018,K
0.0,0.0,0.0,-0.065012,-0.104582,-0.029632,-0.063861,-0.250289,-0.032684,-0.020434,-0.35468,-0.036615,-0.012913,-0.443917,-0.036651,-0.03488,-0.323549,0.001822,-0.05325,-0.455524,-0.024335,-0.064439,-0.53433,-0.039649,-0.068299,-0.605194,-0.047629,0.022456,-0.311556,-0.002335,0.047791,-0.457398,-0.037264,0.074968,-0.543412,-0.057614,0.102348,-0.610848,-0.065189,0.069724,-0.272327,-0.012487,0.051801,-0.323349,-0.065247,0.015883,-0.244772,-0.070434,-0.002762,-0.179907,-0.056978,0.110815,-0.218857,-0.025457,0.075538,-0.250207,-0.064669,0.027332,-0.192983,-0.061142,0.000306,-0.144616,-0.048258,K
0.0,0.0,0.0,-0.065955,-0.102829,-0.032417,-0.065682,-0.247756,-0.037721,-0.020494,-0.352541,-0.043423,-0.010786,-0.44487,-0.045215,-0.034193,-0.323149,-0.00172,-0.053502,-0.453582,-0.030272,-0.066072,-0.532246,-0.047647,-0.07098,-0.603613,-0.056952,0.022776,-0.311547,-0.005292,0.049382,-0.457523,-0.042022,0.075927,-0.544522,-0.063103,0.103503,-0.612855,-0.071295,0.069592,-0.272413,-0.015137,0.053308,-0.326352,-0.069391,0.014542,-0.249491,-0.073347,-0.005256,-0.185214,-0.058946,0.110547,-0.218107,-0.028096,0.076413,-0.252775,-0.068184,0.027223,-0.196114,-0.063635,0.000462,-0.147422,-0.04993,K
0.0,0.0,0.0,-0.065991,-0.10349,-0.031223,-0.064134,-0.247765,-0.035347,-0.018926,-0.350517,-0.039657,-0.008983,-0.441233,-0.039991,-0.034336,-0.3215,-0.000332,-0.052371,-0.44998,-0.027266,-0.064398,-0.528672,-0.043547,-0.068772,-0.598754,-0.052338,0.022367,-0.310317,-0.003953,0.047711,-0.456112,-0.039414,0.074522,-0.543172,-0.060123,0.103027,-0.610345,-0.068192,0.069188,-0.27149,-0.013646,0.053442,-0.323165,-0.066302,0.014268,-0.246922,-0.070199,-0.007082,-0.182584,-0.056231,0.110894,-0.217944,-0.026397,0.076111,-0.249137,-0.065881,0.02656,-0.193202,-0.061782,-0.001377,-0.146322,-0.048626,K
0.0,0.0,0.0,-0.065837,-0.104659,-0.030146,-0.063668,-0.249892,-0.033635,-0.017847,-0.354776,-0.037697,-0.009554,-0.446276,-0.037777,-0.036183,-0.323669,0.001342,-0.053737,-0.455585,-0.024922,-0.064833,-0.53509,-0.040762,-0.068677,-0.606115,-0.049238,0.020547,-0.311094,-0.002518,0.04911,-0.456672,-0.036845,0.0772,-0.543326,-0.056933,0.10561,-0.611142,-0.064721,0.067379,-0.27157,-0.012447,0.054983,-0.325634,-0.064176,0.016324,-0.24722,-0.067773,-0.004306,-0.181903,-0.053711,0.108875,-0.217876,-0.025351,0.076288,-0.24998,-0.063802,0.02631,-0.194974,-0.05942,-0.001967,-0.149001,-0.046241,K
0.0,0.0,0.0,-0.064604,-0.106875,-0.028446,-0.06066,-0.251419,-0.031279,-0.015002,-0.354802,-0.035105,-0.007153,-0.444666,-0.03502,-0.033952,-0.320837,0.003512,-0.051591,-0.451867,-0.02228,-0.062474,-0.531403,-0.038128,-0.066108,-0.601824,-0.046642,0.02212,-0.307317,-0.001229,0.049613,-0.45201,-0.035444,0.078321,-0.539171,-0.056247,0.107732,-0.607195,-0.064592,0.068679,-0.26724,-0.011896,0.055662,-0.322136,-0.063582,0.017191,-0.244415,-0.067396,-0.003625,-0.179736,-0.05335,0.110141,-0.213282,-0.025338,0.079011,-0.250035,-0.063247,0.029325,-0.195949,-0.058102,0.000429,-0.15005,-0.044376,K
0.0,0.0,0.0,-0.063756,-0.10461,-0.029869,-0.061316,-0.248635,-0.033786,-0.017007,-0.351633,-0.038447,-0.00888,-0.440564,-0.03917,-0.03358,-0.320111,0.000731,-0.050836,-0.449692,-0.026161,-0.061342,-0.528846,-0.042472,-0.064753,-0.598638,-0.051219,0.022524,-0.30746,-0.00363,0.049849,-0.451998,-0.039189,0.078101,-0.5393,-0.060343,0.107355,-0.606795,-0.068711,0.069029,-0.267673,-0.013901,0.05646,-0.319655,-0.066174,0.01721,-0.241976,-0.069432,-0.004162,-0.177049,-0.054875,0.11046,-0.213605,-0.027135,0.078867,-0.246925,-0.065445,0.029417,-0.191861,-0.060332,0.000882,-0.145728,-0.046471,K
0.0,0.0,0.0,-0.063723,-0.105411,-0.029661,-0.060769,-0.249717,-0.033184,-0.016356,-0.351185,-0.037406,-0.00598,-0.440579,-0.037702,-0.031236,-0.321864,0.001331,-0.047888,-0.452321,-0.025054,-0.058371,-0.531105,-0.040886,-0.061584,-0.601314,-0.049179,0.024555,-0.308137,-0.002815,0.051807,-0.451526,-0.037968,0.080083,-0.537749,-0.058782,0.10937,-0.605588,-0.066838,0.07062,-0.268647,-0.012897,0.055735,-0.320461,-0.065096,0.01831,-0.244483,-0.069355,-0.00136,-0.181552,-0.055526,0.111426,-0.21529,-0.025858,0.077855,-0.248793,-0.064351,0.029115,-0.19344,-0.059957,0.001656,-0.146778,-0.046611,K
0.0,0.0,0.0,-0.063719,-0.106673,-0.028845,-0.060245,-0.250263,-0.03159,-0.015343,-0.351897,-0.035403,-0.005183,-0.44084,-0.035413,-0.032737,-0.321221,0.003849,-0.049886,-0.452387,-0.021488,-0.059423,-0.532418,-0.03665,-0.061382,-0.602819,-0.044794,0.024378,-0.308098,-0.000737,0.051571,-0.453301,-0.034896,0.079904,-0.540885,-0.055373,0.109416,-0.60935,-0.063353,0.071189,-0.268017,-0.011334,0.057598,-0.324113,-0.063512,0.019335,-0.245959,-0.067733,-0.000661,-0.181068,-0.053866,0.112471,-0.21333,-0.024713,0.079176,-0.248815,-0.063682,0.029713,-0.193335,-0.05957,0.00187,-0.146687,-0.046418,K
0.0,0.0,0.0,-0.064217,-0.105742,-0.029475,-0.060565,-0.250902,-0.032252,-0.015665,-0.353523,-0.035863,-0.005281,-0.44254,-0.035599,-0.033327,-0.320894,0.002148,-0.049518,-0.453411,-0.023313,-0.059017,-0.533207,-0.038115,-0.061265,-0.603714,-0.04589,0.023848,-0.307611,-0.001778,0.051493,-0.452349,-0.036655,0.080876,-0.539239,-0.057421,0.110782,-0.607793,-0.065453,0.070818,-0.268143,-0.011596,0.056938,-0.32146,-0.06371,0.020211,-0.24211,-0.068197,0.000793,-0.177436,-0.054523,0.112517,-0.214751,-0.024241,0.078779,-0.247186,-0.062825,0.029962,-0.191189,-0.059049,0.002125,-0.145007,-0.046225,K
0.0,0.0,0.0,-0.064006,-0.106671,-0.033297,-0.062822,-0.249234,-0.038494,-0.017802,-0.351022,-0.044033,-0.006966,-0.442363,-0.045605,-0.03003,-0.322629,-0.000354,-0.047009,-0.453953,-0.028607,-0.056807,-0.533341,-0.045926,-0.059105,-0.604727,-0.055295,0.025379,-0.307959,-0.00323,0.050966,-0.452447,-0.040759,0.078648,-0.539088,-0.063016,0.107058,-0.607148,-0.072044,0.071131,-0.268036,-0.012629,0.055042,-0.323654,-0.067996,0.01839,-0.244522,-0.07375,-0.000803,-0.179253,-0.06034,0.112096,-0.214062,-0.025175,0.077659,-0.248683,-0.066739,0.029341,-0.193352,-0.064447,0.002123,-0.146526,-0.052211,K
0.0,0.0,0.0,-0.064391,-0.107381,-0.031734,-0.062698,-0.249405,-0.036252,-0.017779,-0.351236,-0.041429,-0.007694,-0.442055,-0.042721,-0.030946,-0.321195,0.001921,-0.048018,-0.451686,-0.025797,-0.058449,-0.530517,-0.042877,-0.061366,-0.601164,-0.052016,0.024596,-0.307399,-0.001625,0.049408,-0.45271,-0.038492,0.076063,-0.539894,-0.060672,0.104083,-0.608209,-0.069644,0.070453,-0.267669,-0.011608,0.054721,-0.322464,-0.066162,0.017702,-0.243239,-0.071523,-0.001476,-0.177994,-0.057907,0.111509,-0.213882,-0.024618,0.077753,-0.248807,-0.065036,0.029918,-0.193015,-0.061954,0.003329,-0.146335,-0.049295,K
0.0,0.0,0.0,-0.063288,-0.105135,-0.028921,-0.061121,-0.247223,-0.032108,-0.017561,-0.349355,-0.036534,-0.008517,-0.438385,-0.03736,-0.03192,-0.318902,0.003611,-0.049356,-0.450451,-0.022127,-0.05882,-0.529207,-0.037618,-0.061182,-0.599368,-0.045917,0.024568,-0.306296,-0.000814,0.050432,-0.450962,-0.035039,0.077729,-0.536356,-0.055576,0.105389,-0.604441,-0.0637,0.071502,-0.267463,-0.011324,0.054677,-0.323707,-0.063459,0.019469,-0.246233,-0.069192,0.001267,-0.182102,-0.056646,0.113089,-0.214427,-0.024616,0.078399,-0.248987,-0.063555,0.030311,-0.194088,-0.060772,0.003159,-0.147451,-0.048834,K
0.0,0.0,0.0,-0.063049,-0.104251,-0.029404,-0.06088,-0.245235,-0.033485,-0.016873,-0.346177,-0.038615,-0.006322,-0.435136,-0.040039,-0.029526,-0.318211,0.002038,-0.0462,-0.449028,-0.024239,-0.056724,-0.527034,-0.039812,-0.060041,-0.597218,-0.047957,0.026128,-0.304999,-0.002325,0.051668,-0.450578,-0.037328,0.0777,-0.536149,-0.058031,0.104223,-0.603826,-0.066089,0.072025,-0.266335,-0.012642,0.055267,-0.321577,-0.064642,0.019023,-0.244883,-0.06924,-0.000148,-0.181391,-0.05587,0.113059,-0.21402,-0.025844,0.077426,-0.248483,-0.064092,0.029537,-0.193479,-0.060388,0.002778,-0.147142,-0.047776,K
0.0,0.0,0.0,-0.061129,-0.105352,-0.028065,-0.057558,-0.246692,-0.031868,-0.013409,-0.347647,-0.036833,-0.003488,-0.435797,-0.038074,-0.028675,-0.316664,0.002099,-0.044641,-0.446413,-0.023553,-0.054378,-0.524439,-0.038517,-0.057334,-0.594022,-0.04628,0.026964,-0.303637,-0.002577,0.052137,-0.447426,-0.037063,0.079798,-0.532683,-0.057389,0.106996,-0.599265,-0.065159,0.073008,-0.264676,-0.012943,0.055797,-0.316385,-0.064103,0.020392,-0.239276,-0.068259,0.000336,-0.175686,-0.054582,0.113597,-0.21218,-0.026046,0.079418,-0.24745,-0.063761,0.03177,-0.193193,-0.059468,0.00313,-0.147263,-0.046352,K
0.0,0.0,0.0,-0.061987,-0.107953,-0.033578,-0.059184,-0.245055,-0.040195,-0.013811,-0.34318,-0.047478,-0.004615,-0.431102,-0.050967,-0.026097,-0.314116,-0.002572,-0.040889,-0.442881,-0.032421,-0.050586,-0.519783,-0.050546,-0.05372,-0.5902,-0.060335,0.029063,-0.299547,-0.006014,0.054356,-0.442649,-0.045538,0.080838,-0.529857,-0.069157,0.105977,-0.59779,-0.079025,0.074612,-0.260387,-0.015891,0.055546,-0.314482,-0.07226,0.019971,-0.237434,-0.078805,0.000259,-0.173477,-0.065817,0.114991,-0.207606,-0.028952,0.081013,-0.24393,-0.070183,0.033816,-0.191324,-0.067814,0.005478,-0.145705,-0.055696,K
0.0,0.0,0.0,-0.061048,-0.106894,-0.031446,-0.058342,-0.243917,-0.036764,-0.013667,-0.341489,-0.042909,-0.001458,-0.429382,-0.045298,-0.026006,-0.312257,0.00076,-0.041979,-0.439955,-0.026981,-0.050807,-0.517517,-0.043658,-0.052725,-0.587328,-0.052728,0.029821,-0.299096,-0.002843,0.054866,-0.439371,-0.040111,0.081698,-0.52539,-0.062295,0.107792,-0.592614,-0.071236,0.075387,-0.260892,-0.012711,0.05433,-0.316127,-0.066386,0.019894,-0.238734,-0.071792,0.001547,-0.173775,-0.058584,0.115358,-0.208359,-0.025701,0.077761,-0.243086,-0.065679,0.031441,-0.189817,-0.063323,0.004563,-0.144275,-0.051344,K
0.0,0.0,0.0,-0.062461,-0.1077,-0.031596,-0.058107,-0.24676,-0.036109,-0.011828,-0.3445,-0.041392,-0.00113,-0.431702,-0.043003,-0.024691,-0.314335,0.000815,-0.040076,-0.442494,-0.026038,-0.04953,-0.519805,-0.041759,-0.051979,-0.590379,-0.050256,0.031073,-0.301363,-0.002584,0.052917,-0.442906,-0.040081,0.077752,-0.529918,-0.062293,0.10186,-0.597203,-0.071142,0.076791,-0.263575,-0.012269,0.052593,-0.314735,-0.066832,0.018517,-0.237524,-0.073544,0.000293,-0.172903,-0.060989,0.117615,-0.21167,-0.025007,0.078687,-0.245205,-0.065586,0.031248,-0.191208,-0.064095,0.003318,-0.145169,-0.052755,K
0.0,0.0,0.0,-0.060923,-0.108488,-0.03312,-0.056697,-0.244877,-0.039082,-0.009672,-0.341522,-0.045539,0.002499,-0.428196,-0.048336,-0.024321,-0.314215,-0.00188,-0.036687,-0.442139,-0.028863,-0.045567,-0.519258,-0.044077,-0.04767,-0.589119,-0.052286,0.031909,-0.30068,-0.00488,0.053834,-0.442772,-0.041862,0.077259,-0.529944,-0.063198,0.098922,-0.596302,-0.07182,0.077616,-0.261871,-0.014261,0.056696,-0.313156,-0.068516,0.021785,-0.237937,-0.075647,0.00133,-0.174082,-0.063894,0.117866,-0.208823,-0.026777,0.080225,-0.240821,-0.067648,0.033199,-0.189777,-0.06733,0.004072,-0.145813,-0.057173,K
0.0,0.0,0.0,-0.061171,-0.104391,-0.026543,-0.059043,-0.243834,-0.0294,-0.015288,-0.343415,-0.034209,-0.0036,-0.427958,-0.035843,-0.025838,-0.312244,0.00434,-0.03991,-0.445179,-0.021037,-0.049264,-0.519953,-0.035353,-0.052224,-0.587766,-0.04215,0.028457,-0.298423,-0.000694,0.05015,-0.444959,-0.034488,0.071374,-0.530438,-0.053826,0.092761,-0.597443,-0.060429,0.074439,-0.25951,-0.011341,0.052052,-0.316354,-0.062052,0.018885,-0.237856,-0.066681,0.002598,-0.172742,-0.053051,0.115221,-0.206849,-0.024539,0.076062,-0.245939,-0.060763,0.034928,-0.188313,-0.056294,0.01485,-0.136911,-0.043026,K
0.0,0.0,-0.0,0.061024,-0.02285,-0.020841,0.134895,-0.099088,-0.034814,0.200352,-0.12172,-0.049887,0.247566,-0.107121,-0.065838,0.115664,-0.215479,-0.047337,0.122241,-0.330826,-0.078344,0.121022,-0.406885,-0.098388,0.120306,-0.467072,-0.113837,0.064296,-0.229466,-0.055353,0.070671,-0.2351,-0.106703,0.062563,-0.145347,-0.119853,0.056209,-0.07465,-0.11975,0.013282,-0.218671,-0.064444,0.020643,-0.194169,-0.11289,0.024828,-0.104295,-0.110879,0.025856,-0.039914,-0.099056,-0.033846,-0.199372,-0.075298,-0.022161,-0.176274,-0.111034,-0.015263,-0.106847,-0.110475,-0.008645,-0.058948,-0.102677,L
0.0,0.0,-0.0,0.062331,-0.022948,-0.021326,0.137956,-0.104175,-0.035623,0.204792,-0.132869,-0.050867,0.254066,-0.11641,-0.066728,0.117154,-0.219701,-0.047681,0.1207,-0.334892,-0.078556,0.1175,-0.41215,-0.098357,0.11648,-0.473195,-0.113758,0.06415,-0.234016,-0.055762,0.069604,-0.236447,-0.106218,0.06146,-0.147849,-0.118551,0.055926,-0.07791,-0.118128,0.011879,-0.222284,-0.064992,0.018451,-0.195429,-0.112337,0.02276,-0.106565,-0.109366,0.025052,-0.04304,-0.097286,-0.035332,-0.20204,-0.076179,-0.025359,-0.176145,-0.110489,-0.018471,-0.106775,-0.109045,-0.010448,-0.059713,-0.100907,L
0.0,0.0,-0.0,0.062434,-0.024282,-0.021043,0.13656,-0.10454,-0.035351,0.203348,-0.133037,-0.050467,0.252697,-0.118073,-0.066243,0.116095,-0.220203,-0.048509,0.118718,-0.33615,-0.079356,0.116363,-0.414122,-0.099448,0.115582,-0.476192,-0.115067,0.063475,-0.234303,-0.056141,0.066583,-0.235066,-0.105746,0.059861,-0.147138,-0.118065,0.0551,-0.078075,-0.118097,0.011549,-0.221894,-0.064745,0.016183,-0.193781,-0.111622,0.021673,-0.105156,-0.109251,0.024667,-0.041392,-0.09783,-0.035399,-0.200951,-0.075189,-0.026012,-0.175267,-0.109377,-0.018637,-0.106842,-0.108258,-0.009873,-0.059908,-0.100448,L
0.0,0.0,-0.0,0.06316,-0.021684,-0.021124,0.137689,-0.100035,-0.03537,0.204718,-0.129518,-0.050226,0.253753,-0.117977,-0.065691,0.116661,-0.214957,-0.049776,0.120198,-0.331616,-0.081204,0.118425,-0.408994,-0.101009,0.118418,-0.470329,-0.116268,0.064039,-0.230788,-0.057653,0.069075,-0.234479,-0.1085,0.061503,-0.145483,-0.120872,0.056301,-0.074959,-0.120344,0.01204,-0.219115,-0.066403,0.018967,-0.192011,-0.114534,0.024512,-0.102388,-0.112152,0.02752,-0.037761,-0.100229,-0.034872,-0.1977,-0.076886,-0.025545,-0.171007,-0.112524,-0.018724,-0.101923,-0.111814,-0.010666,-0.054888,-0.103846,L
0.0,0.0,-0.0,0.062926,-0.021726,-0.022042,0.137607,-0.100985,-0.036627,0.204376,-0.130171,-0.051748,0.253402,-0.118774,-0.067408,0.114984,-0.214767,-0.050976,0.119891,-0.331832,-0.083278,0.118419,-0.409703,-0.103464,0.118565,-0.471789,-0.11895,0.062447,-0.229721,-0.058811,0.068576,-0.234987,-0.11098,0.060617,-0.145943,-0.123454,0.054842,-0.075319,-0.122708,0.010713,-0.21778,-0.067673,0.01843,-0.192955,-0.116832,0.023539,-0.102965,-0.114008,0.026017,-0.038375,-0.10156,-0.036121,-0.196405,-0.07834,-0.026219,-0.171436,-0.114588,-0.019111,-0.101757,-0.113572,-0.010798,-0.054135,-0.105291,L
0.0,0.0,-0.0,0.061842,-0.021171,-0.021122,0.136676,-0.101744,-0.034964,0.203457,-0.13228,-0.04941,0.252694,-0.121403,-0.064507,0.116114,-0.215663,-0.049207,0.12093,-0.332599,-0.080742,0.119818,-0.411021,-0.100628,0.12011,-0.473428,-0.116019,0.063633,-0.230603,-0.05721,0.068815,-0.236345,-0.107877,0.060925,-0.148238,-0.12014,0.055827,-0.078706,-0.119697,0.01139,-0.218861,-0.066222,0.018015,-0.194545,-0.114858,0.023147,-0.104727,-0.112381,0.026412,-0.040509,-0.100401,-0.035963,-0.197889,-0.076873,-0.02657,-0.1744,-0.113012,-0.019606,-0.104342,-0.112013,-0.010855,-0.056412,-0.103862,L
0.0,0.0,-0.0,0.062095,-0.023047,-0.020567,0.136856,-0.103536,-0.034466,0.203811,-0.133476,-0.049164,0.252977,-0.121573,-0.064555,0.117259,-0.217907,-0.0493,0.12206,-0.334509,-0.080434,0.120553,-0.412234,-0.099778,0.120745,-0.474136,-0.11468,0.065193,-0.233781,-0.057393,0.069715,-0.236473,-0.108097,0.060032,-0.146468,-0.119409,0.053476,-0.075733,-0.117916,0.012791,-0.222601,-0.066385,0.019538,-0.194745,-0.114023,0.023418,-0.104795,-0.110326,0.025127,-0.040305,-0.097504,-0.035157,-0.201879,-0.07714,-0.026144,-0.17536,-0.112152,-0.019271,-0.10524,-0.110638,-0.011288,-0.057632,-0.102104,L
0.0,0.0,-0.0,0.065396,-0.023659,-0.021781,0.139316,-0.102116,-0.037078,0.206548,-0.131326,-0.052908,0.25586,-0.122681,-0.069365,0.120207,-0.217295,-0.051433,0.124146,-0.334395,-0.084756,0.12344,-0.413611,-0.105979,0.123804,-0.477297,-0.122039,0.067507,-0.232773,-0.05935,0.073065,-0.238071,-0.110727,0.06626,-0.148036,-0.123347,0.060787,-0.077219,-0.123439,0.015226,-0.221172,-0.068304,0.02258,-0.195573,-0.117227,0.02845,-0.105221,-0.114649,0.030824,-0.040304,-0.102722,-0.032243,-0.19881,-0.07903,-0.02091,-0.174837,-0.115349,-0.013551,-0.105597,-0.114363,-0.006306,-0.057481,-0.106205,L
0.0,0.0,-0.0,0.06392,-0.022819,-0.022645,0.138394,-0.103279,-0.03742,0.205591,-0.134689,-0.052605,0.25463,-0.124921,-0.068135,0.119071,-0.217312,-0.051492,0.123204,-0.335764,-0.084367,0.122301,-0.41421,-0.104395,0.123122,-0.477192,-0.119611,0.066155,-0.232721,-0.058992,0.070177,-0.240081,-0.110685,0.06331,-0.150809,-0.122653,0.058783,-0.079672,-0.121909,0.014025,-0.221034,-0.06769,0.020243,-0.195483,-0.117214,0.026208,-0.104903,-0.114495,0.029659,-0.040198,-0.10211,-0.033068,-0.199112,-0.078236,-0.023132,-0.17415,-0.114848,-0.016165,-0.104631,-0.114119,-0.00805,-0.05707,-0.106013,L
0.0,0.0,-0.0,0.06188,-0.023733,-0.020861,0.135653,-0.104872,-0.034871,0.201507,-0.136791,-0.049687,0.250596,-0.12905,-0.065193,0.115621,-0.219449,-0.04865,0.120451,-0.335796,-0.080016,0.11883,-0.413789,-0.099611,0.119263,-0.475939,-0.114758,0.06329,-0.233281,-0.057035,0.070016,-0.239756,-0.108741,0.061103,-0.15028,-0.120592,0.054892,-0.079389,-0.119242,0.011176,-0.221271,-0.066424,0.019331,-0.197754,-0.115111,0.023612,-0.107962,-0.11119,0.02529,-0.043238,-0.097894,-0.036301,-0.199974,-0.077579,-0.025877,-0.176755,-0.113497,-0.018807,-0.106907,-0.111813,-0.011258,-0.059218,-0.102932,L
0.0,0.0,-0.0,0.061322,-0.0218,-0.022318,0.135335,-0.104291,-0.03658,0.202264,-0.13798,-0.051361,0.252219,-0.12973,-0.066604,0.11615,-0.21829,-0.050329,0.120529,-0.336229,-0.08266,0.118794,-0.414994,-0.102358,0.118807,-0.477735,-0.117486,0.062898,-0.233733,-0.057994,0.067741,-0.23961,-0.110299,0.059186,-0.149069,-0.121933,0.053781,-0.077284,-0.120391,0.010158,-0.221949,-0.066893,0.017316,-0.195519,-0.116604,0.022411,-0.105101,-0.113174,0.025607,-0.040696,-0.100097,-0.037948,-0.200932,-0.077636,-0.028179,-0.174278,-0.1146,-0.02077,-0.103681,-0.113742,-0.011694,-0.056312,-0.105382,L
0.0,0.0,-0.0,0.062085,-0.021062,-0.022281,0.137511,-0.102805,-0.03662,0.204238,-0.135615,-0.051304,0.254132,-0.129573,-0.066534,0.117292,-0.217152,-0.05071,0.121884,-0.334419,-0.083204,0.120912,-0.413821,-0.103515,0.121094,-0.476847,-0.11902,0.064602,-0.233034,-0.058377,0.069636,-0.239385,-0.109465,0.06161,-0.151096,-0.121577,0.055731,-0.081234,-0.121007,0.012083,-0.22151,-0.067193,0.018766,-0.197055,-0.11618,0.023689,-0.106983,-0.113107,0.026269,-0.042762,-0.100686,-0.03564,-0.199846,-0.077783,-0.02548,-0.174884,-0.114478,-0.01854,-0.104809,-0.113343,-0.010443,-0.057156,-0.104917,L
0.0,0.0,-0.0,0.063307,-0.01789,-0.022969,0.14122,-0.090808,-0.036163,0.204503,-0.118584,-0.04989,0.250235,-0.111108,-0.064135,0.126888,-0.193261,-0.047323,0.143369,-0.311236,-0.080353,0.152112,-0.388199,-0.099929,0.161081,-0.449852,-0.115219,0.075615,-0.207555,-0.056352,0.084108,-0.238506,-0.112612,0.067859,-0.147617,-0.12654,0.055938,-0.074363,-0.1254,0.024005,-0.199191,-0.066924,0.031733,-0.203167,-0.120734,0.029305,-0.109857,-0.116397,0.026767,-0.04467,-0.101526,-0.025242,-0.183641,-0.079165,-0.015936,-0.179693,-0.119817,-0.01382,-0.10899,-0.118386,-0.009191,-0.060756,-0.109035,L
0.0,0.0,-0.0,0.061702,-0.0214,-0.026132,0.139155,-0.092228,-0.043547,0.207579,-0.113243,-0.061037,0.258806,-0.102409,-0.079213,0.11879,-0.199244,-0.052851,0.126413,-0.319668,-0.088002,0.128186,-0.397794,-0.110158,0.130237,-0.460157,-0.127071,0.06665,-0.211506,-0.060704,0.070844,-0.238443,-0.116349,0.058955,-0.146959,-0.130959,0.049707,-0.074528,-0.131444,0.014315,-0.200472,-0.070212,0.019835,-0.201462,-0.12365,0.021398,-0.10873,-0.119338,0.021106,-0.042811,-0.105142,-0.034223,-0.181122,-0.081598,-0.025279,-0.177966,-0.122531,-0.019841,-0.106837,-0.120504,-0.013489,-0.056851,-0.110879,L
0.0,0.0,-0.0,0.065051,-0.025249,-0.025609,0.140799,-0.098899,-0.043346,0.208915,-0.119335,-0.06139,0.259637,-0.103477,-0.079866,0.115353,-0.215226,-0.052343,0.111668,-0.334114,-0.086982,0.104362,-0.413741,-0.109882,0.099448,-0.477318,-0.127158,0.060631,-0.225243,-0.059368,0.05905,-0.24315,-0.112802,0.052528,-0.151913,-0.128054,0.048599,-0.078623,-0.129697,0.008839,-0.211001,-0.067806,0.01017,-0.199379,-0.117997,0.016755,-0.108622,-0.115438,0.020884,-0.043615,-0.103261,-0.037121,-0.189185,-0.078405,-0.031852,-0.173667,-0.115535,-0.023937,-0.103829,-0.114066,-0.014174,-0.05613,-0.105466,L
0.0,0.0,-0.0,0.066215,-0.026698,-0.025017,0.142714,-0.10003,-0.042439,0.211879,-0.120099,-0.060166,0.26225,-0.106634,-0.078246,0.118191,-0.216111,-0.052099,0.112163,-0.337737,-0.086735,0.103449,-0.418304,-0.110177,0.097196,-0.481672,-0.127534,0.063435,-0.225726,-0.058793,0.059141,-0.242997,-0.110757,0.05333,-0.152472,-0.126071,0.049513,-0.079544,-0.128463,0.011665,-0.211546,-0.066825,0.010822,-0.198934,-0.116133,0.018352,-0.108196,-0.114301,0.022659,-0.043285,-0.103065,-0.033688,-0.189591,-0.076924,-0.028856,-0.174183,-0.113522,-0.022032,-0.105279,-0.112116,-0.013455,-0.05774,-0.103806,L
0.0,0.0,-0.0,0.064443,-0.024776,-0.024834,0.141193,-0.098542,-0.041492,0.20945,-0.121057,-0.058338,0.260049,-0.110765,-0.07555,0.118111,-0.215056,-0.050964,0.113224,-0.332839,-0.085016,0.107216,-0.412946,-0.107788,0.103618,-0.476903,-0.124768,0.06385,-0.226484,-0.057664,0.060061,-0.240099,-0.109601,0.053077,-0.149519,-0.124411,0.048316,-0.077535,-0.125915,0.011666,-0.212834,-0.065717,0.010986,-0.197707,-0.115372,0.017475,-0.106984,-0.113181,0.021393,-0.042354,-0.101199,-0.034865,-0.191274,-0.075728,-0.029873,-0.175578,-0.112702,-0.022909,-0.106024,-0.111004,-0.013988,-0.058203,-0.102064,L
0.0,0.0,-0.0,0.065143,-0.025825,-0.023981,0.141374,-0.10201,-0.040408,0.210235,-0.126393,-0.057436,0.26078,-0.114115,-0.074834,0.117316,-0.216917,-0.050936,0.115157,-0.336386,-0.084903,0.108463,-0.416781,-0.107232,0.104382,-0.482044,-0.124006,0.063223,-0.228292,-0.057841,0.062239,-0.242674,-0.110878,0.054776,-0.151463,-0.125565,0.049881,-0.078609,-0.126734,0.011928,-0.215868,-0.065984,0.012982,-0.202126,-0.115982,0.018491,-0.109857,-0.113348,0.0217,-0.043464,-0.100941,-0.033373,-0.194985,-0.076175,-0.028127,-0.176909,-0.113004,-0.020988,-0.10599,-0.111853,-0.012068,-0.057072,-0.103418,L
0.0,0.0,-0.0,0.064774,-0.025273,-0.024388,0.140921,-0.099031,-0.04114,0.208731,-0.122527,-0.058276,0.259458,-0.11323,-0.075775,0.11807,-0.215971,-0.049894,0.113762,-0.333504,-0.084176,0.107414,-0.413273,-0.107029,0.103784,-0.476729,-0.123958,0.063829,-0.226931,-0.057012,0.061207,-0.241192,-0.109986,0.053818,-0.150072,-0.125235,0.048556,-0.077726,-0.126694,0.011673,-0.213153,-0.065517,0.011745,-0.199916,-0.116157,0.018096,-0.108363,-0.114085,0.021885,-0.042721,-0.101825,-0.03439,-0.190919,-0.075916,-0.029227,-0.176236,-0.113293,-0.022046,-0.106194,-0.111702,-0.01332,-0.057643,-0.102699,L
0.0,0.0,-0.0,0.064872,-0.02722,-0.024198,0.140444,-0.103379,-0.040892,0.209482,-0.128032,-0.058087,0.260712,-0.116161,-0.075697,0.115723,-0.216974,-0.051459,0.112713,-0.336667,-0.085367,0.106777,-0.416921,-0.107493,0.103022,-0.482232,-0.124215,0.061556,-0.227699,-0.058564,0.059258,-0.243469,-0.111057,0.052886,-0.153071,-0.125205,0.048433,-0.081171,-0.126218,0.010032,-0.214149,-0.066971,0.010873,-0.200432,-0.116676,0.017781,-0.109509,-0.113823,0.021795,-0.044159,-0.101442,-0.035797,-0.192282,-0.07741,-0.029881,-0.175842,-0.113997,-0.021974,-0.106125,-0.112428,-0.012591,-0.057914,-0.103796,L
0.0,0.0,-0.0,0.065856,-0.026926,-0.023377,0.140974,-0.102985,-0.039925,0.209869,-0.127327,-0.057127,0.261154,-0.116903,-0.074748,0.11953,-0.218229,-0.050017,0.115972,-0.336236,-0.08428,0.109129,-0.415974,-0.107059,0.104516,-0.480107,-0.123856,0.065048,-0.228003,-0.057099,0.062092,-0.24215,-0.108546,0.056598,-0.151208,-0.123057,0.052386,-0.078711,-0.124821,0.013157,-0.213907,-0.065489,0.013903,-0.200932,-0.114954,0.020913,-0.109434,-0.112621,0.024142,-0.043902,-0.100719,-0.032595,-0.192179,-0.075733,-0.02573,-0.178234,-0.112151,-0.018568,-0.108998,-0.110436,-0.010536,-0.060657,-0.101742,L
0.0,0.0,-0.0,0.06458,-0.026148,-0.024886,0.140052,-0.104658,-0.041196,0.208476,-0.132052,-0.058069,0.259429,-0.117313,-0.07542,0.115769,-0.218545,-0.050881,0.115162,-0.341415,-0.084135,0.110794,-0.420296,-0.10525,0.108533,-0.48437,-0.121491,0.061495,-0.227293,-0.057829,0.059125,-0.246446,-0.111964,0.051428,-0.154548,-0.12593,0.047018,-0.081986,-0.126165,0.010056,-0.213117,-0.066228,0.010539,-0.20325,-0.117522,0.016098,-0.110574,-0.114027,0.019918,-0.044552,-0.100589,-0.035689,-0.191685,-0.076724,-0.03044,-0.179506,-0.114365,-0.022982,-0.108611,-0.112918,-0.013225,-0.059806,-0.104131,L
0.0,0.0,-0.0,0.065499,-0.028097,-0.02481,0.140381,-0.107646,-0.041618,0.208713,-0.135814,-0.058781,0.260197,-0.125426,-0.076497,0.117071,-0.220446,-0.05426,0.119053,-0.341603,-0.088445,0.11781,-0.42154,-0.109798,0.118186,-0.486903,-0.12631,0.061962,-0.229087,-0.061853,0.060051,-0.247606,-0.117221,0.052671,-0.153809,-0.131024,0.047656,-0.079618,-0.131001,0.009541,-0.213585,-0.07065,0.010973,-0.205042,-0.122927,0.017017,-0.111685,-0.118629,0.020332,-0.04519,-0.104586,-0.037376,-0.190748,-0.081447,-0.031376,-0.179328,-0.120348,-0.023349,-0.10846,-0.118492,-0.013806,-0.059709,-0.109137,L
0.0,0.0,-0.0,0.065245,-0.027128,-0.02525,0.141092,-0.106987,-0.041452,0.210285,-0.135166,-0.057871,0.261976,-0.127618,-0.074568,0.117981,-0.220303,-0.051721,0.119898,-0.341027,-0.084918,0.118389,-0.420697,-0.105805,0.118583,-0.485409,-0.12176,0.063745,-0.23095,-0.058185,0.062227,-0.245057,-0.111979,0.055353,-0.153415,-0.125682,0.050294,-0.081315,-0.12573,0.012013,-0.217038,-0.066095,0.012933,-0.202949,-0.116752,0.018996,-0.11105,-0.113127,0.022076,-0.046092,-0.099649,-0.034124,-0.195383,-0.076153,-0.027424,-0.180388,-0.11377,-0.02028,-0.11027,-0.112382,-0.011712,-0.061924,-0.103345,L
0.0,0.0,-0.0,0.067127,-0.027204,-0.023658,0.142842,-0.107744,-0.038564,0.209924,-0.137059,-0.053952,0.260514,-0.128147,-0.069862,0.118352,-0.221331,-0.049973,0.11777,-0.341813,-0.082066,0.114515,-0.421317,-0.102515,0.113224,-0.486432,-0.118335,0.063586,-0.229,-0.057166,0.060047,-0.246504,-0.10875,0.054155,-0.156046,-0.122436,0.050773,-0.084876,-0.123373,0.011655,-0.213006,-0.065626,0.011099,-0.204508,-0.114914,0.018276,-0.113821,-0.112001,0.022901,-0.049488,-0.099707,-0.034388,-0.190281,-0.076014,-0.029436,-0.181522,-0.112427,-0.021836,-0.113084,-0.110798,-0.012453,-0.065393,-0.102223,L
0.0,0.0,-0.0,-0.072746,-0.033226,-0.018592,-0.136991,-0.099841,-0.032845,-0.186417,-0.131439,-0.05017,-0.233221,-0.124546,-0.070048,-0.079669,-0.219732,-0.020763,-0.094607,-0.32619,-0.041385,-0.098958,-0.39075,-0.054907,-0.099987,-0.444656,-0.065991,-0.03941,-0.229601,-0.025768,-0.079216,-0.243108,-0.067621,-0.073817,-0.162522,-0.079061,-0.062719,-0.097062,-0.07661,-0.000866,-0.226485,-0.032853,-0.045634,-0.218929,-0.067204,-0.041688,-0.13899,-0.063813,-0.031576,-0.07858,-0.052376,0.037214,-0.21275,-0.042696,-0.003745,-0.211719,-0.066853,-0.0121,-0.152819,-0.064533,-0.007422,-0.106073,-0.056066,L
0.0,0.0,-0.0,-0.071175,-0.033497,-0.018987,-0.134413,-0.10095,-0.033255,-0.182823,-0.134143,-0.050724,-0.229784,-0.127357,-0.070801,-0.07838,-0.218786,-0.021362,-0.093112,-0.327789,-0.042815,-0.097602,-0.393778,-0.056436,-0.098815,-0.44922,-0.067467,-0.038059,-0.228364,-0.02641,-0.078509,-0.243967,-0.06968,-0.07355,-0.162878,-0.081297,-0.063079,-0.096981,-0.078616,0.000794,-0.225847,-0.033657,-0.044818,-0.219269,-0.069466,-0.040913,-0.139316,-0.066269,-0.03122,-0.078224,-0.054487,0.039396,-0.213054,-0.043694,-0.002068,-0.212484,-0.068667,-0.010269,-0.153735,-0.066695,-0.005824,-0.106375,-0.058289,L
0.0,0.0,-0.0,-0.071856,-0.033204,-0.018861,-0.135446,-0.100657,-0.033173,-0.183924,-0.133917,-0.050615,-0.230641,-0.128014,-0.070608,-0.078644,-0.220355,-0.022151,-0.093525,-0.329199,-0.043962,-0.09794,-0.395357,-0.057837,-0.098706,-0.450898,-0.068966,-0.038734,-0.229868,-0.026887,-0.079729,-0.244725,-0.069682,-0.074535,-0.164113,-0.08125,-0.064062,-0.098759,-0.078743,-0.000329,-0.227174,-0.033734,-0.046621,-0.22009,-0.068694,-0.04228,-0.140218,-0.065679,-0.032248,-0.079305,-0.054328,0.037551,-0.214066,-0.043413,-0.004327,-0.211551,-0.068331,-0.012097,-0.153536,-0.067116,-0.007265,-0.106824,-0.059271,L
0.0,0.0,-0.0,-0.072344,-0.033184,-0.018535,-0.13493,-0.097886,-0.032387,-0.183199,-0.130041,-0.049217,-0.229075,-0.12514,-0.068323,-0.079664,-0.216187,-0.019904,-0.094819,-0.32345,-0.042161,-0.100182,-0.388672,-0.056127,-0.1013,-0.443641,-0.067032,-0.041044,-0.224342,-0.024575,-0.080392,-0.244972,-0.068018,-0.074828,-0.164362,-0.079874,-0.062685,-0.099154,-0.077003,-0.003161,-0.222492,-0.031564,-0.047583,-0.222445,-0.067526,-0.042085,-0.141846,-0.064756,-0.029874,-0.081666,-0.052954,0.034679,-0.211193,-0.041169,-0.006374,-0.214925,-0.06689,-0.012552,-0.156462,-0.06563,-0.005166,-0.11055,-0.057347,L
0.0,0.0,-0.0,-0.070317,-0.031618,-0.017685,-0.132892,-0.096699,-0.030934,-0.180731,-0.129056,-0.047271,-0.226432,-0.124306,-0.065958,-0.078095,-0.214418,-0.019151,-0.093416,-0.320114,-0.040386,-0.098738,-0.384162,-0.053903,-0.099712,-0.438124,-0.064587,-0.039378,-0.222297,-0.023952,-0.078726,-0.240739,-0.065913,-0.072969,-0.161751,-0.077517,-0.060713,-0.097624,-0.074913,-0.001459,-0.219834,-0.030916,-0.045517,-0.21906,-0.065557,-0.040024,-0.140529,-0.062784,-0.02793,-0.081504,-0.051433,0.036233,-0.207753,-0.040397,-0.004453,-0.212642,-0.064948,-0.010608,-0.155099,-0.063246,-0.003194,-0.109494,-0.054967,L
0.0,0.0,-0.0,-0.072405,-0.033076,-0.017681,-0.135089,-0.097984,-0.030819,-0.182733,-0.12992,-0.047055,-0.228204,-0.124813,-0.06554,-0.079717,-0.213006,-0.01785,-0.094672,-0.319222,-0.039333,-0.100638,-0.383629,-0.053017,-0.102549,-0.43727,-0.063708,-0.040849,-0.219763,-0.022666,-0.078173,-0.243529,-0.065256,-0.07292,-0.164478,-0.076905,-0.06057,-0.099768,-0.073989,-0.002663,-0.217231,-0.029828,-0.044162,-0.222677,-0.065622,-0.039533,-0.143593,-0.062922,-0.027756,-0.083979,-0.051072,0.035468,-0.206022,-0.03938,-0.003266,-0.215716,-0.064805,-0.009978,-0.157598,-0.063,-0.002797,-0.111279,-0.054386,L
0.0,0.0,-0.0,-0.072532,-0.033399,-0.018333,-0.134872,-0.099069,-0.031666,-0.181893,-0.131444,-0.048085,-0.226843,-0.125241,-0.066704,-0.078391,-0.211985,-0.016897,-0.093681,-0.318117,-0.037842,-0.100015,-0.382501,-0.050919,-0.102077,-0.43618,-0.061145,-0.039915,-0.218511,-0.0215,-0.076566,-0.244296,-0.063796,-0.072055,-0.165762,-0.075227,-0.059898,-0.100975,-0.071875,-0.00225,-0.216107,-0.028585,-0.043023,-0.221735,-0.064531,-0.039252,-0.143141,-0.062039,-0.027948,-0.084231,-0.049958,0.035245,-0.205017,-0.038059,-0.003035,-0.216083,-0.062731,-0.010114,-0.158041,-0.060375,-0.00301,-0.111966,-0.051382,L
0.0,0.0,-0.0,-0.072484,-0.034396,-0.018173,-0.134759,-0.101337,-0.03153,-0.181625,-0.134521,-0.04799,-0.226902,-0.128561,-0.066714,-0.077281,-0.212478,-0.017762,-0.09164,-0.318557,-0.038782,-0.097455,-0.382815,-0.052173,-0.099041,-0.436073,-0.062676,-0.038711,-0.218837,-0.022415,-0.074517,-0.242917,-0.064385,-0.070739,-0.165538,-0.075639,-0.059361,-0.101764,-0.07263,-0.00088,-0.215496,-0.029463,-0.040434,-0.221033,-0.064895,-0.037769,-0.143565,-0.062065,-0.027397,-0.085016,-0.050184,0.036782,-0.203616,-0.03893,4.5e-05,-0.216243,-0.063248,-0.008319,-0.158854,-0.060608,-0.00225,-0.112765,-0.051668,L
0.0,0.0,-0.0,-0.072359,-0.035156,-0.018306,-0.134651,-0.102134,-0.031559,-0.181717,-0.134735,-0.047722,-0.227061,-0.127918,-0.066147,-0.076858,-0.211782,-0.018247,-0.091249,-0.317303,-0.039179,-0.097195,-0.381819,-0.052467,-0.098836,-0.435105,-0.062978,-0.038617,-0.218053,-0.022787,-0.073565,-0.243466,-0.06482,-0.070134,-0.166608,-0.075989,-0.059113,-0.102458,-0.072938,-0.001033,-0.214557,-0.029697,-0.039384,-0.220796,-0.065253,-0.037108,-0.14383,-0.062445,-0.027204,-0.085284,-0.050573,0.036381,-0.202604,-0.039006,0.001122,-0.216353,-0.063667,-0.007511,-0.15936,-0.061161,-0.002048,-0.113314,-0.052323,L
0.0,0.0,-0.0,-0.071812,-0.0344,-0.018234,-0.133489,-0.101327,-0.031392,-0.180423,-0.134943,-0.047462,-0.225652,-0.130682,-0.065719,-0.07707,-0.210838,-0.018497,-0.090732,-0.317348,-0.040554,-0.095978,-0.381873,-0.054614,-0.096936,-0.435532,-0.06555,-0.038984,-0.215905,-0.023069,-0.073466,-0.243941,-0.066086,-0.070057,-0.165681,-0.077531,-0.059188,-0.101359,-0.074456,-0.001051,-0.211959,-0.030073,-0.039486,-0.221883,-0.066248,-0.037198,-0.143816,-0.062896,-0.027271,-0.084937,-0.050501,0.036962,-0.199882,-0.039498,0.001155,-0.216117,-0.065026,-0.007567,-0.158965,-0.062536,-0.002037,-0.112978,-0.053484,L
0.0,0.0,-0.0,-0.072578,-0.034322,-0.018351,-0.134288,-0.102099,-0.031323,-0.181106,-0.136023,-0.047502,-0.226342,-0.131229,-0.066008,-0.077611,-0.210712,-0.016951,-0.091259,-0.318156,-0.038042,-0.096405,-0.382698,-0.051483,-0.097585,-0.436194,-0.062071,-0.038986,-0.215408,-0.02164,-0.073296,-0.243112,-0.064537,-0.069989,-0.165791,-0.076384,-0.059649,-0.102087,-0.073541,-0.001053,-0.21191,-0.028832,-0.040195,-0.221294,-0.064973,-0.037876,-0.143758,-0.062348,-0.028112,-0.085177,-0.050362,0.036845,-0.200625,-0.038468,0.000501,-0.215728,-0.063802,-0.006894,-0.158931,-0.061716,-0.000477,-0.112979,-0.052964,L
0.0,0.0,-0.0,-0.072732,-0.034933,-0.01784,-0.134175,-0.101705,-0.030489,-0.181139,-0.135106,-0.046227,-0.226134,-0.13145,-0.064293,-0.077443,-0.210856,-0.016924,-0.091096,-0.316624,-0.03793,-0.096231,-0.380996,-0.051453,-0.097304,-0.43452,-0.062138,-0.038939,-0.215926,-0.021492,-0.074002,-0.242613,-0.063587,-0.070732,-0.165515,-0.075395,-0.060228,-0.102067,-0.072885,-0.000925,-0.212124,-0.028441,-0.040562,-0.219578,-0.06375,-0.038408,-0.142528,-0.061265,-0.028669,-0.08436,-0.049762,0.036807,-0.200244,-0.0378,0.000467,-0.21409,-0.062945,-0.007806,-0.15686,-0.061112,-0.002144,-0.110558,-0.052675,L
0.0,0.0,-0.0,-0.072685,-0.035621,-0.018642,-0.134174,-0.103929,-0.032268,-0.181047,-0.137151,-0.048875,-0.226327,-0.131217,-0.06782,-0.075886,-0.211457,-0.018626,-0.089896,-0.317778,-0.039984,-0.095485,-0.38297,-0.053431,-0.09665,-0.436751,-0.064015,-0.03725,-0.216911,-0.02323,-0.071287,-0.24501,-0.065928,-0.068367,-0.167782,-0.077391,-0.05799,-0.102824,-0.07419,0.000574,-0.212932,-0.030217,-0.037909,-0.220692,-0.066164,-0.036063,-0.14304,-0.063299,-0.026598,-0.084135,-0.051131,0.038082,-0.200152,-0.039653,0.002937,-0.214182,-0.064274,-0.005987,-0.157384,-0.061566,-0.000808,-0.111403,-0.052494,L
0.0,0.0,-0.0,-0.073696,-0.035636,-0.017495,-0.135223,-0.102974,-0.030401,-0.181864,-0.136859,-0.046542,-0.226828,-0.131785,-0.065076,-0.077042,-0.208927,-0.01689,-0.09099,-0.315406,-0.037868,-0.096705,-0.381362,-0.051346,-0.098024,-0.434907,-0.06198,-0.038162,-0.21398,-0.021674,-0.071561,-0.24266,-0.063763,-0.068968,-0.166528,-0.075435,-0.058681,-0.101507,-0.072575,-4.2e-05,-0.210261,-0.028778,-0.038168,-0.218439,-0.063744,-0.03697,-0.141917,-0.061059,-0.027788,-0.083161,-0.04934,0.037608,-0.198023,-0.038289,0.002446,-0.210853,-0.062253,-0.006566,-0.154871,-0.059795,-0.001046,-0.10944,-0.051091,L
0.0,0.0,-0.0,-0.072171,-0.036402,-0.018019,-0.133396,-0.104229,-0.031278,-0.180212,-0.137836,-0.047463,-0.225552,-0.134722,-0.065975,-0.075817,-0.211819,-0.019,-0.089894,-0.317184,-0.040678,-0.096053,-0.382015,-0.054447,-0.097695,-0.43566,-0.065268,-0.036807,-0.216659,-0.023633,-0.070632,-0.244114,-0.066128,-0.068101,-0.166685,-0.077555,-0.058103,-0.102285,-0.074663,0.001411,-0.212071,-0.030571,-0.037222,-0.219881,-0.065957,-0.035796,-0.142621,-0.062901,-0.026544,-0.084215,-0.051014,0.039157,-0.198874,-0.039912,0.003656,-0.213285,-0.064906,-0.004795,-0.156919,-0.062669,0.000799,-0.11133,-0.053994,L
0.0,0.0,-0.0,-0.071897,-0.035613,-0.016983,-0.132552,-0.103548,-0.02928,-0.179399,-0.137961,-0.044837,-0.225323,-0.137185,-0.06272,-0.076251,-0.214239,-0.016481,-0.090811,-0.319289,-0.03688,-0.097037,-0.382609,-0.049968,-0.098307,-0.435419,-0.060444,-0.037554,-0.218211,-0.021243,-0.071274,-0.243774,-0.062175,-0.068509,-0.166145,-0.073821,-0.059057,-0.102648,-0.071572,0.000854,-0.212965,-0.028253,-0.038398,-0.221209,-0.062064,-0.037001,-0.143148,-0.059316,-0.028206,-0.084571,-0.04818,0.038996,-0.199507,-0.037671,0.002751,-0.214272,-0.061935,-0.006653,-0.157629,-0.060123,-0.002051,-0.111845,-0.052019,L
0.0,0.0,-0.0,-0.074016,-0.035744,-0.016234,-0.135509,-0.101719,-0.028552,-0.182579,-0.135526,-0.044283,-0.227256,-0.132809,-0.062374,-0.076858,-0.207526,-0.014644,-0.091769,-0.312706,-0.035644,-0.098268,-0.378645,-0.049345,-0.100163,-0.431843,-0.059984,-0.038497,-0.211901,-0.019905,-0.072073,-0.243226,-0.061951,-0.069921,-0.167424,-0.073932,-0.059083,-0.102784,-0.071062,-0.00069,-0.208096,-0.027449,-0.039201,-0.217914,-0.062607,-0.037987,-0.141741,-0.060217,-0.028073,-0.084233,-0.048475,0.036614,-0.196153,-0.037157,0.001065,-0.211275,-0.061069,-0.007115,-0.15548,-0.058185,-0.000493,-0.110832,-0.049034,L
0.0,0.0,-0.0,-0.072558,-0.03615,-0.017434,-0.133965,-0.102943,-0.030488,-0.181579,-0.136973,-0.046681,-0.226803,-0.134251,-0.065171,-0.076752,-0.208977,-0.016703,-0.090959,-0.314445,-0.037657,-0.096786,-0.379445,-0.05116,-0.098,-0.43245,-0.061773,-0.038394,-0.213623,-0.021566,-0.070639,-0.242431,-0.063295,-0.068274,-0.166636,-0.074999,-0.058237,-0.102906,-0.072328,-0.000336,-0.20898,-0.028735,-0.037551,-0.218641,-0.063512,-0.036111,-0.142581,-0.060747,-0.026781,-0.085164,-0.049107,0.037474,-0.195821,-0.03821,0.002796,-0.212628,-0.061974,-0.005647,-0.157293,-0.058935,0.000129,-0.112585,-0.04986,L
0.0,0.0,-0.0,-0.07119,-0.036561,-0.016897,-0.131879,-0.102339,-0.029767,-0.179369,-0.135761,-0.045632,-0.224639,-0.13526,-0.063898,-0.075856,-0.209991,-0.017831,-0.089372,-0.314509,-0.038641,-0.095452,-0.37859,-0.052087,-0.096859,-0.430773,-0.062721,-0.037346,-0.214837,-0.022534,-0.069694,-0.241596,-0.063428,-0.067359,-0.165873,-0.074925,-0.057736,-0.10226,-0.072635,0.001012,-0.209573,-0.029367,-0.036112,-0.216786,-0.063013,-0.034773,-0.140821,-0.060337,-0.02595,-0.083132,-0.049413,0.03883,-0.195677,-0.038489,0.003592,-0.208654,-0.062239,-0.005351,-0.152741,-0.059988,-0.000302,-0.107641,-0.051712,L
0.0,0.0,-0.0,-0.07249,-0.035197,-0.016656,-0.133521,-0.102037,-0.029383,-0.181109,-0.136808,-0.045155,-0.225913,-0.137127,-0.063276,-0.075993,-0.209591,-0.017243,-0.090309,-0.315368,-0.038556,-0.096249,-0.380706,-0.05244,-0.097699,-0.433617,-0.063299,-0.037426,-0.213766,-0.022268,-0.070708,-0.243199,-0.063792,-0.068213,-0.167187,-0.075363,-0.057838,-0.102834,-0.0728,0.001035,-0.208746,-0.029478,-0.036748,-0.218807,-0.064335,-0.035368,-0.142191,-0.061302,-0.025972,-0.083804,-0.049702,0.039353,-0.195195,-0.038894,0.003681,-0.210505,-0.063825,-0.005744,-0.152957,-0.061127,-0.000644,-0.106194,-0.052176,L
0.0,0.0,-0.0,-0.072765,-0.036603,-0.017358,-0.133966,-0.103802,-0.030288,-0.180818,-0.138501,-0.046218,-0.225641,-0.136966,-0.064377,-0.075304,-0.208618,-0.017246,-0.08916,-0.314467,-0.038866,-0.094719,-0.379911,-0.052955,-0.095799,-0.433415,-0.063937,-0.036916,-0.212792,-0.021967,-0.069168,-0.243275,-0.064255,-0.067402,-0.166939,-0.076006,-0.057477,-0.103008,-0.073278,0.001117,-0.208276,-0.028989,-0.035958,-0.219664,-0.06434,-0.035266,-0.142918,-0.061399,-0.026265,-0.085003,-0.049524,0.038754,-0.195599,-0.03828,0.004129,-0.213109,-0.062849,-0.005165,-0.156976,-0.060003,0.00038,-0.111906,-0.050926,L
0.0,0.0,-0.0,-0.072357,-0.035712,-0.016464,-0.133226,-0.102551,-0.029203,-0.180375,-0.136995,-0.045303,-0.224975,-0.137091,-0.063855,-0.074898,-0.209194,-0.015818,-0.088588,-0.314386,-0.036283,-0.09419,-0.378633,-0.049887,-0.095457,-0.430972,-0.060725,-0.036595,-0.212724,-0.021098,-0.068725,-0.24144,-0.062238,-0.066297,-0.166215,-0.074243,-0.056443,-0.1027,-0.07225,0.001574,-0.207054,-0.028551,-0.035375,-0.217486,-0.062663,-0.034504,-0.141221,-0.059827,-0.026004,-0.083114,-0.048702,0.039493,-0.193141,-0.038269,0.004523,-0.208702,-0.062105,-0.00528,-0.152038,-0.059173,-0.00069,-0.105945,-0.050404,L
0.0,0.0,-0.0,-0.072334,-0.035624,-0.016635,-0.133318,-0.103618,-0.028765,-0.179908,-0.139532,-0.043961,-0.224218,-0.139507,-0.061303,-0.074177,-0.208301,-0.015881,-0.088052,-0.313955,-0.036809,-0.094143,-0.379187,-0.050318,-0.095819,-0.43204,-0.060836,-0.036094,-0.212061,-0.020618,-0.067951,-0.241997,-0.062196,-0.066174,-0.165865,-0.073684,-0.056061,-0.102435,-0.070843,0.001761,-0.207619,-0.027611,-0.034913,-0.218464,-0.062069,-0.03448,-0.142636,-0.059028,-0.025804,-0.085594,-0.04732,0.03925,-0.195195,-0.03684,0.005361,-0.211529,-0.060586,-0.004158,-0.155922,-0.057639,0.000979,-0.111386,-0.048645,L
0.0,0.0,-0.0,-0.071379,-0.035887,-0.016736,-0.131979,-0.102378,-0.02984,-0.178789,-0.137197,-0.046194,-0.22308,-0.138784,-0.064935,-0.073278,-0.208895,-0.017259,-0.086841,-0.31485,-0.038452,-0.092161,-0.379473,-0.052369,-0.093252,-0.432042,-0.063267,-0.034789,-0.212369,-0.022395,-0.0684,-0.240485,-0.064024,-0.06642,-0.164902,-0.076116,-0.056496,-0.101773,-0.074167,0.003318,-0.206995,-0.029686,-0.034614,-0.217692,-0.064303,-0.03411,-0.140733,-0.061364,-0.025541,-0.082534,-0.05009,0.041155,-0.193486,-0.039236,0.00556,-0.208856,-0.063642,-0.004226,-0.152125,-0.060869,0.000689,-0.106494,-0.052044,L
0.0,0.0,-0.0,-0.072211,-0.03615,-0.016864,-0.132987,-0.104127,-0.029246,-0.17927,-0.138582,-0.044614,-0.223556,-0.134887,-0.062201,-0.073097,-0.207155,-0.01617,-0.087273,-0.311494,-0.036841,-0.093279,-0.375694,-0.049945,-0.09509,-0.427743,-0.060234,-0.035423,-0.211401,-0.021071,-0.069473,-0.242063,-0.063054,-0.067409,-0.166535,-0.074227,-0.056896,-0.102605,-0.070871,0.001639,-0.207044,-0.028271,-0.036686,-0.217329,-0.063574,-0.03591,-0.141251,-0.060475,-0.026762,-0.084376,-0.048337,0.038451,-0.194252,-0.03767,0.003088,-0.209762,-0.062064,-0.005682,-0.154061,-0.059294,0.000307,-0.110001,-0.050294,L
0.0,0.0,0.0,0.11874,0.040685,-0.034958,0.186451,0.104017,-0.088335,0.193493,0.169804,-0.139848,0.162252,0.184918,-0.188686,0.163812,-0.007849,-0.129979,0.15767,0.203166,-0.172569,0.135931,0.230253,-0.17649,0.120883,0.186962,-0.175835,0.076288,-0.020973,-0.1422,0.075971,0.223444,-0.174769,0.059952,0.224956,-0.146569,0.057386,0.175547,-0.129798,-0.000225,-0.007225,-0.154554,0.000271,0.207422,-0.171313,0.007397,0.208879,-0.126875,0.016785,0.166694,-0.101542,-0.065898,0.014504,-0.172815,-0.065952,0.179596,-0.177334,-0.043829,0.186414,-0.149862,-0.029735,0.15214,-0.134109,M
0.0,0.0,0.0,0.12287,0.037556,-0.038867,0.195292,0.098971,-0.094796,0.203765,0.164394,-0.147945,0.169741,0.182442,-0.198114,0.175548,-0.012502,-0.137885,0.168272,0.206181,-0.183148,0.14482,0.229404,-0.18759,0.129381,0.183468,-0.187475,0.087071,-0.026844,-0.14899,0.08638,0.223976,-0.184822,0.068299,0.221175,-0.157611,0.065776,0.169597,-0.141657,0.008874,-0.012741,-0.160392,0.009193,0.20732,-0.179872,0.014692,0.203208,-0.136874,0.024364,0.158009,-0.112511,-0.058186,0.009602,-0.177922,-0.057267,0.176883,-0.183554,-0.036438,0.177971,-0.157309,-0.023017,0.139304,-0.142811,M
0.0,0.0,1e-06,0.116015,0.039133,-0.035969,0.184182,0.107951,-0.091544,0.189578,0.178317,-0.144352,0.155953,0.197722,-0.19474,0.154873,0.001277,-0.141424,0.150844,0.217408,-0.187785,0.132115,0.241981,-0.192691,0.117895,0.197461,-0.191869,0.064873,-0.013458,-0.154209,0.07062,0.236676,-0.190971,0.058796,0.234339,-0.1608,0.056137,0.183181,-0.141465,-0.012437,-0.000158,-0.166723,-0.006227,0.219828,-0.185437,0.005037,0.215365,-0.13553,0.015095,0.169694,-0.105399,-0.078019,0.021997,-0.18543,-0.072602,0.189995,-0.190718,-0.0473,0.193231,-0.159521,-0.032922,0.155937,-0.140287,M
0.0,0.0,1e-06,0.115485,0.038279,-0.034108,0.184771,0.10775,-0.088918,0.192295,0.180199,-0.141432,0.160063,0.199666,-0.191613,0.158251,-0.001306,-0.140391,0.156323,0.21785,-0.185596,0.136494,0.242932,-0.188942,0.120859,0.199016,-0.187022,0.067997,-0.016398,-0.154203,0.075069,0.23712,-0.189835,0.062671,0.234183,-0.158106,0.059915,0.18217,-0.137635,-0.009626,-0.002515,-0.167537,-0.002393,0.219839,-0.18511,0.008518,0.214776,-0.13329,0.018453,0.16823,-0.102012,-0.07539,0.020505,-0.187015,-0.069442,0.190156,-0.191787,-0.0446,0.193005,-0.159422,-0.030274,0.155452,-0.139199,M
0.0,0.0,0.0,0.115267,0.037739,-0.037014,0.18504,0.104213,-0.091772,0.19166,0.169382,-0.143615,0.157021,0.187201,-0.19266,0.157165,8.9e-05,-0.138086,0.152152,0.221964,-0.184049,0.132631,0.242734,-0.190462,0.118469,0.192591,-0.191761,0.066833,-0.014309,-0.150438,0.072722,0.23946,-0.18873,0.059138,0.23254,-0.163006,0.055318,0.176731,-0.147921,-0.010853,-0.000421,-0.162505,-0.004982,0.223101,-0.181911,0.003239,0.213066,-0.136614,0.012141,0.162323,-0.110947,-0.076819,0.021349,-0.180719,-0.072113,0.191254,-0.185618,-0.050632,0.188043,-0.156556,-0.038026,0.144634,-0.140418,M
0.0,0.0,0.0,0.115003,0.037941,-0.033305,0.183781,0.103432,-0.086715,0.19213,0.171307,-0.138149,0.164616,0.188361,-0.186536,0.16011,0.000626,-0.134578,0.159186,0.212744,-0.179865,0.138189,0.244346,-0.184103,0.121513,0.200224,-0.182536,0.072616,-0.016045,-0.147979,0.076266,0.235387,-0.184371,0.061005,0.236541,-0.154558,0.057092,0.182573,-0.135119,-0.004748,-0.003934,-0.161215,-0.000958,0.220323,-0.181478,0.006379,0.219886,-0.133875,0.015236,0.173707,-0.104898,-0.072121,0.017282,-0.179934,-0.067604,0.190695,-0.187217,-0.045661,0.195677,-0.157384,-0.032292,0.158309,-0.138807,M
0.0,0.0,1e-06,0.12184,0.037618,-0.034038,0.192152,0.101756,-0.08844,0.20185,0.171691,-0.140853,0.171547,0.190497,-0.19012,0.173992,-0.004366,-0.131787,0.170083,0.203582,-0.17308,0.146272,0.240672,-0.174055,0.128079,0.202476,-0.170709,0.086818,-0.017741,-0.143877,0.086203,0.229106,-0.175291,0.067108,0.236541,-0.144736,0.064302,0.188202,-0.125775,0.009466,-0.003848,-0.155697,0.009809,0.215969,-0.172414,0.014337,0.220834,-0.127088,0.022163,0.177634,-0.100678,-0.057717,0.017318,-0.172918,-0.055939,0.186633,-0.177454,-0.035909,0.195782,-0.148937,-0.023079,0.162119,-0.131942,M
0.0,0.0,1e-06,0.118552,0.042091,-0.030006,0.190658,0.113195,-0.079908,0.198947,0.186105,-0.127257,0.159135,0.196909,-0.17137,0.155755,-0.001152,-0.133417,0.152445,0.205519,-0.173835,0.129748,0.244432,-0.171886,0.113617,0.206282,-0.165587,0.069205,-0.015354,-0.145695,0.070625,0.23257,-0.178649,0.055946,0.243354,-0.144391,0.052899,0.193873,-0.120504,-0.006651,-0.00217,-0.15681,-0.004374,0.218757,-0.173884,0.003813,0.226077,-0.123266,0.01099,0.18352,-0.090807,-0.072633,0.018742,-0.172952,-0.068801,0.190097,-0.178151,-0.044413,0.205568,-0.147291,-0.030543,0.17674,-0.126694,M
0.0,0.0,1e-06,0.125586,0.042231,-0.032023,0.199923,0.106621,-0.081536,0.213191,0.170355,-0.129371,0.177403,0.181933,-0.173619,0.181652,-0.009055,-0.126187,0.173406,0.20155,-0.168783,0.15182,0.239443,-0.170185,0.137065,0.202609,-0.1663,0.097242,-0.02442,-0.138162,0.089664,0.22692,-0.17197,0.074885,0.236502,-0.142387,0.073971,0.189853,-0.122274,0.020133,-0.011854,-0.150094,0.012269,0.214646,-0.170503,0.019854,0.218671,-0.127739,0.030293,0.175957,-0.100427,-0.048347,0.008696,-0.16717,-0.051112,0.184565,-0.174688,-0.028109,0.191924,-0.148802,-0.012986,0.15812,-0.131812,M
0.0,0.0,1e-06,0.121494,0.039398,-0.033456,0.193281,0.102517,-0.085472,0.203645,0.167417,-0.135432,0.167482,0.182747,-0.182541,0.169637,-0.008812,-0.131892,0.165321,0.202239,-0.176019,0.142578,0.241851,-0.180045,0.126264,0.204142,-0.178672,0.085401,-0.021937,-0.144302,0.082078,0.227645,-0.178984,0.064806,0.238196,-0.151542,0.062811,0.189531,-0.134077,0.008811,-0.007245,-0.156316,0.004783,0.21409,-0.17643,0.010262,0.219639,-0.134005,0.020183,0.176738,-0.108418,-0.05835,0.015785,-0.173588,-0.060078,0.185067,-0.181014,-0.038527,0.192048,-0.154655,-0.02483,0.157226,-0.138433,M
0.0,0.0,1e-06,0.126271,0.040473,-0.029434,0.20148,0.105518,-0.078531,0.215141,0.171137,-0.126449,0.179767,0.185446,-0.17135,0.181837,-0.005917,-0.124448,0.175067,0.200447,-0.166983,0.152573,0.242993,-0.169041,0.136859,0.21032,-0.165394,0.097461,-0.020065,-0.137577,0.092062,0.225939,-0.170209,0.076614,0.240314,-0.140545,0.075699,0.197574,-0.120286,0.020699,-0.006802,-0.150333,0.016154,0.21559,-0.170016,0.023925,0.224266,-0.125476,0.034894,0.184712,-0.096565,-0.04746,0.015366,-0.167985,-0.045402,0.191266,-0.175246,-0.020389,0.203694,-0.147358,-0.004331,0.172961,-0.128258,M
0.0,0.0,1e-06,0.123715,0.04216,-0.033246,0.198338,0.10825,-0.084165,0.21074,0.174202,-0.132786,0.177661,0.18853,-0.177952,0.183158,-0.000796,-0.130991,0.174444,0.210828,-0.174516,0.151559,0.244413,-0.1773,0.137338,0.204775,-0.174825,0.098818,-0.016163,-0.142462,0.090779,0.235233,-0.17688,0.074916,0.240504,-0.14824,0.074132,0.192868,-0.129636,0.02165,-0.004629,-0.153683,0.013955,0.220876,-0.17335,0.020799,0.221233,-0.130448,0.030976,0.177807,-0.104184,-0.046888,0.015193,-0.170141,-0.048245,0.190604,-0.177209,-0.025724,0.195766,-0.151109,-0.010713,0.160516,-0.134752,M
0.0,0.0,1e-06,0.126439,0.043263,-0.032486,0.204609,0.108079,-0.08163,0.218964,0.170653,-0.128462,0.186487,0.18389,-0.171563,0.191348,-0.007234,-0.1281,0.181748,0.207301,-0.170454,0.156532,0.240796,-0.172303,0.142356,0.200069,-0.169189,0.105933,-0.022958,-0.139296,0.098251,0.230439,-0.174127,0.082347,0.238307,-0.14637,0.081271,0.191572,-0.127753,0.028003,-0.010396,-0.150176,0.020969,0.216515,-0.16994,0.028296,0.220407,-0.127888,0.039146,0.178945,-0.101457,-0.040742,0.011334,-0.166133,-0.040246,0.189129,-0.172725,-0.015748,0.197497,-0.14713,0.001114,0.164414,-0.130602,M
0.0,0.0,1e-06,0.129347,0.044136,-0.034005,0.205487,0.106864,-0.085756,0.218708,0.169113,-0.135519,0.182983,0.183589,-0.18172,0.193481,-0.008033,-0.128371,0.182941,0.204029,-0.171778,0.160698,0.238837,-0.174959,0.147266,0.200189,-0.172942,0.108853,-0.022925,-0.139819,0.099491,0.228546,-0.174167,0.083808,0.235174,-0.146186,0.083745,0.188142,-0.127814,0.030935,-0.009879,-0.151309,0.022295,0.215491,-0.170647,0.029403,0.216298,-0.127818,0.040252,0.172282,-0.101309,-0.03849,0.010588,-0.168301,-0.040506,0.186527,-0.174845,-0.016966,0.192267,-0.148847,-0.001235,0.156943,-0.132248,M
0.0,0.0,1e-06,0.12946,0.042213,-0.029681,0.207116,0.105699,-0.079231,0.223929,0.167956,-0.127044,0.191772,0.180459,-0.171245,0.1944,-0.006455,-0.127639,0.185627,0.203522,-0.168983,0.161946,0.241473,-0.169146,0.147076,0.205208,-0.164774,0.111223,-0.021012,-0.140515,0.103174,0.228997,-0.172478,0.086014,0.238609,-0.141952,0.084954,0.19315,-0.121797,0.034131,-0.008498,-0.152804,0.026223,0.214127,-0.170766,0.032123,0.21897,-0.126986,0.042184,0.177561,-0.099777,-0.035087,0.012535,-0.169989,-0.036241,0.186491,-0.175912,-0.012481,0.196912,-0.149373,0.003545,0.165293,-0.132132,M
0.0,0.0,1e-06,0.124955,0.044308,-0.033456,0.200234,0.106675,-0.087999,0.215297,0.169113,-0.139824,0.182524,0.181362,-0.187345,0.194,-0.008133,-0.14149,0.186092,0.204105,-0.183916,0.157567,0.241821,-0.18071,0.139721,0.20314,-0.174026,0.110372,-0.025983,-0.153697,0.101958,0.230613,-0.189354,0.079883,0.236152,-0.156289,0.078579,0.18489,-0.134135,0.032839,-0.014516,-0.164971,0.025211,0.215801,-0.185656,0.026876,0.216965,-0.140291,0.035393,0.170618,-0.112384,-0.036782,0.005864,-0.181127,-0.036635,0.185008,-0.188663,-0.016799,0.192146,-0.162111,-0.002334,0.156823,-0.145581,M
0.0,0.0,1e-06,0.117858,0.045579,-0.032434,0.190609,0.11212,-0.085394,0.203553,0.179917,-0.13517,0.17409,0.194948,-0.180741,0.172992,0.000607,-0.142268,0.17108,0.205459,-0.184255,0.143482,0.245701,-0.180512,0.124295,0.206732,-0.172498,0.090146,-0.01728,-0.153552,0.085706,0.23406,-0.188237,0.066249,0.243889,-0.152689,0.063363,0.192365,-0.127973,0.013969,-0.006287,-0.163671,0.010625,0.222434,-0.184179,0.015116,0.229507,-0.134588,0.021588,0.185831,-0.102732,-0.054484,0.014439,-0.178464,-0.051455,0.190195,-0.187347,-0.028541,0.20455,-0.158557,-0.013995,0.174633,-0.139157,M
0.0,0.0,1e-06,0.127033,0.047053,-0.032739,0.204935,0.107567,-0.085865,0.221603,0.165768,-0.136237,0.189835,0.17518,-0.182365,0.198412,-0.009887,-0.139206,0.190927,0.19968,-0.179929,0.160892,0.239794,-0.176527,0.142334,0.203108,-0.169911,0.115058,-0.029086,-0.15095,0.106266,0.227368,-0.184619,0.081942,0.232522,-0.152121,0.079501,0.181667,-0.131013,0.037483,-0.01838,-0.161619,0.029459,0.212676,-0.180136,0.029016,0.212661,-0.135461,0.036165,0.16678,-0.108801,-0.032027,0.001488,-0.177152,-0.030932,0.182379,-0.182741,-0.012477,0.189187,-0.15604,0.001069,0.154252,-0.140072,M
0.0,0.0,1e-06,0.128104,0.042613,-0.03094,0.203052,0.10534,-0.081727,0.216659,0.168865,-0.130929,0.181471,0.180904,-0.176542,0.191558,-0.006751,-0.127083,0.181775,0.20106,-0.167882,0.156841,0.239376,-0.167502,0.140442,0.203121,-0.162806,0.108355,-0.023081,-0.139383,0.099228,0.22648,-0.170656,0.079793,0.236578,-0.140132,0.078865,0.191365,-0.120205,0.031403,-0.011268,-0.151233,0.021989,0.212979,-0.169372,0.026227,0.218124,-0.126646,0.036119,0.176066,-0.100369,-0.037646,0.00891,-0.167981,-0.040378,0.184022,-0.173633,-0.018587,0.193813,-0.147252,-0.003226,0.161323,-0.130558,M
0.0,0.0,1e-06,0.122771,0.044209,-0.034258,0.195434,0.108224,-0.08767,0.208276,0.173897,-0.138365,0.176371,0.189897,-0.185225,0.183041,-0.007397,-0.137887,0.173976,0.201405,-0.181297,0.150586,0.241077,-0.181521,0.135148,0.204471,-0.177035,0.099753,-0.024429,-0.149534,0.091191,0.228772,-0.1848,0.07386,0.238445,-0.153881,0.072514,0.189738,-0.133044,0.022933,-0.012419,-0.16061,0.014787,0.214068,-0.18113,0.020795,0.219883,-0.136259,0.030941,0.176517,-0.108349,-0.045907,0.008428,-0.17686,-0.048473,0.18363,-0.185402,-0.02549,0.196523,-0.159271,-0.009088,0.166474,-0.142435,M
0.0,0.0,1e-06,0.123101,0.044007,-0.03421,0.196031,0.108513,-0.085347,0.207415,0.173399,-0.134133,0.171816,0.188671,-0.179282,0.17921,-0.006485,-0.13078,0.170626,0.204417,-0.17556,0.148958,0.239691,-0.179493,0.135156,0.20183,-0.177655,0.09518,-0.022627,-0.142149,0.088413,0.229949,-0.179311,0.074328,0.236785,-0.151942,0.073399,0.188871,-0.133365,0.018972,-0.010686,-0.153498,0.012291,0.216684,-0.175206,0.020367,0.217289,-0.132227,0.030974,0.173187,-0.105004,-0.049004,0.0099,-0.170286,-0.050431,0.18591,-0.178592,-0.026127,0.193218,-0.152879,-0.009179,0.159681,-0.136325,M
0.0,0.0,1e-06,0.117469,0.038401,-0.036666,0.185848,0.104515,-0.090865,0.194251,0.173098,-0.141871,0.16354,0.189867,-0.19039,0.156358,0.00121,-0.140314,0.150123,0.214167,-0.186367,0.12922,0.24389,-0.191262,0.116866,0.200107,-0.190502,0.069135,-0.012373,-0.151621,0.067646,0.233587,-0.188214,0.054499,0.242305,-0.160704,0.053255,0.196026,-0.143329,-0.007365,0.00116,-0.162403,-0.007866,0.215641,-0.183341,0.002456,0.223551,-0.137575,0.014308,0.185254,-0.109667,-0.072774,0.023139,-0.178821,-0.071705,0.187027,-0.18705,-0.044603,0.199059,-0.158839,-0.028025,0.169182,-0.140996,M
0.0,0.0,1e-06,0.125748,0.04485,-0.035811,0.198753,0.106916,-0.090196,0.212984,0.169443,-0.141939,0.181287,0.181576,-0.18987,0.191085,-0.006228,-0.13756,0.179628,0.206196,-0.181431,0.153946,0.236157,-0.182996,0.139502,0.193748,-0.1804,0.107134,-0.024106,-0.148902,0.097086,0.230162,-0.184224,0.075677,0.230528,-0.155527,0.075601,0.179282,-0.137897,0.030072,-0.013113,-0.15989,0.020091,0.215285,-0.180419,0.021679,0.210698,-0.138477,0.031216,0.16329,-0.114094,-0.038488,0.006182,-0.176249,-0.040864,0.183757,-0.183531,-0.022983,0.185205,-0.158233,-0.009975,0.14619,-0.14363,M
0.0,0.0,1e-06,0.124785,0.039713,-0.037976,0.195422,0.098122,-0.094263,0.208435,0.159284,-0.148009,0.180789,0.169768,-0.198408,0.182086,-0.011545,-0.138486,0.174656,0.20157,-0.183287,0.151005,0.231926,-0.185693,0.134868,0.189037,-0.183535,0.094914,-0.027857,-0.149746,0.090873,0.223898,-0.184891,0.070748,0.224688,-0.155587,0.069297,0.174485,-0.137717,0.016466,-0.014329,-0.161117,0.013674,0.210235,-0.18161,0.017136,0.20766,-0.137699,0.026295,0.162963,-0.112304,-0.052205,0.007814,-0.178293,-0.051131,0.180086,-0.185848,-0.032186,0.178581,-0.15922,-0.020581,0.138111,-0.143698,M
0.0,0.0,1e-06,0.122926,0.03864,-0.035899,0.189297,0.096485,-0.091445,0.196623,0.159319,-0.144785,0.165135,0.169858,-0.19526,0.167942,-0.013554,-0.134087,0.161716,0.192242,-0.177125,0.142865,0.226098,-0.180235,0.12876,0.186143,-0.178543,0.080189,-0.026913,-0.145939,0.080261,0.215561,-0.178711,0.065662,0.224166,-0.149329,0.064549,0.179402,-0.131311,0.003856,-0.012076,-0.157601,0.006323,0.204251,-0.174835,0.015317,0.207927,-0.127459,0.024741,0.166166,-0.099426,-0.062317,0.010685,-0.175339,-0.056513,0.177748,-0.181018,-0.031259,0.183465,-0.151808,-0.016618,0.148119,-0.133716,M
0.0,0.0,0.0,0.108166,0.01214,-0.029668,0.197688,0.093581,-0.076799,0.214603,0.175929,-0.115391,0.208536,0.233782,-0.147359,0.190503,0.04159,-0.164118,0.207497,0.274233,-0.216718,0.183623,0.250035,-0.226723,0.17004,0.176964,-0.22644,0.10824,0.03291,-0.170208,0.11787,0.293383,-0.217028,0.114273,0.260034,-0.196685,0.109996,0.183608,-0.183328,0.031416,0.047745,-0.172117,0.043668,0.285163,-0.189001,0.053609,0.247274,-0.142854,0.056392,0.173753,-0.116373,-0.034949,0.067803,-0.177109,-0.010269,0.24808,-0.174237,0.00445,0.221605,-0.139851,0.006596,0.157934,-0.120333,M
0.0,0.0,0.0,0.108713,0.011868,-0.027627,0.198305,0.092213,-0.074206,0.216184,0.173727,-0.112943,0.208777,0.228762,-0.145537,0.193326,0.041218,-0.159439,0.206811,0.27114,-0.211615,0.182956,0.253713,-0.221404,0.169367,0.182256,-0.221182,0.1108,0.032748,-0.167398,0.11769,0.294746,-0.215161,0.112059,0.263343,-0.194802,0.10709,0.185942,-0.180502,0.033262,0.046714,-0.171292,0.043557,0.284117,-0.190259,0.053724,0.249546,-0.145641,0.058055,0.177427,-0.119186,-0.035015,0.065227,-0.178024,-0.009511,0.244272,-0.177439,0.007285,0.221346,-0.144396,0.01251,0.161304,-0.124982,M
0.0,0.0,0.0,0.107846,0.011622,-0.030454,0.197583,0.092857,-0.078061,0.213718,0.173303,-0.11656,0.205376,0.23177,-0.148452,0.185033,0.042973,-0.167209,0.199828,0.27588,-0.219054,0.17926,0.250346,-0.227583,0.167655,0.177912,-0.226272,0.101402,0.033652,-0.172654,0.111161,0.29546,-0.219975,0.111107,0.260678,-0.199461,0.107777,0.183525,-0.185692,0.025113,0.048377,-0.173538,0.038633,0.287469,-0.191214,0.050694,0.247548,-0.145486,0.054295,0.173228,-0.118912,-0.039909,0.067955,-0.177269,-0.014411,0.247913,-0.174679,0.000579,0.218605,-0.140187,0.002514,0.153339,-0.120515,M
0.0,0.0,0.0,0.110722,0.013841,-0.033456,0.200802,0.096377,-0.08461,0.214807,0.180235,-0.12632,0.203032,0.230194,-0.162108,0.200338,0.040594,-0.173556,0.208219,0.276138,-0.22475,0.184354,0.261041,-0.231686,0.174311,0.19006,-0.230358,0.114734,0.030937,-0.179143,0.119929,0.295982,-0.226771,0.11561,0.267141,-0.204589,0.112766,0.191113,-0.190077,0.036027,0.044637,-0.180179,0.046838,0.28324,-0.197978,0.058805,0.248443,-0.151956,0.064836,0.176265,-0.125741,-0.031788,0.063285,-0.184577,-0.005273,0.242109,-0.183209,0.012731,0.218864,-0.149954,0.019513,0.158863,-0.131192,M
0.0,0.0,0.0,0.108066,0.014734,-0.029844,0.196405,0.095619,-0.077289,0.214033,0.175874,-0.11659,0.208719,0.230556,-0.149577,0.191469,0.041724,-0.162758,0.204797,0.274751,-0.21598,0.179857,0.249043,-0.226673,0.167619,0.176093,-0.227234,0.108102,0.032199,-0.169694,0.117032,0.291184,-0.21666,0.111883,0.256204,-0.197168,0.10815,0.180119,-0.184829,0.030614,0.045909,-0.172724,0.043419,0.282689,-0.191129,0.051083,0.243157,-0.146372,0.053744,0.169537,-0.120861,-0.036075,0.065373,-0.178742,-0.011308,0.243315,-0.177258,0.001398,0.214205,-0.143768,0.002841,0.149516,-0.124997,M
0.0,0.0,0.0,0.106881,0.013542,-0.027341,0.195844,0.095127,-0.0739,0.215361,0.175756,-0.112052,0.212283,0.235556,-0.143558,0.19146,0.046982,-0.16344,0.205251,0.276894,-0.215369,0.182654,0.255771,-0.223769,0.169904,0.184563,-0.222349,0.10955,0.037201,-0.170688,0.116094,0.298182,-0.218806,0.111549,0.266974,-0.197716,0.106842,0.191379,-0.18281,0.032242,0.050104,-0.1734,0.041684,0.287812,-0.191928,0.051361,0.253557,-0.145316,0.055036,0.182017,-0.117552,-0.035596,0.067602,-0.178789,-0.013051,0.247821,-0.177105,0.002552,0.225092,-0.142525,0.00674,0.164444,-0.12213,M
0.0,0.0,0.0,0.108057,0.012396,-0.031364,0.198052,0.093909,-0.080288,0.215379,0.177549,-0.120384,0.209307,0.234499,-0.154264,0.194839,0.041159,-0.166119,0.206505,0.273524,-0.218913,0.181766,0.254143,-0.229478,0.169699,0.182945,-0.22998,0.1112,0.032058,-0.172063,0.11737,0.292527,-0.218419,0.112641,0.264106,-0.198701,0.108794,0.189806,-0.186194,0.033427,0.045927,-0.173941,0.043605,0.282789,-0.191099,0.054079,0.249818,-0.146656,0.05887,0.178361,-0.121604,-0.033326,0.065603,-0.178932,-0.008804,0.245302,-0.177843,0.007955,0.224711,-0.145431,0.014194,0.166257,-0.127194,M
0.0,0.0,0.0,0.108946,0.013419,-0.031296,0.199337,0.092404,-0.081268,0.217467,0.172612,-0.122415,0.210838,0.227605,-0.157097,0.197663,0.042085,-0.168073,0.206733,0.273973,-0.220569,0.183218,0.25546,-0.229521,0.171736,0.183785,-0.229061,0.114145,0.03158,-0.174637,0.118639,0.293641,-0.22251,0.114091,0.266055,-0.201795,0.110095,0.192639,-0.188042,0.035989,0.044467,-0.176899,0.044191,0.280842,-0.19515,0.05499,0.247865,-0.149329,0.059767,0.176373,-0.122852,-0.032238,0.062795,-0.182337,-0.008452,0.243167,-0.181752,0.00937,0.223313,-0.148537,0.016044,0.16533,-0.129341,M
0.0,0.0,0.0,0.108605,0.011647,-0.034554,0.198812,0.089907,-0.084513,0.216643,0.170517,-0.124657,0.208088,0.22479,-0.15807,0.192072,0.037043,-0.169295,0.202675,0.2696,-0.221104,0.182549,0.251376,-0.229492,0.172039,0.181518,-0.228804,0.107102,0.02962,-0.17341,0.114465,0.290069,-0.221331,0.114303,0.260659,-0.200476,0.110262,0.187322,-0.186477,0.029046,0.044428,-0.173414,0.040457,0.279408,-0.192196,0.056056,0.245975,-0.146669,0.061274,0.17506,-0.119849,-0.037943,0.06195,-0.176891,-0.011753,0.240906,-0.177671,0.0106,0.222232,-0.145603,0.01884,0.16524,-0.126721,M
0.0,0.0,0.0,0.108461,0.011482,-0.035889,0.197533,0.086956,-0.087056,0.21417,0.165861,-0.128683,0.205217,0.21461,-0.164119,0.192074,0.0289,-0.168956,0.20372,0.260037,-0.221698,0.181177,0.24544,-0.231834,0.171002,0.178103,-0.232697,0.105928,0.02139,-0.173286,0.115672,0.280299,-0.222264,0.113591,0.255312,-0.202824,0.109979,0.185455,-0.189864,0.027687,0.036568,-0.173757,0.042233,0.268899,-0.193831,0.055848,0.238673,-0.148962,0.060915,0.170467,-0.122367,-0.038904,0.055696,-0.177906,-0.010514,0.231785,-0.179176,0.011534,0.215204,-0.147062,0.02083,0.161215,-0.128127,M
0.0,0.0,0.0,0.107206,0.012749,-0.030578,0.196865,0.094406,-0.07976,0.213719,0.177008,-0.119791,0.207323,0.234137,-0.153256,0.195092,0.042238,-0.168759,0.207529,0.27506,-0.221727,0.184762,0.257617,-0.231141,0.172673,0.186968,-0.230477,0.111998,0.033119,-0.17496,0.117762,0.297056,-0.223491,0.114589,0.270473,-0.202319,0.110129,0.196345,-0.187565,0.034291,0.046966,-0.176713,0.043165,0.286417,-0.194634,0.055431,0.254096,-0.147241,0.060334,0.182769,-0.119217,-0.033611,0.065695,-0.181601,-0.010216,0.247442,-0.180111,0.008241,0.22836,-0.145504,0.014859,0.17076,-0.125036,M
0.0,0.0,0.0,0.108692,0.015001,-0.033919,0.197614,0.101223,-0.085971,0.213305,0.191205,-0.128749,0.204565,0.247168,-0.16555,0.19872,0.035931,-0.174172,0.210055,0.273941,-0.229436,0.18475,0.252731,-0.240689,0.174233,0.182523,-0.242084,0.111869,0.02736,-0.180536,0.120771,0.29341,-0.230036,0.115488,0.259014,-0.209564,0.111328,0.181045,-0.196637,0.03311,0.042706,-0.182865,0.048132,0.282952,-0.202722,0.057764,0.244556,-0.157212,0.061613,0.171381,-0.131477,-0.034063,0.06481,-0.188545,-0.004288,0.242569,-0.187771,0.011087,0.214563,-0.15445,0.015865,0.151743,-0.136138,M
0.0,0.0,0.0,0.10908,0.016914,-0.033619,0.199814,0.101477,-0.085044,0.216136,0.188652,-0.127351,0.206741,0.241642,-0.163758,0.203418,0.039158,-0.172169,0.211763,0.27626,-0.225193,0.18602,0.25752,-0.234427,0.176769,0.187137,-0.234509,0.117296,0.029124,-0.178157,0.123053,0.294596,-0.224803,0.11685,0.265628,-0.203423,0.113769,0.189881,-0.190115,0.038349,0.042996,-0.180053,0.050084,0.281707,-0.197886,0.059119,0.247898,-0.15331,0.063672,0.175363,-0.128478,-0.029495,0.063981,-0.185245,-0.002503,0.242062,-0.184023,0.012923,0.218406,-0.151748,0.018886,0.156951,-0.134046,M
0.0,0.0,0.0,0.109618,0.014957,-0.035515,0.199093,0.100408,-0.087965,0.215939,0.188439,-0.130999,0.208559,0.242735,-0.168056,0.200163,0.034695,-0.176915,0.209894,0.272606,-0.232054,0.183497,0.248612,-0.242851,0.17434,0.179,-0.244511,0.112374,0.025267,-0.183166,0.12017,0.290592,-0.233156,0.114633,0.25282,-0.212681,0.110961,0.174992,-0.200302,0.033148,0.039676,-0.185404,0.048617,0.278618,-0.20571,0.057152,0.23715,-0.159885,0.060151,0.164498,-0.134367,-0.034077,0.061388,-0.19117,-0.004385,0.240082,-0.190235,0.00916,0.208824,-0.156398,0.011593,0.144012,-0.138152,M
0.0,0.0,0.0,0.107803,0.013973,-0.031281,0.198632,0.099862,-0.081898,0.21788,0.186451,-0.123681,0.213666,0.243554,-0.159294,0.202176,0.043657,-0.172472,0.212382,0.280179,-0.226975,0.187765,0.256586,-0.236497,0.176621,0.183369,-0.236286,0.116991,0.034124,-0.179948,0.123494,0.299173,-0.228647,0.116263,0.263139,-0.207395,0.112209,0.184174,-0.193744,0.037987,0.047713,-0.183167,0.050815,0.287568,-0.203121,0.057524,0.249516,-0.157633,0.060566,0.175832,-0.131805,-0.030194,0.067673,-0.189248,-0.002444,0.247602,-0.188487,0.01029,0.219883,-0.154844,0.013061,0.155794,-0.136235,M
0.0,0.0,0.0,0.108767,0.014445,-0.033816,0.199085,0.100102,-0.085236,0.214462,0.187732,-0.127092,0.205057,0.246788,-0.162547,0.198804,0.044224,-0.174109,0.208239,0.282042,-0.227913,0.183478,0.259854,-0.237967,0.172645,0.186852,-0.238276,0.11339,0.035023,-0.179585,0.119845,0.300647,-0.227834,0.114819,0.269261,-0.207188,0.110695,0.19193,-0.193948,0.034728,0.049168,-0.180751,0.046605,0.289134,-0.198487,0.055985,0.253332,-0.1522,0.059726,0.180159,-0.126041,-0.033076,0.069793,-0.185257,-0.006802,0.251783,-0.182648,0.007855,0.227442,-0.148268,0.011493,0.164971,-0.129162,M
0.0,0.0,0.0,0.10807,0.008938,-0.032485,0.194066,0.092815,-0.083062,0.207334,0.179577,-0.123076,0.199591,0.240488,-0.156649,0.18672,0.043311,-0.177389,0.199162,0.275679,-0.228564,0.178173,0.259483,-0.23508,0.165449,0.188951,-0.232272,0.102033,0.034702,-0.181463,0.111388,0.294052,-0.229923,0.110531,0.275783,-0.208965,0.105442,0.207325,-0.194417,0.024129,0.048808,-0.180012,0.03611,0.28536,-0.197371,0.051378,0.258079,-0.149392,0.056946,0.188442,-0.12099,-0.042007,0.067004,-0.181495,-0.017262,0.246657,-0.180112,0.003993,0.231912,-0.145142,0.011552,0.176687,-0.124181,M
0.0,0.0,0.0,0.107819,0.014325,-0.031262,0.194048,0.099792,-0.079545,0.207919,0.182197,-0.118842,0.199248,0.236892,-0.151996,0.181364,0.043031,-0.168711,0.193443,0.277249,-0.221374,0.173965,0.251317,-0.231008,0.163724,0.179864,-0.230734,0.096147,0.033166,-0.174317,0.10549,0.293759,-0.221558,0.106061,0.258077,-0.201423,0.103168,0.182796,-0.188557,0.019164,0.047673,-0.175487,0.034562,0.287237,-0.193927,0.046526,0.245681,-0.148408,0.049513,0.17252,-0.122173,-0.045476,0.067709,-0.179592,-0.019299,0.246635,-0.177308,-0.004568,0.215527,-0.142919,-0.003954,0.150345,-0.123632,M
0.0,0.0,0.0,0.105513,0.010799,-0.028438,0.192035,0.096837,-0.074911,0.206303,0.181172,-0.112095,0.194725,0.244345,-0.142404,0.180818,0.051243,-0.169072,0.199465,0.284686,-0.220003,0.180034,0.25536,-0.22659,0.167825,0.182433,-0.223851,0.097068,0.044299,-0.175465,0.110732,0.303861,-0.222671,0.108982,0.265778,-0.201493,0.104104,0.187613,-0.186632,0.020188,0.057239,-0.176703,0.034895,0.294672,-0.195973,0.046442,0.253444,-0.149664,0.049223,0.180121,-0.121735,-0.046239,0.07493,-0.180147,-0.019537,0.253282,-0.180609,-0.003266,0.221685,-0.146099,-0.000728,0.154599,-0.125483,M
0.0,0.0,-0.0,0.102401,0.013357,-0.028428,0.190054,0.098791,-0.076618,0.206397,0.181939,-0.114733,0.195914,0.24786,-0.145344,0.175407,0.059471,-0.17967,0.194829,0.289203,-0.230936,0.178411,0.257361,-0.233321,0.166955,0.183768,-0.227775,0.093942,0.051944,-0.187012,0.10704,0.312992,-0.236888,0.105228,0.267916,-0.211158,0.100972,0.185468,-0.192232,0.018248,0.062274,-0.188678,0.033667,0.298649,-0.210279,0.042025,0.250469,-0.158991,0.042884,0.17369,-0.127281,-0.048379,0.076365,-0.19245,-0.024005,0.253498,-0.195609,-0.010126,0.215932,-0.159823,-0.009068,0.1452,-0.138016,M
0.0,0.0,0.0,0.104022,0.011902,-0.027985,0.191863,0.095511,-0.075636,0.208629,0.177695,-0.11344,0.199248,0.245606,-0.143795,0.176523,0.057799,-0.175763,0.19547,0.288471,-0.22798,0.181758,0.260445,-0.231928,0.171611,0.186669,-0.226675,0.094614,0.050238,-0.182783,0.108912,0.311489,-0.234163,0.10928,0.271533,-0.210645,0.105528,0.191033,-0.192238,0.018925,0.06131,-0.184237,0.033818,0.297928,-0.207021,0.045548,0.25537,-0.15769,0.048978,0.180941,-0.126203,-0.04757,0.076027,-0.187643,-0.021646,0.254748,-0.191188,-0.005319,0.222947,-0.155871,-0.002761,0.155272,-0.133488,M
0.0,0.0,-0.0,0.103916,0.011393,-0.026775,0.191971,0.096385,-0.072674,0.208249,0.180326,-0.109311,0.198868,0.247083,-0.138758,0.178691,0.056514,-0.169945,0.198597,0.28866,-0.221324,0.184128,0.258816,-0.227074,0.172941,0.186556,-0.223476,0.095905,0.047985,-0.177098,0.111045,0.30707,-0.22586,0.111999,0.268387,-0.203743,0.10781,0.191388,-0.187465,0.019903,0.059462,-0.178879,0.035567,0.296891,-0.199692,0.047724,0.252492,-0.151633,0.051175,0.178544,-0.121781,-0.04612,0.075519,-0.182633,-0.019459,0.253526,-0.184271,-0.003745,0.219251,-0.149,-0.0022,0.151522,-0.127294,M
0.0,0.0,0.0,0.105834,0.013746,-0.029255,0.193684,0.098188,-0.075583,0.208035,0.181681,-0.112611,0.194475,0.245906,-0.142358,0.1767,0.056541,-0.168759,0.194777,0.289115,-0.219593,0.1803,0.25603,-0.225023,0.169834,0.182456,-0.221569,0.093823,0.047496,-0.174737,0.107457,0.307726,-0.221671,0.109029,0.265774,-0.198984,0.104755,0.187014,-0.18309,0.017631,0.059607,-0.175876,0.032185,0.297762,-0.195135,0.044263,0.252488,-0.147886,0.046904,0.1765,-0.119416,-0.047881,0.075679,-0.179465,-0.024186,0.254703,-0.180404,-0.00878,0.219959,-0.146157,-0.007183,0.150719,-0.125772,M
0.0,0.0,-0.0,0.104594,0.011837,-0.026646,0.1921,0.098798,-0.072904,0.206085,0.185021,-0.109863,0.193998,0.253142,-0.139744,0.178518,0.057865,-0.171958,0.197161,0.290999,-0.222276,0.181797,0.258174,-0.226848,0.171146,0.184709,-0.222983,0.09538,0.049114,-0.179493,0.108579,0.310159,-0.226554,0.109605,0.267129,-0.203049,0.106409,0.186939,-0.186882,0.019109,0.060023,-0.181516,0.033977,0.296983,-0.201068,0.045301,0.250811,-0.152432,0.048171,0.17556,-0.123295,-0.047167,0.075765,-0.185526,-0.02098,0.253998,-0.186217,-0.006205,0.217239,-0.150379,-0.005044,0.146695,-0.129134,M
0.0,0.0,0.0,0.110607,0.014576,-0.032957,0.200088,0.102523,-0.081317,0.214329,0.185832,-0.120229,0.202708,0.241479,-0.152727,0.185392,0.048801,-0.170948,0.19406,0.283316,-0.222216,0.175766,0.251924,-0.22992,0.168278,0.178971,-0.228892,0.098761,0.038046,-0.176303,0.104051,0.299597,-0.22148,0.106029,0.257,-0.200226,0.104839,0.179154,-0.187494,0.021318,0.05048,-0.177233,0.033495,0.287761,-0.194808,0.045331,0.24145,-0.149743,0.048634,0.167892,-0.124772,-0.043694,0.068753,-0.18115,-0.020462,0.245999,-0.178796,-0.006677,0.208879,-0.144623,-0.005744,0.14063,-0.12619,M
0.0,0.0,0.0,0.084995,-0.027023,-0.033279,0.146235,-0.148684,-0.053529,0.122049,-0.2758,-0.074585,0.091578,-0.364793,-0.091779,0.168464,-0.218314,-0.021075,0.212665,-0.273792,-0.078425,0.189781,-0.204086,-0.112549,0.164803,-0.13527,-0.125429,0.113679,-0.251609,-0.028431,0.165961,-0.332875,-0.091764,0.150759,-0.245302,-0.11729,0.132759,-0.166948,-0.118377,0.053352,-0.264627,-0.0435,0.082393,-0.300128,-0.110379,0.070612,-0.1749,-0.119346,0.060675,-0.090223,-0.105229,-0.008158,-0.255164,-0.059901,0.026185,-0.271044,-0.104951,0.028883,-0.17836,-0.104879,0.026738,-0.111917,-0.092878,N
0.0,0.0,0.0,0.08345,-0.025341,-0.033457,0.144723,-0.144951,-0.053443,0.121951,-0.271249,-0.074007,0.092765,-0.359403,-0.090413,0.167249,-0.217165,-0.021033,0.21126,-0.267167,-0.077977,0.187787,-0.198185,-0.111596,0.161796,-0.130557,-0.124212,0.113005,-0.250461,-0.028146,0.164897,-0.328768,-0.091544,0.150103,-0.242669,-0.116865,0.131893,-0.164504,-0.117792,0.053445,-0.26337,-0.042951,0.082923,-0.297561,-0.110164,0.070751,-0.173339,-0.118794,0.06011,-0.088632,-0.104304,-0.007028,-0.253535,-0.059114,0.027521,-0.266124,-0.104883,0.029666,-0.174197,-0.105243,0.027106,-0.108736,-0.093333,N
0.0,0.0,0.0,0.083185,-0.022617,-0.032663,0.146571,-0.141263,-0.052634,0.125226,-0.268478,-0.073058,0.098211,-0.358725,-0.089474,0.169937,-0.209506,-0.02278,0.215465,-0.262073,-0.078638,0.189982,-0.194536,-0.1112,0.162481,-0.128458,-0.123349,0.116561,-0.245482,-0.029958,0.170203,-0.324949,-0.09154,0.153089,-0.240351,-0.115708,0.133777,-0.164348,-0.116445,0.057224,-0.260817,-0.044441,0.087644,-0.297124,-0.109579,0.072858,-0.17364,-0.117176,0.060726,-0.089874,-0.102829,-0.003651,-0.253722,-0.060201,0.030882,-0.267094,-0.105131,0.030984,-0.175464,-0.104917,0.026878,-0.110853,-0.092965,N
0.0,0.0,0.0,0.082535,-0.019051,-0.03438,0.147318,-0.137559,-0.054801,0.1258,-0.26553,-0.075522,0.097889,-0.356429,-0.092224,0.170945,-0.207129,-0.022707,0.216301,-0.260136,-0.079276,0.190988,-0.192393,-0.112403,0.163287,-0.126514,-0.124629,0.117227,-0.244265,-0.029146,0.171143,-0.323659,-0.091262,0.153942,-0.239984,-0.11593,0.134676,-0.164404,-0.116666,0.057625,-0.260616,-0.043204,0.088836,-0.294433,-0.109278,0.072343,-0.171335,-0.117242,0.059597,-0.088013,-0.102641,-0.003422,-0.254126,-0.058669,0.031868,-0.265743,-0.104014,0.030925,-0.173615,-0.103685,0.026716,-0.108874,-0.091344,N
0.0,0.0,0.0,0.083084,-0.020464,-0.033215,0.147272,-0.13867,-0.052954,0.126137,-0.266247,-0.073169,0.098248,-0.356011,-0.089699,0.172004,-0.203115,-0.021728,0.216229,-0.259192,-0.077451,0.192716,-0.192924,-0.110449,0.166053,-0.126638,-0.122904,0.118622,-0.240214,-0.028352,0.171002,-0.320284,-0.089509,0.154228,-0.236945,-0.114366,0.135226,-0.162367,-0.115686,0.059214,-0.257104,-0.042464,0.089001,-0.294804,-0.107324,0.073589,-0.173048,-0.115965,0.061738,-0.090381,-0.102383,-0.001945,-0.251487,-0.057904,0.031785,-0.265664,-0.102983,0.031375,-0.174412,-0.10361,0.027914,-0.109679,-0.092239,N
0.0,0.0,0.0,0.084416,-0.022505,-0.032816,0.14771,-0.141729,-0.052251,0.126577,-0.268386,-0.072428,0.098141,-0.357742,-0.088871,0.171355,-0.204335,-0.01974,0.216431,-0.258853,-0.076025,0.192789,-0.191892,-0.109822,0.165671,-0.126156,-0.122759,0.118319,-0.241159,-0.026692,0.171561,-0.320653,-0.088517,0.154994,-0.237744,-0.114252,0.135589,-0.163502,-0.116016,0.059009,-0.257832,-0.04127,0.089448,-0.296759,-0.106682,0.074606,-0.175106,-0.115842,0.062871,-0.092255,-0.10241,-0.002379,-0.2519,-0.057173,0.031933,-0.264649,-0.102603,0.031888,-0.173596,-0.103526,0.028571,-0.10918,-0.092269,N
0.0,0.0,0.0,0.084353,-0.018599,-0.03432,0.149224,-0.13625,-0.054707,0.12856,-0.264469,-0.075538,0.100281,-0.355075,-0.092658,0.174289,-0.202693,-0.02236,0.218944,-0.257268,-0.079551,0.194177,-0.190536,-0.113686,0.166389,-0.124401,-0.126662,0.120679,-0.240454,-0.028857,0.173669,-0.320725,-0.092138,0.155599,-0.23683,-0.11813,0.135013,-0.160812,-0.119633,0.061175,-0.257699,-0.043002,0.091583,-0.295356,-0.109532,0.07479,-0.173081,-0.118436,0.06189,-0.089803,-0.104487,-0.000138,-0.252318,-0.05857,0.034251,-0.26564,-0.104524,0.032445,-0.174097,-0.105046,0.027984,-0.109345,-0.093271,N
0.0,0.0,0.0,0.083553,-0.018575,-0.033824,0.14843,-0.135606,-0.053872,0.127988,-0.263172,-0.074281,0.100455,-0.353827,-0.090833,0.172086,-0.202544,-0.021934,0.217209,-0.254389,-0.078088,0.192139,-0.187799,-0.111314,0.164108,-0.122741,-0.123848,0.11901,-0.240457,-0.028509,0.172628,-0.31751,-0.090386,0.155071,-0.234438,-0.115401,0.135004,-0.159976,-0.116595,0.059888,-0.257855,-0.042631,0.09087,-0.293455,-0.108434,0.073986,-0.170979,-0.116622,0.060703,-0.087953,-0.102405,-0.001184,-0.25277,-0.058109,0.033566,-0.264325,-0.10387,0.032104,-0.17268,-0.10407,0.027566,-0.108469,-0.092136,N
0.0,0.0,0.0,0.083481,-0.017341,-0.033817,0.149725,-0.134306,-0.053808,0.129202,-0.263703,-0.074158,0.10107,-0.354788,-0.09065,0.174354,-0.201138,-0.02114,0.219482,-0.253554,-0.077131,0.19432,-0.187935,-0.110228,0.165949,-0.12295,-0.122651,0.12123,-0.239709,-0.027624,0.17524,-0.318004,-0.089389,0.157103,-0.235877,-0.114622,0.136372,-0.161448,-0.115907,0.061993,-0.257514,-0.041689,0.093124,-0.29412,-0.107287,0.075767,-0.172718,-0.115902,0.062248,-0.090027,-0.101958,0.000668,-0.252414,-0.057095,0.035565,-0.264499,-0.102683,0.033536,-0.172817,-0.103202,0.028846,-0.108324,-0.091521,N
0.0,0.0,0.0,0.083479,-0.017876,-0.033651,0.149274,-0.134529,-0.053448,0.129777,-0.261974,-0.073585,0.103534,-0.353245,-0.089908,0.174046,-0.200963,-0.021589,0.218684,-0.25337,-0.077861,0.194835,-0.188258,-0.111183,0.167464,-0.123146,-0.123723,0.12162,-0.239659,-0.028035,0.175616,-0.317767,-0.089976,0.158577,-0.235918,-0.115448,0.138812,-0.161621,-0.116909,0.062707,-0.25755,-0.042021,0.092939,-0.293218,-0.107939,0.076885,-0.172295,-0.117293,0.064502,-0.089533,-0.103773,0.001748,-0.252811,-0.057295,0.035782,-0.263376,-0.103344,0.03457,-0.17255,-0.10469,0.030489,-0.107938,-0.093519,N
0.0,0.0,0.0,0.08482,-0.019061,-0.032414,0.15051,-0.137261,-0.051125,0.129928,-0.266364,-0.070563,0.10298,-0.357011,-0.086152,0.174633,-0.202309,-0.017923,0.219948,-0.256799,-0.073157,0.195225,-0.191698,-0.106118,0.167173,-0.126337,-0.118514,0.121887,-0.240659,-0.024741,0.175614,-0.320669,-0.085482,0.157689,-0.238789,-0.110785,0.137274,-0.164332,-0.112256,0.062825,-0.258457,-0.039188,0.093402,-0.296764,-0.104096,0.076535,-0.175313,-0.113153,0.063285,-0.092592,-0.099578,0.001591,-0.253393,-0.054898,0.036362,-0.266898,-0.100138,0.034358,-0.175427,-0.100897,0.0294,-0.110837,-0.089438,N
0.0,0.0,0.0,0.083958,-0.018329,-0.033836,0.149342,-0.135921,-0.053635,0.129403,-0.263529,-0.073875,0.10228,-0.354431,-0.090224,0.174557,-0.204122,-0.020738,0.21916,-0.256023,-0.077047,0.194278,-0.190243,-0.110449,0.166086,-0.124996,-0.123003,0.121506,-0.242966,-0.027232,0.174907,-0.321239,-0.089236,0.15737,-0.238636,-0.114534,0.13733,-0.163685,-0.115753,0.062142,-0.260617,-0.041434,0.092837,-0.295609,-0.107509,0.075796,-0.173027,-0.116546,0.062694,-0.089565,-0.102695,0.000771,-0.254768,-0.056999,0.03514,-0.265847,-0.103004,0.033833,-0.174134,-0.104035,0.029858,-0.109264,-0.09259,N
0.0,0.0,0.0,0.084038,-0.018022,-0.03513,0.149666,-0.133386,-0.05573,0.131364,-0.260657,-0.076523,0.10458,-0.352181,-0.093397,0.174485,-0.200048,-0.023451,0.220373,-0.252687,-0.081081,0.196155,-0.186938,-0.114813,0.168515,-0.122208,-0.127322,0.121888,-0.239111,-0.029516,0.176801,-0.318273,-0.093187,0.159399,-0.23565,-0.118832,0.139867,-0.161687,-0.119974,0.062876,-0.25754,-0.043314,0.093911,-0.293303,-0.110872,0.076991,-0.17097,-0.120045,0.064414,-0.087861,-0.105913,0.001638,-0.253343,-0.058525,0.035743,-0.263896,-0.105593,0.034615,-0.172339,-0.10696,0.030936,-0.107399,-0.095533,N
0.0,0.0,0.0,0.083364,-0.011636,-0.036038,0.148286,-0.121542,-0.056964,0.130166,-0.245014,-0.078017,0.099556,-0.333611,-0.095748,0.1739,-0.19084,-0.024363,0.218088,-0.244907,-0.080882,0.196223,-0.183428,-0.114555,0.1691,-0.118215,-0.127205,0.122822,-0.230052,-0.029738,0.175634,-0.30792,-0.092626,0.159133,-0.228483,-0.118941,0.138239,-0.154452,-0.120517,0.064741,-0.249169,-0.042689,0.093798,-0.285229,-0.109513,0.076783,-0.166526,-0.119882,0.063731,-0.083911,-0.106678,0.004052,-0.245742,-0.057094,0.037054,-0.255515,-0.10377,0.034496,-0.166483,-0.105445,0.029085,-0.102323,-0.094271,N
0.0,0.0,0.0,0.081822,-0.012606,-0.036852,0.147615,-0.123174,-0.058319,0.129002,-0.247538,-0.079671,0.099597,-0.337443,-0.097281,0.172667,-0.194483,-0.026824,0.217013,-0.246843,-0.084343,0.193619,-0.18162,-0.117771,0.166343,-0.11719,-0.130055,0.120841,-0.232835,-0.032192,0.173258,-0.310421,-0.09557,0.157251,-0.228043,-0.121094,0.137854,-0.154137,-0.122245,0.062112,-0.250783,-0.045206,0.091883,-0.285663,-0.112872,0.075396,-0.165198,-0.122302,0.062507,-0.083462,-0.108455,0.001157,-0.246853,-0.05973,0.035065,-0.25526,-0.1072,0.033481,-0.164951,-0.108556,0.028413,-0.10126,-0.09704,N
0.0,0.0,0.0,0.083905,-0.012986,-0.035664,0.148605,-0.121889,-0.057049,0.130184,-0.24503,-0.078588,0.100081,-0.333474,-0.096792,0.173396,-0.192468,-0.026066,0.218367,-0.246784,-0.082709,0.196267,-0.183499,-0.116302,0.169614,-0.118072,-0.128991,0.121649,-0.231014,-0.031798,0.175517,-0.309229,-0.094568,0.158779,-0.227244,-0.120432,0.13821,-0.15301,-0.121956,0.06317,-0.249829,-0.044952,0.093595,-0.286362,-0.111504,0.0769,-0.166467,-0.121318,0.063676,-0.084339,-0.107981,0.002275,-0.246809,-0.059521,0.036107,-0.257675,-0.105725,0.034558,-0.1681,-0.106916,0.029393,-0.103876,-0.095609,N
0.0,0.0,0.0,0.084256,-0.015358,-0.035491,0.150102,-0.127209,-0.056246,0.132102,-0.252571,-0.07716,0.103547,-0.342891,-0.094311,0.17449,-0.193595,-0.024577,0.219558,-0.248967,-0.081595,0.19611,-0.184463,-0.114752,0.169287,-0.119861,-0.126897,0.12274,-0.232525,-0.030203,0.175961,-0.310907,-0.093429,0.158496,-0.227992,-0.118881,0.138789,-0.15448,-0.119896,0.064463,-0.251656,-0.043439,0.094156,-0.288247,-0.11038,0.076788,-0.167459,-0.119539,0.063991,-0.085572,-0.1055,0.003562,-0.249022,-0.058098,0.037205,-0.260532,-0.104337,0.035542,-0.170028,-0.105311,0.030923,-0.105418,-0.093694,N
0.0,0.0,0.0,0.082856,-0.016491,-0.034645,0.148312,-0.127241,-0.055256,0.131868,-0.249823,-0.076169,0.104183,-0.338233,-0.093459,0.174417,-0.192917,-0.025263,0.219491,-0.247635,-0.081489,0.196111,-0.183631,-0.114152,0.168932,-0.119079,-0.126275,0.122822,-0.231303,-0.031534,0.176007,-0.310116,-0.094171,0.158544,-0.227232,-0.119373,0.138271,-0.153179,-0.120607,0.064275,-0.250348,-0.045225,0.094163,-0.285017,-0.111955,0.076939,-0.164257,-0.121571,0.064121,-0.082497,-0.108219,0.003223,-0.247161,-0.060238,0.036752,-0.258832,-0.106581,0.035362,-0.168461,-0.10804,0.031,-0.103741,-0.097064,N
0.0,0.0,0.0,0.083347,-0.015023,-0.033724,0.149672,-0.125609,-0.053696,0.131074,-0.252211,-0.074134,0.103024,-0.341183,-0.091024,0.176095,-0.191417,-0.02264,0.220754,-0.246184,-0.077832,0.196264,-0.182734,-0.110342,0.168937,-0.118405,-0.122793,0.124643,-0.230832,-0.029226,0.177704,-0.309592,-0.090672,0.159197,-0.227562,-0.115665,0.138368,-0.154114,-0.1171,0.066429,-0.250438,-0.043313,0.096244,-0.286343,-0.108996,0.077936,-0.165943,-0.118431,0.064345,-0.084425,-0.10529,0.005628,-0.247372,-0.058731,0.039191,-0.259043,-0.104437,0.036937,-0.168096,-0.105867,0.032434,-0.103521,-0.09515,N
0.0,0.0,0.0,0.08286,-0.014389,-0.033583,0.148698,-0.124832,-0.05345,0.131041,-0.250749,-0.073825,0.103799,-0.339536,-0.090791,0.174455,-0.191403,-0.022325,0.219651,-0.245373,-0.077291,0.195735,-0.182609,-0.109657,0.168105,-0.118563,-0.121793,0.123209,-0.230451,-0.028786,0.177197,-0.309192,-0.089617,0.159482,-0.228305,-0.114591,0.138709,-0.15483,-0.116012,0.06524,-0.250022,-0.042685,0.096086,-0.283776,-0.108186,0.077509,-0.163812,-0.117792,0.063239,-0.082338,-0.104632,0.004608,-0.247069,-0.057848,0.038973,-0.259207,-0.103435,0.036296,-0.168694,-0.104635,0.030847,-0.104048,-0.093605,N
0.0,0.0,0.0,0.083378,-0.014855,-0.033836,0.149625,-0.125503,-0.0539,0.132202,-0.251528,-0.074471,0.104672,-0.34036,-0.091559,0.175736,-0.190244,-0.023115,0.221101,-0.245568,-0.078134,0.197143,-0.183411,-0.110537,0.169493,-0.119135,-0.12279,0.124691,-0.229928,-0.029495,0.17863,-0.309365,-0.090695,0.160305,-0.228567,-0.115645,0.13886,-0.155451,-0.11702,0.06686,-0.25033,-0.043311,0.097135,-0.285604,-0.108896,0.078312,-0.165073,-0.11854,0.063924,-0.083013,-0.10543,0.006465,-0.248072,-0.058456,0.040474,-0.260025,-0.104006,0.037802,-0.169349,-0.105498,0.032422,-0.104402,-0.094776,N
0.0,0.0,0.0,0.085303,-0.019212,-0.031953,0.151541,-0.135103,-0.051022,0.131577,-0.263363,-0.070704,0.103683,-0.35324,-0.08666,0.176017,-0.199093,-0.020797,0.221206,-0.254057,-0.075199,0.194414,-0.189191,-0.107144,0.166176,-0.124683,-0.11916,0.123445,-0.237098,-0.027778,0.176534,-0.316932,-0.087674,0.157283,-0.233795,-0.111519,0.136941,-0.160088,-0.112495,0.064514,-0.255459,-0.042105,0.094788,-0.293727,-0.10591,0.076699,-0.171156,-0.113793,0.062908,-0.088755,-0.100065,0.003211,-0.251191,-0.057687,0.037489,-0.267312,-0.101771,0.035536,-0.176011,-0.101906,0.030506,-0.111148,-0.090572,N
0.0,0.0,0.0,0.084942,-0.01687,-0.033467,0.149664,-0.126855,-0.053752,0.133806,-0.251506,-0.07509,0.106432,-0.340387,-0.093243,0.1758,-0.190683,-0.020558,0.220704,-0.245474,-0.076996,0.197428,-0.182054,-0.11146,0.1709,-0.116402,-0.125002,0.124558,-0.228129,-0.027535,0.178399,-0.306012,-0.090267,0.160713,-0.223811,-0.11708,0.139705,-0.149025,-0.119519,0.066888,-0.247092,-0.042141,0.09708,-0.281977,-0.107945,0.079187,-0.16255,-0.118201,0.065273,-0.08101,-0.105469,0.00626,-0.244397,-0.058238,0.039827,-0.25694,-0.102911,0.03697,-0.16757,-0.103971,0.031519,-0.103175,-0.093039,N
0.0,0.0,0.0,0.086312,-0.020152,-0.032413,0.15096,-0.132704,-0.051867,0.135104,-0.258598,-0.072566,0.108457,-0.348154,-0.089861,0.178241,-0.191628,-0.018031,0.223806,-0.24716,-0.074187,0.199423,-0.184016,-0.108264,0.171973,-0.11874,-0.121336,0.126803,-0.229979,-0.025164,0.181253,-0.308707,-0.087647,0.162184,-0.227113,-0.114316,0.140805,-0.153176,-0.116495,0.068596,-0.249643,-0.039943,0.098161,-0.28567,-0.105474,0.079504,-0.165446,-0.115432,0.065947,-0.08357,-0.10232,0.007389,-0.247206,-0.056121,0.041311,-0.26244,-0.100224,0.038061,-0.172766,-0.100814,0.032749,-0.107376,-0.0895,N
0.0,0.0,0.0,0.083235,-0.017267,-0.033442,0.148752,-0.128339,-0.053969,0.130711,-0.255865,-0.075142,0.10322,-0.345121,-0.092607,0.175519,-0.195238,-0.023382,0.221523,-0.250088,-0.079796,0.194436,-0.184474,-0.112945,0.165831,-0.118728,-0.125547,0.122881,-0.233578,-0.030517,0.177191,-0.313192,-0.093706,0.157036,-0.228293,-0.119094,0.135768,-0.151755,-0.120429,0.064571,-0.252255,-0.045133,0.095028,-0.288392,-0.111519,0.076601,-0.166239,-0.120512,0.063278,-0.082702,-0.106937,0.004178,-0.248313,-0.06114,0.037766,-0.262513,-0.106297,0.03501,-0.171941,-0.106921,0.030199,-0.106888,-0.095733,N
0.0,0.0,-1e-06,-0.081917,-0.047622,-0.058868,-0.129394,-0.189065,-0.084233,-0.10792,-0.317797,-0.10307,-0.068189,-0.417098,-0.112602,-0.164399,-0.324023,-0.050128,-0.207689,-0.326071,-0.120091,-0.170928,-0.220996,-0.161258,-0.134238,-0.135422,-0.178608,-0.095207,-0.373866,-0.043543,-0.143232,-0.405972,-0.116599,-0.124315,-0.287016,-0.136865,-0.102388,-0.183847,-0.131651,-0.020891,-0.379764,-0.046499,-0.051967,-0.297448,-0.115775,-0.048233,-0.159006,-0.112982,-0.04395,-0.073655,-0.090843,0.046777,-0.34925,-0.056618,0.018595,-0.236382,-0.098624,0.008084,-0.140426,-0.098789,0.005474,-0.094947,-0.086687,N
0.0,0.0,-1e-06,-0.081951,-0.046915,-0.057462,-0.129767,-0.18646,-0.082625,-0.109612,-0.31554,-0.101138,-0.071999,-0.415578,-0.110299,-0.166631,-0.320325,-0.051078,-0.208651,-0.322963,-0.119667,-0.171843,-0.219238,-0.159823,-0.135673,-0.134465,-0.177075,-0.099158,-0.370795,-0.045227,-0.146069,-0.405529,-0.116991,-0.126073,-0.28635,-0.136627,-0.103941,-0.18279,-0.131431,-0.025313,-0.37691,-0.048438,-0.056785,-0.295904,-0.115878,-0.050922,-0.158866,-0.112447,-0.045356,-0.074928,-0.090728,0.042828,-0.346444,-0.058708,0.014695,-0.232277,-0.099559,0.005851,-0.138738,-0.09959,0.004369,-0.095983,-0.087924,N
0.0,0.0,-1e-06,-0.082444,-0.048168,-0.054978,-0.130741,-0.184722,-0.079325,-0.110642,-0.312559,-0.097688,-0.073623,-0.411808,-0.106508,-0.162607,-0.319958,-0.046378,-0.206363,-0.317555,-0.114809,-0.169967,-0.21014,-0.154306,-0.133585,-0.126536,-0.170943,-0.09594,-0.367803,-0.041851,-0.14433,-0.398992,-0.114438,-0.125353,-0.278676,-0.133941,-0.102513,-0.177248,-0.128261,-0.024286,-0.372153,-0.046483,-0.055955,-0.290446,-0.113881,-0.051726,-0.153457,-0.109378,-0.046862,-0.071308,-0.086696,0.041371,-0.341313,-0.058081,0.013206,-0.227576,-0.098366,0.004157,-0.135126,-0.097687,0.001914,-0.094723,-0.085406,N
0.0,0.0,-1e-06,-0.080737,-0.048386,-0.057705,-0.127462,-0.185907,-0.082569,-0.108213,-0.313898,-0.100972,-0.072204,-0.414489,-0.110254,-0.16633,-0.3189,-0.047458,-0.210732,-0.31563,-0.115691,-0.172631,-0.210114,-0.155537,-0.134618,-0.12657,-0.172063,-0.099303,-0.367898,-0.041038,-0.148614,-0.398217,-0.112453,-0.127256,-0.278026,-0.132112,-0.103018,-0.175829,-0.126629,-0.026623,-0.374564,-0.044038,-0.0584,-0.29513,-0.111941,-0.051914,-0.157683,-0.109009,-0.046103,-0.073362,-0.087119,0.040336,-0.345301,-0.054052,0.013393,-0.234256,-0.094886,0.003535,-0.13805,-0.09452,-0.000614,-0.092524,-0.082315,N
0.0,0.0,-1e-06,-0.083093,-0.046922,-0.052707,-0.130987,-0.182735,-0.076781,-0.109162,-0.307148,-0.095172,-0.070962,-0.404073,-0.104382,-0.162336,-0.31707,-0.046539,-0.205717,-0.313011,-0.11335,-0.169752,-0.205959,-0.151702,-0.13403,-0.122863,-0.167582,-0.096198,-0.363985,-0.042834,-0.144064,-0.397249,-0.113103,-0.126087,-0.277661,-0.131159,-0.104053,-0.175069,-0.1247,-0.0246,-0.368333,-0.047833,-0.056521,-0.288694,-0.112381,-0.052754,-0.151776,-0.107056,-0.048036,-0.068085,-0.084467,0.041658,-0.33745,-0.059633,0.012062,-0.2262,-0.097615,0.002306,-0.133206,-0.095836,-6.2e-05,-0.090116,-0.083248,N
0.0,0.0,-1e-06,-0.082448,-0.045709,-0.053132,-0.1296,-0.183316,-0.077288,-0.107084,-0.308246,-0.095668,-0.0688,-0.405759,-0.104914,-0.162666,-0.315654,-0.048027,-0.206749,-0.31339,-0.114989,-0.17036,-0.206547,-0.153008,-0.134094,-0.123327,-0.168621,-0.096303,-0.362979,-0.04415,-0.144403,-0.398486,-0.115084,-0.126067,-0.278774,-0.133283,-0.103604,-0.176105,-0.12679,-0.024262,-0.367991,-0.048849,-0.055679,-0.289834,-0.113522,-0.05163,-0.152091,-0.107903,-0.046589,-0.068552,-0.085183,0.042242,-0.338399,-0.06039,0.013312,-0.226186,-0.098242,0.004034,-0.132532,-0.096399,0.002443,-0.090302,-0.083881,N
0.0,0.0,-1e-06,-0.081927,-0.046497,-0.054235,-0.129106,-0.183291,-0.07884,-0.108005,-0.309933,-0.097582,-0.070157,-0.408636,-0.107223,-0.162904,-0.317588,-0.048357,-0.207253,-0.314608,-0.116581,-0.169697,-0.209589,-0.156214,-0.132841,-0.126348,-0.172761,-0.096437,-0.365279,-0.044099,-0.145007,-0.397347,-0.1153,-0.125817,-0.279678,-0.134384,-0.103264,-0.177498,-0.128758,-0.024337,-0.370684,-0.048698,-0.056146,-0.290262,-0.114608,-0.051518,-0.153807,-0.109961,-0.046053,-0.070124,-0.087625,0.041964,-0.340899,-0.060198,0.013112,-0.229312,-0.099269,0.003339,-0.135023,-0.097744,0.001408,-0.090881,-0.085145,N
0.0,0.0,-1e-06,-0.08145,-0.04391,-0.053434,-0.128389,-0.180367,-0.077894,-0.107993,-0.308077,-0.096206,-0.072512,-0.40916,-0.105237,-0.162687,-0.312142,-0.050659,-0.209716,-0.313113,-0.1169,-0.172431,-0.207786,-0.154156,-0.136151,-0.125938,-0.169622,-0.097126,-0.361381,-0.046611,-0.147309,-0.395805,-0.116721,-0.126438,-0.277293,-0.134514,-0.103444,-0.176228,-0.128441,-0.025457,-0.366729,-0.050873,-0.059282,-0.290826,-0.114679,-0.053455,-0.15402,-0.108045,-0.047899,-0.071163,-0.08536,0.040828,-0.337045,-0.061974,0.010398,-0.226601,-0.100169,0.00188,-0.133932,-0.09828,0.00048,-0.091987,-0.085912,N
0.0,0.0,-1e-06,-0.081957,-0.045282,-0.052802,-0.129085,-0.182577,-0.077035,-0.107508,-0.308659,-0.095356,-0.069523,-0.407669,-0.104569,-0.163849,-0.313623,-0.04953,-0.209318,-0.312308,-0.115666,-0.171587,-0.207597,-0.153188,-0.13521,-0.126063,-0.168838,-0.097855,-0.361516,-0.045695,-0.147186,-0.396655,-0.11558,-0.127042,-0.278525,-0.133473,-0.104208,-0.177012,-0.127514,-0.025987,-0.367364,-0.050181,-0.057974,-0.291467,-0.113688,-0.052802,-0.154912,-0.107497,-0.047882,-0.071512,-0.085138,0.040292,-0.338507,-0.061506,0.011275,-0.228454,-0.099174,0.002664,-0.134872,-0.097223,0.000817,-0.091453,-0.084997,N
0.0,0.0,-1e-06,-0.082627,-0.049191,-0.054771,-0.129874,-0.186839,-0.078837,-0.108533,-0.314505,-0.097036,-0.070698,-0.413208,-0.105771,-0.160374,-0.320153,-0.046315,-0.205556,-0.322166,-0.114304,-0.169964,-0.214717,-0.153339,-0.134455,-0.129981,-0.169379,-0.09421,-0.368501,-0.041487,-0.143517,-0.401669,-0.112529,-0.124978,-0.282436,-0.130967,-0.102826,-0.180729,-0.124714,-0.022858,-0.373323,-0.045935,-0.055996,-0.293259,-0.112291,-0.051015,-0.157049,-0.107988,-0.044787,-0.073931,-0.085561,0.042934,-0.342674,-0.057341,0.012412,-0.230357,-0.097001,0.003667,-0.13784,-0.096589,0.00288,-0.095561,-0.084583,N
0.0,0.0,-1e-06,-0.080429,-0.042869,-0.053925,-0.125502,-0.181817,-0.077749,-0.103373,-0.309032,-0.095289,-0.065501,-0.406577,-0.103572,-0.15694,-0.312386,-0.050544,-0.200343,-0.316613,-0.117036,-0.166109,-0.211302,-0.154247,-0.131257,-0.12859,-0.16952,-0.089785,-0.359463,-0.045946,-0.137664,-0.400588,-0.115762,-0.121233,-0.282774,-0.132858,-0.100894,-0.181681,-0.126011,-0.018022,-0.364304,-0.049906,-0.051418,-0.288985,-0.113649,-0.048644,-0.153552,-0.107743,-0.04453,-0.072644,-0.085279,0.047771,-0.33472,-0.060728,0.016592,-0.225112,-0.097683,0.006038,-0.133509,-0.09588,0.003819,-0.093324,-0.083884,N
0.0,0.0,-1e-06,-0.082279,-0.04731,-0.05733,-0.128537,-0.18468,-0.081943,-0.106517,-0.310764,-0.100065,-0.068154,-0.408004,-0.109047,-0.161269,-0.316208,-0.04838,-0.202847,-0.319939,-0.11599,-0.167249,-0.215143,-0.155114,-0.131574,-0.130828,-0.171449,-0.094503,-0.364666,-0.042035,-0.141177,-0.401427,-0.112497,-0.122483,-0.283708,-0.131241,-0.100364,-0.182434,-0.125482,-0.022546,-0.370209,-0.045039,-0.053454,-0.293725,-0.112361,-0.048992,-0.157279,-0.108952,-0.043461,-0.073758,-0.086972,0.043893,-0.340127,-0.055016,0.015,-0.229922,-0.095741,0.005122,-0.135776,-0.095715,0.003088,-0.091935,-0.083907,N
0.0,0.0,-1e-06,-0.080869,-0.047197,-0.055082,-0.126341,-0.185645,-0.079161,-0.105145,-0.313636,-0.096993,-0.067318,-0.411923,-0.105604,-0.158673,-0.31811,-0.048346,-0.201095,-0.317952,-0.116102,-0.166039,-0.214135,-0.155309,-0.130909,-0.131076,-0.17159,-0.092053,-0.364734,-0.043218,-0.139238,-0.399401,-0.114295,-0.121752,-0.283042,-0.13323,-0.100902,-0.181273,-0.127351,-0.020164,-0.369601,-0.04706,-0.052691,-0.290697,-0.113102,-0.048843,-0.156544,-0.10906,-0.043959,-0.074358,-0.086911,0.04556,-0.339754,-0.057803,0.015905,-0.230135,-0.096545,0.005711,-0.138217,-0.095483,0.003668,-0.095841,-0.083221,N
0.0,0.0,-1e-06,-0.082877,-0.047574,-0.055092,-0.129219,-0.184855,-0.079219,-0.107812,-0.311764,-0.09702,-0.06982,-0.409485,-0.105485,-0.159112,-0.319174,-0.04867,-0.203725,-0.321647,-0.115139,-0.168414,-0.215022,-0.152794,-0.133253,-0.131115,-0.168292,-0.092858,-0.366923,-0.043373,-0.141773,-0.401352,-0.113101,-0.123005,-0.282534,-0.130998,-0.101301,-0.181119,-0.12479,-0.021664,-0.371213,-0.046946,-0.05558,-0.293179,-0.112322,-0.050493,-0.157547,-0.107822,-0.044911,-0.074314,-0.085732,0.043719,-0.340382,-0.057397,0.012623,-0.229501,-0.09676,0.003672,-0.137251,-0.096174,0.002321,-0.094455,-0.084236,N
0.0,0.0,-1e-06,-0.080604,-0.043246,-0.054714,-0.12628,-0.182798,-0.078367,-0.104116,-0.309457,-0.095631,-0.065915,-0.406044,-0.103434,-0.158018,-0.31391,-0.050022,-0.201518,-0.31714,-0.11608,-0.166521,-0.212066,-0.153146,-0.131487,-0.129542,-0.16856,-0.090984,-0.361501,-0.044919,-0.139611,-0.400744,-0.115007,-0.122084,-0.283514,-0.132584,-0.10116,-0.183087,-0.126163,-0.01922,-0.366108,-0.048464,-0.053488,-0.291678,-0.112852,-0.049689,-0.155984,-0.107171,-0.045283,-0.074361,-0.084754,0.046105,-0.336219,-0.058924,0.014626,-0.226644,-0.097189,0.005629,-0.136377,-0.096232,0.004476,-0.097089,-0.084568,N
0.0,0.0,-1e-06,-0.08236,-0.047316,-0.053776,-0.128655,-0.185978,-0.077538,-0.105855,-0.312784,-0.095441,-0.066149,-0.408957,-0.104147,-0.157936,-0.314197,-0.048507,-0.202686,-0.320725,-0.115501,-0.168337,-0.216157,-0.153353,-0.133411,-0.132613,-0.168751,-0.091308,-0.36119,-0.043924,-0.140565,-0.401711,-0.114345,-0.123409,-0.286069,-0.132692,-0.102082,-0.184594,-0.12662,-0.020015,-0.366755,-0.048079,-0.052874,-0.289849,-0.113411,-0.049318,-0.15526,-0.109195,-0.044599,-0.072642,-0.08713,0.045339,-0.338304,-0.059006,0.015736,-0.229178,-0.097157,0.005411,-0.137628,-0.096106,0.002942,-0.095107,-0.084104,N
0.0,0.0,-1e-06,-0.083727,-0.051145,-0.054009,-0.130794,-0.189862,-0.077497,-0.108102,-0.316993,-0.095226,-0.068562,-0.413878,-0.103813,-0.159506,-0.320835,-0.044637,-0.202158,-0.327511,-0.111626,-0.167538,-0.220694,-0.150041,-0.132978,-0.134322,-0.165534,-0.093678,-0.367953,-0.039802,-0.140857,-0.405803,-0.109639,-0.12243,-0.286899,-0.12778,-0.100399,-0.184403,-0.121171,-0.022536,-0.372471,-0.044192,-0.054892,-0.29561,-0.110833,-0.049993,-0.159841,-0.107627,-0.043679,-0.076385,-0.085466,0.043394,-0.341782,-0.055226,0.012242,-0.232442,-0.095031,0.002629,-0.138429,-0.094573,0.001223,-0.093797,-0.082236,N
0.0,0.0,-1e-06,-0.08245,-0.050294,-0.053723,-0.127869,-0.188497,-0.077491,-0.10446,-0.314601,-0.095485,-0.064256,-0.409772,-0.104383,-0.156243,-0.316078,-0.047552,-0.201066,-0.321352,-0.114765,-0.167804,-0.216585,-0.152945,-0.133591,-0.13364,-0.168516,-0.089694,-0.362778,-0.042917,-0.138214,-0.401957,-0.113129,-0.121823,-0.285725,-0.131257,-0.101129,-0.184627,-0.125075,-0.018638,-0.368063,-0.047166,-0.052082,-0.290902,-0.112239,-0.049055,-0.157877,-0.108145,-0.044447,-0.076105,-0.086229,0.046527,-0.339266,-0.058222,0.016354,-0.229449,-0.095766,0.006097,-0.138737,-0.094707,0.004153,-0.096554,-0.08279,N
0.0,0.0,-1e-06,-0.082992,-0.051932,-0.053994,-0.129139,-0.190458,-0.077413,-0.105866,-0.316706,-0.095138,-0.066179,-0.41231,-0.103794,-0.15761,-0.319641,-0.044528,-0.201036,-0.324166,-0.11195,-0.167201,-0.217813,-0.150873,-0.132841,-0.132478,-0.166622,-0.09175,-0.366402,-0.039699,-0.139182,-0.403323,-0.109753,-0.122116,-0.28677,-0.128248,-0.100631,-0.185248,-0.121992,-0.020895,-0.371171,-0.044156,-0.052904,-0.293448,-0.110667,-0.049542,-0.158909,-0.107559,-0.044069,-0.075556,-0.085535,0.044191,-0.341191,-0.055344,0.013805,-0.232085,-0.094827,0.003739,-0.138972,-0.094287,0.00247,-0.094492,-0.081994,N
0.0,0.0,-1e-06,-0.083235,-0.050386,-0.055126,-0.129788,-0.186486,-0.079312,-0.106677,-0.310658,-0.097435,-0.067382,-0.405831,-0.106471,-0.15846,-0.320266,-0.045817,-0.200232,-0.321857,-0.112941,-0.165913,-0.215894,-0.151906,-0.132258,-0.130572,-0.167921,-0.092082,-0.366585,-0.040502,-0.138415,-0.401358,-0.110678,-0.121509,-0.283506,-0.129702,-0.101085,-0.181623,-0.123902,-0.02096,-0.370107,-0.044339,-0.053814,-0.291577,-0.110171,-0.051084,-0.156292,-0.106755,-0.046931,-0.07304,-0.084944,0.044255,-0.338676,-0.055018,0.01236,-0.22748,-0.094275,0.002263,-0.135072,-0.093737,0.000384,-0.092105,-0.081593,N
0.0,0.0,-1e-06,-0.084349,-0.049264,-0.052985,-0.130385,-0.188038,-0.075641,-0.106056,-0.312671,-0.092687,-0.064152,-0.405479,-0.100786,-0.155267,-0.318749,-0.044509,-0.199377,-0.325827,-0.109387,-0.167376,-0.218349,-0.145591,-0.13444,-0.134617,-0.16008,-0.088768,-0.364528,-0.039856,-0.136531,-0.40673,-0.108331,-0.121608,-0.286954,-0.125366,-0.101935,-0.184855,-0.118151,-0.01844,-0.367678,-0.044023,-0.053323,-0.295411,-0.108374,-0.050846,-0.159925,-0.104273,-0.046064,-0.076646,-0.082217,0.046119,-0.336883,-0.054827,0.013767,-0.227914,-0.092783,0.003761,-0.136812,-0.092261,0.002554,-0.0949,-0.080502,N
0.0,0.0,-1e-06,-0.081017,-0.053129,-0.054395,-0.125987,-0.192511,-0.077875,-0.103181,-0.319392,-0.095568,-0.062686,-0.415136,-0.104104,-0.155702,-0.323413,-0.045029,-0.197742,-0.333513,-0.111685,-0.165136,-0.226191,-0.149867,-0.13268,-0.14037,-0.165263,-0.088987,-0.369063,-0.039601,-0.135775,-0.408568,-0.109192,-0.119796,-0.289107,-0.127321,-0.100319,-0.18596,-0.120836,-0.017256,-0.372944,-0.043349,-0.051611,-0.299227,-0.109241,-0.049006,-0.165282,-0.106487,-0.044439,-0.081424,-0.084977,0.049231,-0.34284,-0.053776,0.016994,-0.234287,-0.092901,0.006054,-0.142797,-0.093008,0.004108,-0.098912,-0.081391,N
0.0,0.0,-1e-06,-0.082934,-0.052569,-0.055788,-0.127666,-0.190948,-0.079237,-0.104204,-0.31928,-0.096409,-0.063239,-0.41662,-0.104671,-0.153542,-0.328172,-0.043425,-0.193771,-0.330584,-0.109532,-0.161601,-0.224648,-0.148131,-0.129749,-0.137546,-0.163686,-0.086401,-0.372106,-0.036973,-0.131271,-0.406284,-0.104192,-0.11653,-0.290302,-0.12213,-0.098022,-0.189542,-0.11625,-0.015212,-0.374251,-0.040025,-0.048582,-0.297221,-0.105637,-0.047131,-0.165654,-0.103564,-0.042945,-0.083273,-0.082698,0.051085,-0.341237,-0.049788,0.018385,-0.233894,-0.089478,0.006337,-0.140355,-0.089538,0.003515,-0.094834,-0.07774,N
0.0,0.0,-1e-06,-0.08236,-0.051351,-0.055498,-0.128036,-0.189245,-0.079136,-0.104746,-0.3158,-0.096637,-0.063124,-0.410286,-0.104769,-0.15612,-0.322826,-0.045807,-0.197575,-0.329214,-0.111752,-0.165074,-0.222524,-0.149315,-0.132932,-0.13682,-0.164568,-0.089633,-0.369065,-0.039803,-0.134879,-0.404693,-0.108187,-0.118884,-0.287053,-0.125527,-0.099687,-0.1861,-0.119138,-0.018491,-0.372817,-0.043115,-0.050445,-0.296578,-0.108765,-0.048437,-0.164012,-0.105687,-0.044495,-0.081372,-0.08436,0.048039,-0.341362,-0.053252,0.018051,-0.231662,-0.093138,0.006617,-0.139654,-0.093651,0.003659,-0.095521,-0.082413,N
0.0,0.0,-1e-06,-0.083001,-0.05036,-0.056502,-0.128014,-0.18916,-0.080006,-0.104592,-0.317343,-0.097004,-0.065076,-0.414634,-0.104794,-0.155819,-0.323228,-0.045206,-0.197222,-0.330102,-0.110943,-0.164736,-0.223091,-0.148009,-0.131795,-0.136354,-0.162495,-0.089276,-0.368726,-0.038362,-0.135347,-0.408741,-0.106175,-0.1194,-0.291574,-0.123196,-0.099326,-0.190599,-0.116221,-0.018257,-0.371829,-0.04098,-0.052135,-0.297391,-0.106888,-0.048843,-0.163653,-0.104058,-0.04317,-0.080772,-0.082339,0.048327,-0.339639,-0.050345,0.015465,-0.234382,-0.089948,0.004107,-0.141214,-0.089916,0.001426,-0.096303,-0.077991,N
0.0,0.0,0.0,0.108114,-0.018659,0.014147,0.194736,-0.093863,0.020863,0.260848,-0.134243,0.01541,0.273866,-0.178043,0.009453,0.131364,-0.269892,0.043051,0.186764,-0.356622,0.01415,0.24225,-0.313864,-0.012849,0.269723,-0.247315,-0.02731,0.103541,-0.287368,0.016758,0.172239,-0.399795,-0.019909,0.238765,-0.348042,-0.050007,0.266987,-0.265642,-0.063467,0.073296,-0.292944,-0.01436,0.145479,-0.406406,-0.049329,0.221215,-0.354607,-0.07191,0.262882,-0.275539,-0.079074,0.04533,-0.282553,-0.045461,0.121816,-0.361333,-0.074944,0.189793,-0.339532,-0.09149,0.23859,-0.28925,-0.098476,O
0.0,0.0,0.0,0.113352,-0.022994,0.018404,0.198452,-0.093228,0.025561,0.266139,-0.13096,0.01909,0.277182,-0.177449,0.011817,0.137325,-0.272104,0.049318,0.195877,-0.354385,0.019839,0.247938,-0.309499,-0.009017,0.271813,-0.243112,-0.024946,0.108317,-0.290531,0.019701,0.177849,-0.402158,-0.018466,0.24184,-0.349172,-0.051006,0.26735,-0.265921,-0.0662,0.076792,-0.296204,-0.014725,0.149111,-0.40947,-0.05083,0.222801,-0.355291,-0.075114,0.262368,-0.274791,-0.083501,0.047776,-0.285411,-0.048899,0.123974,-0.364669,-0.079439,0.19149,-0.340373,-0.097195,0.240709,-0.287727,-0.105217,O
0.0,0.0,0.0,0.109175,-0.020981,0.015486,0.197543,-0.094248,0.022687,0.26609,-0.135227,0.017358,0.27209,-0.176829,0.011488,0.134808,-0.274934,0.046661,0.190943,-0.357838,0.019625,0.24439,-0.31341,-0.006902,0.26981,-0.247204,-0.021543,0.106043,-0.292981,0.01963,0.173474,-0.405911,-0.016019,0.238298,-0.353684,-0.045945,0.265638,-0.271811,-0.059516,0.075003,-0.298655,-0.012133,0.146652,-0.413374,-0.046757,0.221164,-0.358975,-0.069805,0.261562,-0.278266,-0.077526,0.046802,-0.287717,-0.043832,0.123985,-0.36397,-0.073552,0.191959,-0.337357,-0.090675,0.241256,-0.283608,-0.098337,O
0.0,0.0,0.0,0.108915,-0.020824,0.014605,0.195944,-0.09523,0.021397,0.263183,-0.135684,0.015611,0.272625,-0.180664,0.009202,0.134433,-0.274006,0.046162,0.190985,-0.358414,0.016503,0.24444,-0.313513,-0.012226,0.269465,-0.245767,-0.027853,0.106215,-0.291557,0.019398,0.174782,-0.402968,-0.018671,0.239521,-0.3487,-0.050608,0.265945,-0.264871,-0.065121,0.07517,-0.297919,-0.012385,0.147693,-0.411794,-0.048542,0.222629,-0.356765,-0.072744,0.262996,-0.274845,-0.080763,0.046351,-0.288601,-0.044151,0.123961,-0.366072,-0.074293,0.192402,-0.339658,-0.091761,0.241504,-0.285084,-0.099452,O
0.0,0.0,0.0,0.110618,-0.020143,0.014252,0.199491,-0.093723,0.019523,0.268952,-0.133707,0.012466,0.276052,-0.183162,0.005093,0.131493,-0.276238,0.043782,0.188732,-0.362141,0.014795,0.246238,-0.317678,-0.012885,0.275016,-0.250167,-0.027931,0.103045,-0.294041,0.016884,0.174425,-0.405348,-0.019807,0.24279,-0.351745,-0.050278,0.272525,-0.268394,-0.064162,0.074,-0.298544,-0.014809,0.149523,-0.409704,-0.049017,0.226421,-0.356547,-0.07144,0.267995,-0.277045,-0.078866,0.048743,-0.285937,-0.046711,0.12698,-0.363471,-0.074983,0.1952,-0.341074,-0.091056,0.244152,-0.290746,-0.098104,O
0.0,0.0,0.0,0.108752,-0.019145,0.012345,0.197365,-0.09087,0.017278,0.26576,-0.130362,0.010555,0.272548,-0.180753,0.003579,0.133565,-0.269706,0.039499,0.19182,-0.353142,0.009736,0.245635,-0.307147,-0.017672,0.271009,-0.239462,-0.032316,0.105051,-0.288377,0.013839,0.175055,-0.401506,-0.023241,0.240372,-0.348396,-0.053151,0.268024,-0.265582,-0.066778,0.07455,-0.29437,-0.016604,0.147544,-0.409462,-0.051608,0.221586,-0.356048,-0.073891,0.26159,-0.275717,-0.081238,0.047116,-0.284276,-0.047248,0.123241,-0.363634,-0.076492,0.190539,-0.340288,-0.092844,0.23899,-0.288603,-0.100081,O
0.0,0.0,0.0,0.1069,-0.017476,0.012419,0.195919,-0.090981,0.016977,0.26517,-0.131163,0.009713,0.273897,-0.178714,0.002243,0.130283,-0.271836,0.041556,0.189006,-0.355314,0.013012,0.244958,-0.311242,-0.013962,0.270547,-0.244476,-0.028135,0.102064,-0.290793,0.015862,0.172891,-0.403475,-0.019353,0.240538,-0.352086,-0.048508,0.267869,-0.269159,-0.061495,0.072495,-0.297029,-0.014624,0.147184,-0.409055,-0.04772,0.223553,-0.35669,-0.068866,0.263372,-0.277263,-0.075453,0.046555,-0.28625,-0.04537,0.125215,-0.362647,-0.073016,0.19407,-0.338216,-0.087829,0.242261,-0.285656,-0.093737,O
0.0,0.0,0.0,0.107243,-0.017983,0.013428,0.19529,-0.089937,0.017713,0.264929,-0.130087,0.0098,0.273626,-0.180846,0.001567,0.130574,-0.269287,0.04189,0.188537,-0.354539,0.013381,0.243098,-0.309427,-0.013256,0.268084,-0.241844,-0.027259,0.102691,-0.2893,0.015449,0.172213,-0.403624,-0.019955,0.238998,-0.351518,-0.049031,0.266914,-0.268312,-0.062081,0.073253,-0.296761,-0.015702,0.147065,-0.409877,-0.048978,0.222629,-0.356179,-0.069771,0.262497,-0.275998,-0.076236,0.047103,-0.286476,-0.047054,0.12617,-0.362695,-0.074329,0.194604,-0.336972,-0.088486,0.242575,-0.283504,-0.094091,O
0.0,0.0,0.0,0.11084,-0.022507,0.015129,0.198367,-0.094184,0.019604,0.26911,-0.13263,0.010986,0.279153,-0.1836,0.001785,0.13401,-0.277748,0.04649,0.194268,-0.361095,0.017499,0.248229,-0.312655,-0.011153,0.27342,-0.246351,-0.027226,0.105824,-0.296199,0.018183,0.178542,-0.4077,-0.018636,0.244412,-0.350877,-0.05044,0.271904,-0.268002,-0.065584,0.076149,-0.301781,-0.014959,0.152941,-0.412247,-0.049384,0.228537,-0.35374,-0.072177,0.268309,-0.272591,-0.080083,0.049678,-0.289536,-0.048311,0.129398,-0.364335,-0.076845,0.198053,-0.33639,-0.092705,0.246682,-0.282539,-0.099783,O
0.0,0.0,0.0,0.103666,-0.013977,0.009677,0.19444,-0.089332,0.014072,0.26304,-0.130871,0.007712,0.269665,-0.178229,0.001269,0.130178,-0.268959,0.034623,0.188328,-0.353595,0.004887,0.243654,-0.309824,-0.021537,0.269437,-0.241779,-0.035009,0.101113,-0.288348,0.010803,0.171371,-0.401075,-0.025533,0.238572,-0.349272,-0.053537,0.265735,-0.265059,-0.06532,0.070864,-0.294298,-0.017784,0.144164,-0.407738,-0.051909,0.220116,-0.356361,-0.072855,0.260251,-0.276185,-0.078921,0.044393,-0.283652,-0.046742,0.1215,-0.362241,-0.075483,0.189224,-0.339974,-0.091104,0.236759,-0.287648,-0.097312,O
0.0,0.0,0.0,0.10464,-0.016186,0.00926,0.19496,-0.090234,0.013307,0.26494,-0.130261,0.00643,0.27224,-0.179498,-0.00052,0.13119,-0.268353,0.03707,0.190533,-0.35232,0.006974,0.244998,-0.307942,-0.020914,0.269709,-0.240492,-0.035549,0.102878,-0.287405,0.013283,0.173581,-0.400592,-0.023934,0.239684,-0.348265,-0.054373,0.266461,-0.264913,-0.067953,0.072921,-0.293887,-0.015422,0.146248,-0.409198,-0.050068,0.221372,-0.357433,-0.073319,0.261225,-0.277725,-0.081107,0.046536,-0.284534,-0.04453,0.123075,-0.363825,-0.073185,0.190764,-0.340467,-0.089919,0.239136,-0.287883,-0.097309,O
0.0,0.0,0.0,0.108218,-0.018104,0.014036,0.195541,-0.090221,0.020417,0.263072,-0.129793,0.014732,0.275039,-0.178033,0.008755,0.1333,-0.267307,0.042886,0.190095,-0.352186,0.014255,0.243803,-0.307383,-0.012525,0.269204,-0.241082,-0.026775,0.105869,-0.286991,0.016612,0.175375,-0.400324,-0.020118,0.240927,-0.3471,-0.050305,0.268161,-0.264402,-0.063847,0.0758,-0.294554,-0.014386,0.148904,-0.40756,-0.049106,0.223872,-0.352752,-0.071607,0.264279,-0.272257,-0.078917,0.047977,-0.285901,-0.045418,0.124916,-0.362859,-0.074829,0.193298,-0.337083,-0.091275,0.242375,-0.283641,-0.098313,O
0.0,0.0,0.0,0.112815,-0.019687,0.017495,0.199036,-0.089743,0.025049,0.267593,-0.12794,0.01914,0.280228,-0.17634,0.012529,0.139957,-0.269228,0.051708,0.200498,-0.349905,0.023133,0.252243,-0.303794,-0.005669,0.275456,-0.237917,-0.021642,0.112057,-0.288868,0.02316,0.183622,-0.398573,-0.01424,0.246925,-0.34385,-0.047088,0.272512,-0.260783,-0.062452,0.081016,-0.296643,-0.010378,0.15524,-0.408574,-0.045546,0.228531,-0.352718,-0.069843,0.267904,-0.271845,-0.078355,0.05213,-0.288134,-0.04379,0.129758,-0.364055,-0.073287,0.197174,-0.337524,-0.090689,0.246417,-0.284246,-0.098604,O
0.0,0.0,0.0,0.108552,-0.017731,0.014576,0.196059,-0.090858,0.021523,0.26369,-0.131688,0.01624,0.27023,-0.178861,0.010418,0.131622,-0.268874,0.044515,0.188338,-0.354797,0.016245,0.241787,-0.311127,-0.010596,0.267588,-0.244502,-0.02501,0.103817,-0.287825,0.018229,0.173644,-0.400462,-0.017866,0.23861,-0.348114,-0.047387,0.265587,-0.265646,-0.060483,0.073508,-0.294332,-0.012938,0.147005,-0.407058,-0.047473,0.221631,-0.353452,-0.06978,0.261983,-0.273143,-0.076864,0.045781,-0.285003,-0.044102,0.123338,-0.362917,-0.072784,0.19088,-0.338045,-0.088827,0.239217,-0.285165,-0.095723,O
0.0,0.0,0.0,0.105413,-0.017187,0.011946,0.19452,-0.092084,0.017517,0.262479,-0.132314,0.011607,0.271254,-0.179225,0.005332,0.13211,-0.267855,0.039123,0.189239,-0.352133,0.010484,0.242576,-0.308914,-0.015446,0.268327,-0.24154,-0.029147,0.103887,-0.288132,0.0139,0.173104,-0.401269,-0.022198,0.237604,-0.350757,-0.050989,0.264739,-0.267932,-0.063702,0.073347,-0.294805,-0.016106,0.14514,-0.408857,-0.050736,0.218922,-0.355887,-0.072378,0.259233,-0.274964,-0.079128,0.045334,-0.284318,-0.046279,0.120709,-0.363085,-0.075632,0.187906,-0.339818,-0.091915,0.236472,-0.287325,-0.098927,O
0.0,0.0,0.0,0.107195,-0.017834,0.01151,0.195491,-0.091832,0.016515,0.263414,-0.132632,0.009889,0.270576,-0.18165,0.003086,0.130064,-0.266985,0.039729,0.186925,-0.354112,0.010389,0.242098,-0.311331,-0.01631,0.268636,-0.244473,-0.030275,0.102368,-0.286135,0.014383,0.170561,-0.403587,-0.02217,0.237256,-0.353706,-0.05147,0.265183,-0.271051,-0.064459,0.072159,-0.292915,-0.01592,0.143518,-0.410522,-0.050636,0.218512,-0.35854,-0.072445,0.258642,-0.278506,-0.07924,0.044512,-0.283614,-0.046509,0.120207,-0.363277,-0.075214,0.188206,-0.340583,-0.091015,0.236731,-0.288746,-0.097714,O
0.0,0.0,0.0,0.109644,-0.019096,0.014116,0.197228,-0.091584,0.019544,0.266054,-0.132017,0.012442,0.271509,-0.181972,0.004559,0.131967,-0.271206,0.044225,0.189718,-0.356739,0.014168,0.244943,-0.312808,-0.014544,0.270984,-0.245881,-0.030173,0.103915,-0.288878,0.017369,0.1742,-0.402533,-0.02065,0.240689,-0.348758,-0.052149,0.26761,-0.265466,-0.066515,0.073118,-0.294746,-0.014427,0.147208,-0.41138,-0.050641,0.223213,-0.356527,-0.074078,0.263676,-0.274773,-0.081749,0.044763,-0.284704,-0.046231,0.123138,-0.362271,-0.076218,0.192382,-0.33604,-0.093198,0.241617,-0.281989,-0.100715,O
0.0,0.0,0.0,0.105994,-0.017352,0.012368,0.19552,-0.093334,0.018442,0.264259,-0.134154,0.012943,0.273528,-0.181572,0.007334,0.129898,-0.271794,0.041662,0.189839,-0.354995,0.012949,0.244789,-0.311008,-0.014057,0.270008,-0.242925,-0.027962,0.101447,-0.291552,0.016772,0.172614,-0.404106,-0.018189,0.239091,-0.353277,-0.047026,0.266027,-0.26997,-0.059517,0.07189,-0.297849,-0.013035,0.145644,-0.411139,-0.045773,0.221278,-0.360704,-0.067621,0.261204,-0.281283,-0.074543,0.046727,-0.287902,-0.043109,0.123328,-0.366738,-0.070695,0.191008,-0.343951,-0.086552,0.239251,-0.291544,-0.093127,O
0.0,0.0,1e-06,0.108655,-0.018991,0.016131,0.199744,-0.098289,0.024063,0.271753,-0.141822,0.019038,0.274363,-0.19218,0.013494,0.133023,-0.278652,0.056327,0.191678,-0.360368,0.034658,0.247202,-0.321311,0.010626,0.27804,-0.259117,-0.003455,0.105618,-0.301427,0.029238,0.17421,-0.411018,-0.000632,0.241834,-0.362634,-0.027606,0.27613,-0.284082,-0.0402,0.077778,-0.308391,-0.003138,0.151816,-0.417273,-0.033819,0.227115,-0.363614,-0.055784,0.268912,-0.28326,-0.063159,0.05472,-0.295003,-0.035796,0.135158,-0.370359,-0.060853,0.202828,-0.346001,-0.076046,0.251538,-0.293487,-0.083173,O
0.0,0.0,0.0,0.107043,-0.016527,0.010748,0.194144,-0.090953,0.015585,0.262618,-0.133421,0.008873,0.272406,-0.180534,0.001773,0.128786,-0.274718,0.039943,0.188654,-0.358977,0.009793,0.243673,-0.312778,-0.018427,0.270033,-0.245735,-0.033945,0.099824,-0.29267,0.015437,0.172035,-0.404687,-0.022857,0.23811,-0.34963,-0.053598,0.266863,-0.267875,-0.067386,0.069295,-0.297374,-0.014018,0.145515,-0.41176,-0.05116,0.221157,-0.357013,-0.073715,0.262657,-0.277158,-0.080358,0.042007,-0.284756,-0.043707,0.12152,-0.36014,-0.0753,0.19076,-0.335636,-0.092695,0.240492,-0.284302,-0.100015,O
0.0,0.0,0.0,0.105038,-0.014423,0.007883,0.191021,-0.088266,0.012295,0.257825,-0.130785,0.006201,0.271641,-0.174341,-0.000427,0.126594,-0.276181,0.035675,0.187224,-0.354101,0.005541,0.24142,-0.309947,-0.02235,0.268445,-0.243708,-0.038107,0.096663,-0.294431,0.013282,0.171911,-0.400431,-0.026054,0.2369,-0.346803,-0.057112,0.267258,-0.265816,-0.071303,0.065881,-0.298199,-0.014001,0.145092,-0.407206,-0.053443,0.219691,-0.353216,-0.077439,0.262272,-0.273918,-0.084826,0.038011,-0.284917,-0.041357,0.119194,-0.356201,-0.07557,0.188278,-0.332736,-0.094872,0.238785,-0.282838,-0.103457,O
0.0,0.0,0.0,0.109181,-0.016714,0.015335,0.195494,-0.087842,0.02234,0.262321,-0.129162,0.016823,0.270036,-0.175049,0.010697,0.129924,-0.266522,0.045251,0.189038,-0.351086,0.017133,0.241469,-0.30749,-0.009412,0.266308,-0.241688,-0.023797,0.101902,-0.286186,0.018546,0.173061,-0.401667,-0.018299,0.23764,-0.349719,-0.048459,0.264543,-0.267036,-0.061927,0.071692,-0.293056,-0.012913,0.145446,-0.409922,-0.048593,0.21957,-0.355481,-0.071874,0.25977,-0.273912,-0.079425,0.044347,-0.283942,-0.044193,0.121577,-0.361423,-0.074159,0.189544,-0.335706,-0.091508,0.238696,-0.282314,-0.099324,O
0.0,0.0,0.0,0.111486,-0.017631,0.016175,0.198642,-0.088492,0.022523,0.267148,-0.129185,0.015868,0.277089,-0.181341,0.008537,0.132666,-0.269189,0.045993,0.193269,-0.355074,0.017299,0.245918,-0.309849,-0.009486,0.270908,-0.243014,-0.023982,0.103923,-0.289411,0.018017,0.177519,-0.404057,-0.01953,0.242566,-0.350494,-0.049814,0.269502,-0.267199,-0.063241,0.073883,-0.295238,-0.014755,0.150627,-0.409476,-0.051326,0.225248,-0.351789,-0.073566,0.265404,-0.268738,-0.080033,0.047162,-0.283722,-0.047335,0.126852,-0.361138,-0.077694,0.195263,-0.334936,-0.093988,0.244009,-0.281225,-0.100735,O
0.0,0.0,0.0,0.11099,-0.019898,0.014967,0.198016,-0.092218,0.020431,0.267358,-0.133338,0.013054,0.27211,-0.187188,0.005157,0.12812,-0.273603,0.045679,0.18582,-0.363754,0.017228,0.240202,-0.32033,-0.009642,0.266683,-0.25402,-0.024162,0.099861,-0.290888,0.018407,0.171799,-0.408267,-0.018474,0.238862,-0.355699,-0.048596,0.266859,-0.272517,-0.061963,0.0707,-0.295485,-0.013796,0.146403,-0.41082,-0.049274,0.223032,-0.355403,-0.071886,0.264013,-0.273818,-0.078876,0.045213,-0.283717,-0.045998,0.124793,-0.361291,-0.07499,0.193073,-0.336212,-0.091088,0.241167,-0.2834,-0.097963,O
0.0,0.0,0.0,0.101925,-0.012427,0.009588,0.186388,-0.083781,0.015229,0.252754,-0.123678,0.009841,0.270652,-0.17398,0.003875,0.125275,-0.262677,0.04034,0.186687,-0.340515,0.012728,0.238679,-0.298183,-0.013871,0.264948,-0.233739,-0.029019,0.095945,-0.283783,0.017293,0.168549,-0.394192,-0.019328,0.232425,-0.345626,-0.050538,0.26328,-0.266354,-0.065465,0.06444,-0.290714,-0.01062,0.139683,-0.407049,-0.047765,0.212842,-0.35594,-0.072101,0.254937,-0.277372,-0.080468,0.035543,-0.28017,-0.038455,0.114528,-0.356016,-0.071359,0.183042,-0.333695,-0.090585,0.233555,-0.283194,-0.099508,O
0.0,0.0,0.0,0.111052,-0.018993,0.014818,0.196595,-0.09054,0.020788,0.264147,-0.130758,0.014095,0.277764,-0.182037,0.006927,0.12869,-0.271499,0.044528,0.18782,-0.359624,0.015226,0.242112,-0.316858,-0.012243,0.269064,-0.252173,-0.02746,0.100982,-0.29016,0.017072,0.173464,-0.407302,-0.022035,0.240854,-0.354747,-0.054118,0.270477,-0.271747,-0.068849,0.071881,-0.29507,-0.015188,0.146905,-0.411408,-0.052718,0.222833,-0.356267,-0.076737,0.264805,-0.275603,-0.084556,0.045741,-0.283302,-0.047319,0.123342,-0.362681,-0.078461,0.192109,-0.338819,-0.095989,0.241966,-0.28692,-0.103766,O
0.0,0.0,-1e-06,-0.111008,-0.009772,0.076645,-0.176072,-0.049846,0.104301,-0.229791,-0.071047,0.102094,-0.262272,-0.11892,0.092729,-0.133534,-0.212588,0.148413,-0.196275,-0.260323,0.15984,-0.239001,-0.225355,0.148231,-0.260333,-0.177923,0.138071,-0.113413,-0.240643,0.090821,-0.19854,-0.29225,0.103228,-0.251414,-0.241513,0.080876,-0.266791,-0.178712,0.063258,-0.102192,-0.251143,0.030886,-0.189535,-0.306549,0.035172,-0.244434,-0.249816,0.022838,-0.259067,-0.186966,0.012979,-0.104145,-0.244772,-0.025566,-0.186791,-0.298727,-0.024783,-0.238733,-0.262754,-0.022177,-0.260899,-0.212725,-0.020692,O
0.0,0.0,-1e-06,-0.11065,-0.010127,0.080808,-0.174717,-0.04701,0.112084,-0.22856,-0.069677,0.112684,-0.26294,-0.118498,0.106001,-0.132564,-0.206468,0.161306,-0.192931,-0.255003,0.175967,-0.2353,-0.225427,0.165348,-0.258258,-0.181675,0.156128,-0.113896,-0.235691,0.103495,-0.1957,-0.286155,0.119488,-0.25,-0.236749,0.095845,-0.268004,-0.177141,0.077491,-0.104364,-0.249375,0.043314,-0.187457,-0.30144,0.05101,-0.242885,-0.245794,0.037355,-0.258453,-0.185714,0.026577,-0.107435,-0.248145,-0.013006,-0.185393,-0.298943,-0.008222,-0.236912,-0.263072,-0.004762,-0.259289,-0.215814,-0.002752,O
0.0,0.0,-1e-06,-0.110934,-0.00964,0.081684,-0.17382,-0.046282,0.113403,-0.227274,-0.066641,0.114451,-0.263586,-0.112824,0.108025,-0.133162,-0.207047,0.159591,-0.194287,-0.254373,0.173901,-0.235888,-0.223455,0.162919,-0.257556,-0.177878,0.153301,-0.114922,-0.235575,0.101226,-0.197606,-0.285179,0.116563,-0.250721,-0.235593,0.092546,-0.267319,-0.174944,0.073654,-0.105471,-0.248185,0.040716,-0.190578,-0.298863,0.047323,-0.244688,-0.242979,0.032838,-0.258799,-0.181843,0.02135,-0.1085,-0.246314,-0.015764,-0.187486,-0.296516,-0.013035,-0.237763,-0.259777,-0.010988,-0.25854,-0.210692,-0.009994,O
0.0,0.0,-1e-06,-0.111776,-0.011267,0.081368,-0.173618,-0.047766,0.113413,-0.22604,-0.07029,0.114893,-0.26181,-0.117285,0.109042,-0.133752,-0.207279,0.16021,-0.192519,-0.257291,0.174014,-0.234272,-0.228346,0.162573,-0.256929,-0.184491,0.152585,-0.115334,-0.235624,0.102067,-0.194879,-0.286666,0.115946,-0.249194,-0.237246,0.090353,-0.267585,-0.177306,0.070493,-0.105388,-0.248818,0.041743,-0.186615,-0.299572,0.046998,-0.241973,-0.243952,0.031289,-0.257439,-0.18387,0.019214,-0.107214,-0.248473,-0.014475,-0.184276,-0.297905,-0.011712,-0.236064,-0.260755,-0.009799,-0.258001,-0.212812,-0.009022,O
0.0,0.0,-1e-06,-0.110024,-0.008739,0.081345,-0.173505,-0.045263,0.113408,-0.226979,-0.067552,0.114961,-0.262209,-0.115077,0.109188,-0.130731,-0.205061,0.160875,-0.190937,-0.252829,0.175385,-0.233452,-0.223011,0.164748,-0.25617,-0.178963,0.155612,-0.112136,-0.233985,0.10333,-0.193634,-0.286518,0.119333,-0.248335,-0.236725,0.096384,-0.265887,-0.176769,0.078527,-0.102883,-0.247587,0.043456,-0.185736,-0.301976,0.051124,-0.241408,-0.24633,0.03797,-0.256669,-0.185893,0.027517,-0.106339,-0.246897,-0.012491,-0.184041,-0.298835,-0.008351,-0.235476,-0.262137,-0.005263,-0.257396,-0.213858,-0.003467,O
0.0,0.0,-1e-06,-0.110386,-0.01066,0.081563,-0.172846,-0.047933,0.113333,-0.226179,-0.068129,0.114638,-0.263759,-0.112743,0.108482,-0.133638,-0.20633,0.157487,-0.194158,-0.255072,0.170986,-0.236186,-0.223946,0.159607,-0.258008,-0.17897,0.149661,-0.114908,-0.234618,0.099183,-0.195899,-0.287657,0.113868,-0.249862,-0.239504,0.08966,-0.267845,-0.179608,0.070402,-0.104516,-0.246925,0.038797,-0.1882,-0.300605,0.044907,-0.243072,-0.246305,0.030121,-0.258531,-0.186542,0.018225,-0.106249,-0.245558,-0.017499,-0.18506,-0.297287,-0.01501,-0.235713,-0.261346,-0.013321,-0.257135,-0.213374,-0.012854,O
0.0,0.0,-1e-06,-0.110026,-0.009553,0.079868,-0.173089,-0.050055,0.110575,-0.226593,-0.069832,0.110879,-0.264362,-0.111667,0.103723,-0.135272,-0.21032,0.155063,-0.197017,-0.256675,0.168547,-0.238555,-0.224364,0.157553,-0.259732,-0.178689,0.147724,-0.116377,-0.239739,0.096612,-0.199076,-0.288449,0.111011,-0.251214,-0.239225,0.08807,-0.267433,-0.177383,0.069931,-0.105656,-0.251538,0.035962,-0.191119,-0.301736,0.041489,-0.244602,-0.246147,0.028122,-0.25882,-0.184902,0.017464,-0.107543,-0.247947,-0.020906,-0.18792,-0.298215,-0.018948,-0.23863,-0.262033,-0.016479,-0.259834,-0.213146,-0.015265,O
0.0,0.0,-1e-06,-0.111483,-0.011539,0.082654,-0.173812,-0.046833,0.116465,-0.226659,-0.068353,0.119942,-0.263001,-0.112622,0.116114,-0.134247,-0.20421,0.162369,-0.194579,-0.250078,0.176597,-0.236798,-0.222321,0.164961,-0.260065,-0.179441,0.155124,-0.116503,-0.232745,0.104879,-0.196911,-0.282996,0.120089,-0.251058,-0.23492,0.095003,-0.269642,-0.176658,0.075544,-0.106771,-0.247159,0.045321,-0.188561,-0.297874,0.051734,-0.243313,-0.244419,0.03672,-0.258177,-0.185379,0.025238,-0.108675,-0.249405,-0.010016,-0.185573,-0.298257,-0.007091,-0.236744,-0.262299,-0.005016,-0.257884,-0.215541,-0.003721,O
0.0,0.0,-1e-06,-0.111302,-0.010456,0.082687,-0.175697,-0.046452,0.116468,-0.22879,-0.070779,0.120119,-0.263531,-0.119237,0.116579,-0.131525,-0.204842,0.161341,-0.192818,-0.255559,0.175865,-0.235848,-0.226554,0.165757,-0.259432,-0.182773,0.157249,-0.113393,-0.232569,0.104422,-0.195832,-0.286273,0.119846,-0.250757,-0.236759,0.096303,-0.268881,-0.178454,0.078349,-0.104445,-0.245864,0.045478,-0.187278,-0.3003,0.052514,-0.242352,-0.246185,0.039341,-0.257098,-0.187616,0.029372,-0.107306,-0.245594,-0.009187,-0.185029,-0.296478,-0.005645,-0.236057,-0.258697,-0.002434,-0.25691,-0.210561,4.9e-05,O
0.0,0.0,-1e-06,-0.110842,-0.010358,0.081099,-0.17414,-0.04832,0.113691,-0.227213,-0.071262,0.116355,-0.262229,-0.118635,0.111813,-0.132521,-0.207194,0.156782,-0.192849,-0.257894,0.170474,-0.235348,-0.227066,0.160015,-0.258453,-0.1823,0.150949,-0.113913,-0.234435,0.099681,-0.195556,-0.288263,0.113694,-0.249507,-0.238817,0.089786,-0.266693,-0.17914,0.071334,-0.103822,-0.246866,0.040576,-0.186813,-0.301719,0.046071,-0.241736,-0.246927,0.031647,-0.256512,-0.187239,0.020619,-0.105506,-0.24533,-0.014363,-0.183907,-0.296388,-0.012257,-0.235039,-0.258193,-0.01042,-0.25616,-0.208892,-0.009302,O
0.0,0.0,-1e-06,-0.109969,-0.008157,0.0797,-0.175495,-0.044234,0.111511,-0.229394,-0.068185,0.113304,-0.261216,-0.118495,0.1082,-0.131069,-0.20221,0.160445,-0.18946,-0.251973,0.175251,-0.231281,-0.223573,0.165049,-0.253838,-0.181148,0.156137,-0.112929,-0.230889,0.104148,-0.192206,-0.285242,0.120577,-0.246364,-0.23709,0.0978,-0.263703,-0.1801,0.079943,-0.103747,-0.244659,0.04528,-0.184028,-0.300897,0.0531,-0.239644,-0.246797,0.039613,-0.255199,-0.188222,0.028907,-0.106471,-0.243804,-0.009778,-0.182659,-0.296256,-0.005284,-0.234905,-0.26013,-0.002566,-0.257778,-0.21319,-0.001148,O
0.0,0.0,-1e-06,-0.109871,-0.008829,0.079955,-0.172957,-0.045289,0.112075,-0.225933,-0.069401,0.11455,-0.260607,-0.11714,0.109876,-0.133043,-0.204777,0.157432,-0.192295,-0.254929,0.171471,-0.234213,-0.226885,0.160632,-0.257435,-0.184398,0.151066,-0.114545,-0.233191,0.10113,-0.195729,-0.284669,0.115414,-0.248347,-0.236688,0.090707,-0.265545,-0.17819,0.071376,-0.104582,-0.24697,0.04273,-0.186946,-0.29878,0.048766,-0.240658,-0.24481,0.033279,-0.255241,-0.185939,0.02109,-0.10568,-0.247491,-0.01161,-0.183936,-0.295162,-0.009148,-0.234645,-0.256825,-0.008058,-0.255883,-0.207946,-0.007779,O
0.0,0.0,-1e-06,-0.108962,-0.0077,0.07928,-0.1732,-0.043861,0.111067,-0.227016,-0.066654,0.112865,-0.260414,-0.114923,0.107636,-0.132533,-0.199827,0.159887,-0.190458,-0.249587,0.174419,-0.23205,-0.221803,0.164062,-0.254452,-0.180189,0.155004,-0.114101,-0.229809,0.103531,-0.192651,-0.283786,0.119339,-0.246376,-0.236893,0.096105,-0.264622,-0.179612,0.077981,-0.104108,-0.244553,0.044615,-0.184675,-0.299808,0.051566,-0.239838,-0.245906,0.037337,-0.255945,-0.187486,0.026265,-0.105972,-0.245186,-0.010455,-0.183383,-0.296715,-0.006718,-0.234962,-0.260592,-0.004476,-0.257452,-0.213847,-0.003369,O
0.0,0.0,-1e-06,-0.110663,-0.009585,0.081849,-0.175139,-0.047922,0.115221,-0.22887,-0.071857,0.118849,-0.263005,-0.120588,0.115379,-0.131933,-0.207736,0.157278,-0.194351,-0.259515,0.172754,-0.236933,-0.228475,0.163991,-0.259155,-0.183498,0.155944,-0.113248,-0.236402,0.100552,-0.197956,-0.289464,0.116891,-0.251364,-0.239434,0.095028,-0.267211,-0.178582,0.077733,-0.103708,-0.249032,0.041968,-0.19022,-0.303428,0.049909,-0.244659,-0.248177,0.03753,-0.258292,-0.187988,0.027417,-0.106288,-0.246748,-0.01251,-0.187083,-0.2976,-0.008965,-0.23777,-0.259583,-0.006098,-0.258032,-0.210023,-0.004292,O
0.0,0.0,-1e-06,-0.108666,-0.00863,0.083085,-0.172539,-0.045203,0.118481,-0.225618,-0.069711,0.123928,-0.259779,-0.117362,0.122254,-0.130652,-0.203115,0.164553,-0.189009,-0.252655,0.18202,-0.232052,-0.226522,0.173324,-0.257255,-0.185441,0.165229,-0.112633,-0.232557,0.108053,-0.192262,-0.281884,0.125862,-0.246513,-0.235198,0.102184,-0.265892,-0.177619,0.083637,-0.103682,-0.248099,0.049663,-0.184573,-0.296968,0.058804,-0.239003,-0.243479,0.044304,-0.254879,-0.186044,0.032792,-0.106218,-0.250405,-0.004482,-0.183241,-0.29636,0.000517,-0.234294,-0.259254,0.002968,-0.256448,-0.213086,0.004404,O
0.0,0.0,-1e-06,-0.107057,-0.008666,0.079441,-0.171371,-0.04891,0.11272,-0.225544,-0.070904,0.117228,-0.25739,-0.109576,0.114483,-0.126376,-0.20662,0.155287,-0.191352,-0.250505,0.173835,-0.235083,-0.218539,0.167642,-0.256654,-0.173973,0.161293,-0.107758,-0.23606,0.101058,-0.194486,-0.284705,0.121476,-0.248565,-0.235107,0.103745,-0.263275,-0.175081,0.089001,-0.098138,-0.249366,0.045008,-0.186235,-0.302408,0.056055,-0.242061,-0.248194,0.04633,-0.255679,-0.187683,0.037771,-0.103001,-0.247057,-0.007313,-0.185308,-0.300193,-0.002204,-0.234921,-0.262832,0.002223,-0.253517,-0.212206,0.005274,O
0.0,0.0,-1e-06,-0.109753,-0.010119,0.081021,-0.173318,-0.049651,0.114361,-0.226813,-0.072577,0.118035,-0.261936,-0.118253,0.114645,-0.130879,-0.206681,0.158741,-0.191661,-0.25607,0.17503,-0.234213,-0.227148,0.165724,-0.258209,-0.184591,0.157061,-0.112787,-0.23581,0.102352,-0.195146,-0.285603,0.119831,-0.24801,-0.239179,0.096668,-0.266058,-0.1809,0.077994,-0.10348,-0.249814,0.044062,-0.187749,-0.300539,0.052967,-0.241771,-0.247896,0.038711,-0.25727,-0.189495,0.026897,-0.106519,-0.249405,-0.010248,-0.185814,-0.297669,-0.005991,-0.236307,-0.261524,-0.003877,-0.25811,-0.213991,-0.002932,O
0.0,0.0,-1e-06,-0.109371,-0.010211,0.082567,-0.17108,-0.046988,0.117155,-0.223361,-0.069659,0.121807,-0.259409,-0.113173,0.119445,-0.132381,-0.203204,0.161399,-0.191638,-0.25056,0.178629,-0.233214,-0.22317,0.170145,-0.257042,-0.181923,0.162027,-0.114033,-0.232899,0.104162,-0.193255,-0.280459,0.121724,-0.245133,-0.236773,0.098638,-0.26389,-0.179777,0.080287,-0.103965,-0.247671,0.045109,-0.185322,-0.293802,0.053511,-0.237991,-0.242693,0.039451,-0.253325,-0.186013,0.028262,-0.106132,-0.248174,-0.009844,-0.18304,-0.293952,-0.005535,-0.233922,-0.259444,-0.003184,-0.256555,-0.214424,-0.00188,O
0.0,0.0,-1e-06,-0.111615,-0.007629,0.079115,-0.176474,-0.042443,0.112656,-0.229311,-0.06866,0.116366,-0.264689,-0.115384,0.113005,-0.134609,-0.19506,0.16676,-0.194039,-0.237146,0.184482,-0.235003,-0.213542,0.175635,-0.259262,-0.175294,0.167393,-0.116909,-0.228164,0.111078,-0.194314,-0.271391,0.128528,-0.247164,-0.228471,0.103729,-0.268528,-0.173264,0.084776,-0.107357,-0.245669,0.052746,-0.184225,-0.28792,0.061072,-0.238699,-0.23781,0.045298,-0.256804,-0.18262,0.033441,-0.108793,-0.248402,-0.001834,-0.182372,-0.290648,0.003129,-0.234689,-0.256564,0.005164,-0.259929,-0.213645,0.006556,O
0.0,0.0,-1e-06,-0.111918,-0.008764,0.077845,-0.175288,-0.042474,0.110246,-0.227575,-0.067451,0.113049,-0.263195,-0.11374,0.10883,-0.133553,-0.193598,0.16587,-0.194033,-0.23494,0.183677,-0.235474,-0.212345,0.174128,-0.259351,-0.175402,0.165287,-0.116016,-0.226705,0.110749,-0.194027,-0.271452,0.129075,-0.246524,-0.230384,0.104061,-0.267294,-0.175789,0.084543,-0.106506,-0.245008,0.052957,-0.184106,-0.289615,0.062613,-0.238275,-0.241011,0.047078,-0.255363,-0.185608,0.034847,-0.108254,-0.248733,-0.001307,-0.181932,-0.292223,0.004546,-0.23324,-0.258777,0.007008,-0.257149,-0.215022,0.008442,O
0.0,0.0,-1e-06,-0.110896,-0.009362,0.080072,-0.174287,-0.044112,0.113971,-0.227026,-0.069065,0.118541,-0.261568,-0.116548,0.116213,-0.131844,-0.1978,0.163335,-0.190869,-0.243473,0.180656,-0.232652,-0.219882,0.171298,-0.257022,-0.181442,0.162665,-0.113885,-0.228415,0.108137,-0.192014,-0.277474,0.126219,-0.244655,-0.234668,0.101962,-0.264501,-0.1792,0.082805,-0.104253,-0.244854,0.050799,-0.183217,-0.293362,0.060368,-0.23642,-0.242853,0.045708,-0.251819,-0.186548,0.034002,-0.105776,-0.247884,-0.00264,-0.18077,-0.294832,0.003022,-0.231715,-0.260576,0.005746,-0.254367,-0.215838,0.007316,O
0.0,0.0,-1e-06,-0.111067,-0.008163,0.078244,-0.175308,-0.042506,0.111123,-0.228334,-0.067828,0.114737,-0.263208,-0.114584,0.111296,-0.132749,-0.195532,0.163805,-0.193599,-0.237815,0.181335,-0.235927,-0.214239,0.171663,-0.260635,-0.175771,0.162836,-0.115465,-0.227739,0.10915,-0.195187,-0.273386,0.128032,-0.248644,-0.230026,0.10346,-0.269168,-0.174487,0.083993,-0.106511,-0.245336,0.052093,-0.186101,-0.291077,0.062635,-0.240264,-0.241359,0.047846,-0.25682,-0.185691,0.035802,-0.108926,-0.248694,-0.001347,-0.184844,-0.293441,0.004903,-0.235824,-0.258995,0.007899,-0.258673,-0.214755,0.009657,O
0.0,0.0,-1e-06,-0.109664,-0.011393,0.083097,-0.171994,-0.045677,0.117489,-0.22441,-0.069219,0.12186,-0.259184,-0.116059,0.119045,-0.128936,-0.20213,0.164217,-0.18845,-0.251549,0.180921,-0.230825,-0.226494,0.17167,-0.25525,-0.186148,0.163387,-0.111112,-0.230756,0.107625,-0.191629,-0.280788,0.124871,-0.245259,-0.23446,0.100826,-0.264053,-0.178452,0.082021,-0.10254,-0.245878,0.049143,-0.183631,-0.29564,0.057909,-0.237284,-0.243065,0.043589,-0.252086,-0.186406,0.032297,-0.105828,-0.248438,-0.005047,-0.18216,-0.296537,0.000153,-0.232777,-0.26024,0.003237,-0.254368,-0.214377,0.005207,O
0.0,0.0,-1e-06,-0.107804,-0.008977,0.077518,-0.17021,-0.048317,0.109699,-0.223023,-0.073858,0.113104,-0.257414,-0.120025,0.109628,-0.129832,-0.202745,0.154174,-0.190068,-0.2511,0.172083,-0.23145,-0.223679,0.165339,-0.253539,-0.181821,0.158188,-0.110957,-0.234698,0.099395,-0.192399,-0.283077,0.117827,-0.243234,-0.239624,0.097202,-0.259895,-0.18176,0.080228,-0.0997,-0.25035,0.042628,-0.185032,-0.298734,0.051282,-0.236647,-0.246766,0.038436,-0.249827,-0.188146,0.027636,-0.101004,-0.250112,-0.010483,-0.182659,-0.298032,-0.007312,-0.232425,-0.262385,-0.005164,-0.252909,-0.213413,-0.004064,O
0.0,0.0,-1e-06,-0.136348,0.118017,-0.002036,-0.253088,0.195162,-0.022974,-0.321773,0.278374,-0.053238,-0.374739,0.344947,-0.088406,-0.393204,0.057679,-0.03767,-0.537058,0.153344,-0.077014,-0.620815,0.192425,-0.10687,-0.696622,0.232601,-0.13111,-0.355744,0.03117,-0.069573,-0.407196,0.269367,-0.126066,-0.42205,0.427525,-0.15061,-0.437907,0.547057,-0.163417,-0.289908,0.035859,-0.10096,-0.277292,0.274732,-0.139495,-0.217812,0.252462,-0.132979,-0.191847,0.191521,-0.127821,-0.216482,0.063199,-0.134429,-0.207133,0.253626,-0.153426,-0.164765,0.251123,-0.136093,-0.147166,0.198808,-0.121417,P
0.0,0.0,-1e-06,-0.133829,0.11736,-0.003232,-0.24891,0.193208,-0.024508,-0.317641,0.274997,-0.054545,-0.372397,0.342253,-0.089106,-0.386803,0.056233,-0.040431,-0.5306,0.14985,-0.080939,-0.61399,0.188709,-0.111395,-0.689475,0.228312,-0.135966,-0.349744,0.029198,-0.071946,-0.401008,0.260758,-0.129187,-0.415928,0.41799,-0.153724,-0.431956,0.53593,-0.166858,-0.28501,0.033447,-0.103046,-0.273993,0.269406,-0.142159,-0.214745,0.249914,-0.134804,-0.188661,0.18953,-0.129355,-0.212905,0.060803,-0.136406,-0.204793,0.252129,-0.156721,-0.16126,0.251096,-0.139671,-0.142623,0.197743,-0.125181,P
0.0,0.0,-1e-06,-0.133902,0.114058,0.001375,-0.250259,0.189634,-0.018081,-0.317885,0.275669,-0.046905,-0.370863,0.347509,-0.080367,-0.38329,0.057322,-0.035874,-0.525635,0.151149,-0.072326,-0.606277,0.187829,-0.099656,-0.68007,0.223762,-0.122653,-0.345782,0.032872,-0.068989,-0.398088,0.261617,-0.12299,-0.413723,0.415673,-0.14548,-0.430716,0.531341,-0.157782,-0.28112,0.038704,-0.101156,-0.273052,0.270056,-0.136791,-0.214876,0.246074,-0.12785,-0.189507,0.183071,-0.122232,-0.20929,0.065739,-0.13515,-0.205359,0.253127,-0.152858,-0.162964,0.249512,-0.134573,-0.144775,0.194595,-0.11989,P
0.0,0.0,-1e-06,-0.134481,0.117763,-0.000407,-0.249825,0.194398,-0.02026,-0.318088,0.279355,-0.04924,-0.37204,0.347667,-0.0825,-0.382497,0.063025,-0.037751,-0.52339,0.155232,-0.074805,-0.603971,0.191736,-0.101512,-0.678478,0.226539,-0.123943,-0.346027,0.038299,-0.070179,-0.398423,0.266439,-0.125832,-0.414454,0.419722,-0.147339,-0.433121,0.534203,-0.158127,-0.282017,0.043663,-0.101912,-0.272707,0.275862,-0.139381,-0.213803,0.249259,-0.12928,-0.188546,0.184342,-0.121871,-0.210067,0.069845,-0.135738,-0.204708,0.257516,-0.154577,-0.162696,0.252254,-0.136148,-0.145269,0.196427,-0.120742,P
0.0,0.0,-1e-06,-0.133639,0.116997,0.001025,-0.248822,0.193058,-0.017781,-0.316322,0.277852,-0.045868,-0.369795,0.346935,-0.078403,-0.381664,0.058228,-0.034947,-0.523079,0.151592,-0.071099,-0.603366,0.188746,-0.097984,-0.676938,0.224501,-0.12041,-0.344868,0.032808,-0.067329,-0.397271,0.260436,-0.120787,-0.413336,0.414566,-0.143187,-0.430969,0.529722,-0.155045,-0.281024,0.037818,-0.098822,-0.272218,0.270472,-0.134327,-0.2135,0.247639,-0.125894,-0.187838,0.185016,-0.120124,-0.209757,0.064604,-0.132162,-0.204744,0.25285,-0.149391,-0.162359,0.249794,-0.131253,-0.144163,0.195544,-0.116395,P
0.0,0.0,-1e-06,-0.133966,0.121572,0.000659,-0.247277,0.197948,-0.019425,-0.314318,0.282238,-0.048848,-0.367079,0.350515,-0.082884,-0.380601,0.061402,-0.037037,-0.522065,0.156633,-0.073963,-0.602593,0.194135,-0.100795,-0.676909,0.229305,-0.123185,-0.343458,0.036461,-0.06962,-0.39726,0.267564,-0.124019,-0.414434,0.421853,-0.145462,-0.433636,0.537119,-0.156646,-0.279528,0.042348,-0.101342,-0.27204,0.276559,-0.137506,-0.213678,0.253288,-0.126794,-0.188039,0.190937,-0.119255,-0.208116,0.070162,-0.135073,-0.203916,0.259358,-0.152068,-0.162891,0.255931,-0.132473,-0.14547,0.202136,-0.116534,P
0.0,0.0,-1e-06,-0.135465,0.120803,0.003237,-0.25171,0.198246,-0.015235,-0.320158,0.282828,-0.043739,-0.375177,0.348631,-0.076677,-0.386066,0.061187,-0.031363,-0.527297,0.155619,-0.066211,-0.607304,0.192468,-0.091826,-0.681251,0.227163,-0.113617,-0.349486,0.037885,-0.065073,-0.403389,0.267065,-0.119067,-0.419044,0.420184,-0.140919,-0.437534,0.534502,-0.15215,-0.286301,0.043906,-0.097828,-0.278741,0.278348,-0.1331,-0.218665,0.252302,-0.123287,-0.192553,0.187533,-0.116527,-0.215412,0.07041,-0.132404,-0.211716,0.259563,-0.148069,-0.168945,0.254928,-0.128573,-0.150249,0.199893,-0.112948,P
0.0,0.0,-1e-06,-0.135602,0.11652,0.003413,-0.252021,0.192932,-0.014816,-0.320491,0.279518,-0.042609,-0.373971,0.350265,-0.07495,-0.38382,0.061347,-0.034144,-0.525568,0.155957,-0.068997,-0.605804,0.192164,-0.094582,-0.679789,0.22606,-0.116432,-0.347046,0.035908,-0.067626,-0.399773,0.26504,-0.120863,-0.414607,0.418611,-0.141981,-0.431533,0.533448,-0.153038,-0.283202,0.040919,-0.099895,-0.275657,0.27337,-0.134649,-0.216811,0.248289,-0.124924,-0.190739,0.184753,-0.118605,-0.212146,0.067841,-0.133844,-0.208893,0.256418,-0.150457,-0.166742,0.252103,-0.131673,-0.147975,0.197583,-0.116537,P
0.0,0.0,-1e-06,-0.137223,0.118343,0.006166,-0.255211,0.197861,-0.011226,-0.323265,0.284098,-0.039538,-0.377451,0.349138,-0.072359,-0.390815,0.061424,-0.027211,-0.534525,0.159206,-0.059622,-0.614162,0.195667,-0.083954,-0.688064,0.229497,-0.105121,-0.354636,0.041689,-0.062191,-0.409146,0.270432,-0.114938,-0.422361,0.423746,-0.137115,-0.43699,0.53817,-0.148714,-0.292088,0.049495,-0.095846,-0.283775,0.279427,-0.12985,-0.222844,0.252107,-0.121144,-0.195808,0.18611,-0.115559,-0.221318,0.076635,-0.131039,-0.217365,0.260637,-0.146126,-0.172945,0.254151,-0.127255,-0.152465,0.197539,-0.112256,P
0.0,0.0,-1e-06,-0.134126,0.123835,0.004336,-0.249433,0.20271,-0.014218,-0.318194,0.287208,-0.042858,-0.37153,0.356211,-0.075968,-0.380995,0.065256,-0.034036,-0.523592,0.159373,-0.069668,-0.603741,0.19534,-0.095085,-0.678798,0.229188,-0.116652,-0.345893,0.042864,-0.068042,-0.398802,0.272804,-0.12304,-0.412055,0.425392,-0.143885,-0.428585,0.539214,-0.154249,-0.284364,0.049624,-0.100764,-0.275144,0.280794,-0.137097,-0.215291,0.253539,-0.125892,-0.189008,0.188652,-0.117842,-0.215128,0.076364,-0.1352,-0.209236,0.261781,-0.152635,-0.165525,0.255988,-0.132985,-0.145694,0.20073,-0.116645,P
0.0,0.0,-1e-06,-0.132935,0.119462,0.003089,-0.247953,0.196548,-0.014766,-0.316885,0.280021,-0.04215,-0.36968,0.347743,-0.073929,-0.380002,0.062993,-0.035142,-0.523708,0.158597,-0.070425,-0.603846,0.194383,-0.095522,-0.678519,0.228178,-0.116746,-0.345589,0.039777,-0.068003,-0.396953,0.267102,-0.12249,-0.408592,0.419999,-0.14304,-0.42345,0.534515,-0.153047,-0.284101,0.045839,-0.09968,-0.272375,0.272128,-0.136505,-0.21188,0.245472,-0.126988,-0.184792,0.181719,-0.119882,-0.21504,0.073446,-0.13299,-0.20558,0.256069,-0.151635,-0.16099,0.250041,-0.133802,-0.140945,0.195065,-0.118575,P
0.0,0.0,-1e-06,-0.135187,0.115421,0.006387,-0.252533,0.192888,-0.010333,-0.322187,0.280239,-0.037232,-0.375853,0.351131,-0.068863,-0.386501,0.062499,-0.029215,-0.531129,0.158477,-0.060787,-0.610883,0.195524,-0.084852,-0.684945,0.231239,-0.105997,-0.351229,0.04055,-0.063249,-0.402358,0.267311,-0.113381,-0.413461,0.420997,-0.134501,-0.426843,0.535951,-0.146354,-0.288718,0.047429,-0.095723,-0.278097,0.270882,-0.127766,-0.217318,0.243453,-0.119796,-0.190027,0.17871,-0.115834,-0.219189,0.075371,-0.129496,-0.211668,0.256528,-0.144252,-0.166419,0.249829,-0.126323,-0.145996,0.193905,-0.112509,P
0.0,0.0,-1e-06,-0.136577,0.115963,0.00722,-0.254171,0.193748,-0.009922,-0.322093,0.281817,-0.037643,-0.375693,0.35424,-0.070181,-0.388287,0.059354,-0.028324,-0.531684,0.155486,-0.061599,-0.611555,0.195357,-0.087002,-0.684882,0.235105,-0.108677,-0.351199,0.037513,-0.063601,-0.403419,0.263034,-0.115339,-0.415298,0.418148,-0.137436,-0.428446,0.535848,-0.149571,-0.287337,0.044431,-0.097413,-0.278863,0.270564,-0.130258,-0.219002,0.246214,-0.121852,-0.192552,0.184194,-0.117249,-0.216476,0.071912,-0.132535,-0.212306,0.255892,-0.14686,-0.168651,0.251282,-0.128037,-0.149288,0.196572,-0.113631,P
0.0,0.0,-1e-06,-0.133398,0.124231,-0.000906,-0.247449,0.203152,-0.022433,-0.314017,0.288667,-0.053481,-0.366033,0.354142,-0.088997,-0.383047,0.064574,-0.03782,-0.52522,0.159406,-0.07613,-0.607229,0.198221,-0.104104,-0.681655,0.236618,-0.127464,-0.346496,0.040186,-0.070806,-0.397826,0.271948,-0.127812,-0.412937,0.427407,-0.15124,-0.43036,0.543107,-0.163353,-0.282447,0.045554,-0.103232,-0.270395,0.281731,-0.141416,-0.210398,0.257164,-0.132527,-0.184996,0.192502,-0.126054,-0.210337,0.072106,-0.137836,-0.200607,0.260638,-0.156734,-0.156917,0.255958,-0.138927,-0.139327,0.200269,-0.124191,P
0.0,0.0,-1e-06,-0.132241,0.118072,-0.001686,-0.24465,0.194779,-0.023467,-0.308862,0.279916,-0.054096,-0.358237,0.347745,-0.089416,-0.382474,0.062692,-0.042027,-0.523378,0.154481,-0.082121,-0.604799,0.194137,-0.111783,-0.67884,0.235149,-0.135678,-0.345585,0.036412,-0.074021,-0.394582,0.264665,-0.130154,-0.409165,0.419173,-0.153094,-0.424761,0.536378,-0.16509,-0.280216,0.04093,-0.105246,-0.266672,0.270702,-0.142589,-0.209233,0.249132,-0.133219,-0.184683,0.189676,-0.126484,-0.207489,0.068322,-0.138618,-0.197464,0.252398,-0.156271,-0.155822,0.249148,-0.137348,-0.139546,0.196328,-0.121837,P
0.0,0.0,-1e-06,-0.13347,0.12189,0.001141,-0.247497,0.200544,-0.018889,-0.311214,0.28915,-0.048357,-0.361093,0.360586,-0.0824,-0.381519,0.063849,-0.036339,-0.522274,0.156634,-0.073386,-0.602718,0.197706,-0.100856,-0.675541,0.238358,-0.12359,-0.345141,0.040052,-0.069387,-0.395422,0.267244,-0.122957,-0.409956,0.420642,-0.145347,-0.426055,0.535055,-0.157389,-0.280829,0.045649,-0.101625,-0.268592,0.275501,-0.13636,-0.210291,0.251323,-0.127251,-0.185538,0.188077,-0.121507,-0.208851,0.072678,-0.135846,-0.20004,0.255758,-0.151212,-0.15792,0.251326,-0.132255,-0.141205,0.196688,-0.117501,P
0.0,0.0,-1e-06,-0.135317,0.121977,-0.000544,-0.250153,0.199003,-0.021636,-0.315063,0.283899,-0.051901,-0.36499,0.351278,-0.08689,-0.38643,0.059548,-0.038805,-0.528653,0.155375,-0.076243,-0.610096,0.195544,-0.104059,-0.684131,0.234526,-0.127295,-0.348997,0.035277,-0.071292,-0.400128,0.266625,-0.126419,-0.414671,0.42305,-0.148948,-0.430083,0.539796,-0.160973,-0.283769,0.041824,-0.102946,-0.273807,0.274792,-0.139683,-0.214131,0.250501,-0.13074,-0.187703,0.186623,-0.124767,-0.211202,0.070853,-0.136595,-0.204482,0.257103,-0.154302,-0.160926,0.252233,-0.135816,-0.142224,0.195845,-0.120933,P
0.0,0.0,-1e-06,-0.135586,0.119186,1.2e-05,-0.251567,0.19683,-0.020068,-0.318647,0.28443,-0.048852,-0.369018,0.360652,-0.082516,-0.385493,0.062086,-0.040489,-0.528416,0.159127,-0.07756,-0.610559,0.197077,-0.104908,-0.68573,0.233586,-0.127954,-0.347464,0.035051,-0.072622,-0.397246,0.267882,-0.127554,-0.411263,0.425407,-0.149279,-0.426589,0.544226,-0.160647,-0.281278,0.040797,-0.103629,-0.269633,0.273579,-0.140147,-0.211825,0.251109,-0.130497,-0.1866,0.190247,-0.123868,-0.207716,0.069794,-0.136522,-0.199041,0.258139,-0.154593,-0.157438,0.255599,-0.136172,-0.140621,0.202573,-0.121007,P
0.0,0.0,-1e-06,-0.133302,0.122959,-0.001616,-0.249645,0.201501,-0.022614,-0.31783,0.285727,-0.052107,-0.369777,0.355367,-0.086287,-0.387051,0.065509,-0.042452,-0.529958,0.158616,-0.081043,-0.613178,0.196197,-0.109141,-0.689151,0.233978,-0.132541,-0.349197,0.037248,-0.074158,-0.39748,0.274439,-0.129618,-0.409708,0.432076,-0.150797,-0.424236,0.549747,-0.161952,-0.28315,0.040851,-0.10498,-0.272099,0.274631,-0.141873,-0.214701,0.251147,-0.130407,-0.190846,0.188674,-0.122683,-0.209609,0.067292,-0.137936,-0.201938,0.257234,-0.15626,-0.16079,0.253472,-0.136561,-0.144956,0.198722,-0.120313,P
0.0,0.0,-1e-06,-0.133602,0.121332,0.001531,-0.249439,0.201355,-0.019853,-0.315464,0.286838,-0.050358,-0.366065,0.355484,-0.085652,-0.388393,0.062705,-0.041453,-0.533402,0.161725,-0.079615,-0.616409,0.202927,-0.107816,-0.692816,0.244365,-0.131366,-0.350949,0.039184,-0.074745,-0.39973,0.278252,-0.129782,-0.409731,0.437757,-0.150931,-0.422472,0.55851,-0.162299,-0.286113,0.044781,-0.106669,-0.274351,0.271583,-0.141532,-0.216232,0.24302,-0.129378,-0.191933,0.179093,-0.122058,-0.213429,0.071648,-0.140495,-0.205648,0.256212,-0.156678,-0.164126,0.249985,-0.135705,-0.148039,0.194503,-0.119078,P
0.0,0.0,-1e-06,-0.139731,0.10934,0.004076,-0.260037,0.184316,-0.014302,-0.329274,0.271208,-0.042337,-0.383284,0.339254,-0.075213,-0.395115,0.051528,-0.034675,-0.543914,0.149135,-0.070154,-0.628636,0.188493,-0.09757,-0.706319,0.228143,-0.121035,-0.35717,0.026535,-0.068776,-0.41084,0.259671,-0.123056,-0.422583,0.418839,-0.14548,-0.434671,0.539449,-0.157719,-0.291905,0.031625,-0.101405,-0.286318,0.263374,-0.135762,-0.226507,0.238864,-0.126531,-0.199582,0.174777,-0.1216,-0.220055,0.058952,-0.135586,-0.218605,0.248986,-0.152307,-0.174255,0.244679,-0.133266,-0.154124,0.187192,-0.118323,P
0.0,0.0,-1e-06,-0.138138,0.113466,-0.00323,-0.259959,0.190227,-0.025318,-0.330426,0.272573,-0.055316,-0.385668,0.329973,-0.089804,-0.39656,0.046411,-0.045796,-0.55105,0.144664,-0.086025,-0.638748,0.188549,-0.115332,-0.717671,0.229722,-0.139208,-0.359078,0.019764,-0.07618,-0.412607,0.266638,-0.13367,-0.420339,0.433376,-0.154349,-0.429863,0.555335,-0.163841,-0.292502,0.024306,-0.105541,-0.287918,0.257704,-0.142414,-0.228557,0.229863,-0.129966,-0.203362,0.161541,-0.121803,-0.219504,0.053208,-0.13697,-0.216236,0.24632,-0.156186,-0.17328,0.240571,-0.135201,-0.155803,0.180078,-0.117407,P
0.0,0.0,-1e-06,-0.137169,0.115425,-0.001791,-0.256669,0.193564,-0.024774,-0.324377,0.278292,-0.056112,-0.375761,0.339953,-0.092203,-0.393788,0.050595,-0.048203,-0.545447,0.150343,-0.090236,-0.632279,0.193045,-0.120704,-0.711438,0.234719,-0.145464,-0.355772,0.024607,-0.080218,-0.406691,0.272075,-0.140347,-0.413757,0.437296,-0.161451,-0.422532,0.560849,-0.171088,-0.288898,0.029069,-0.111056,-0.2809,0.262731,-0.149587,-0.223053,0.235091,-0.13669,-0.199023,0.16869,-0.127885,-0.21496,0.055871,-0.143962,-0.208988,0.2486,-0.16406,-0.167781,0.243347,-0.143377,-0.152146,0.184549,-0.125813,P
0.0,0.0,-1e-06,-0.138305,0.112463,-0.002131,-0.260851,0.191538,-0.02477,-0.331979,0.276899,-0.055133,-0.387764,0.336481,-0.089811,-0.398983,0.04382,-0.047939,-0.555131,0.141808,-0.089476,-0.642052,0.189847,-0.119288,-0.71942,0.236413,-0.142756,-0.362132,0.018479,-0.078355,-0.413108,0.269866,-0.135329,-0.420884,0.438485,-0.155485,-0.430678,0.562489,-0.164907,-0.295462,0.025246,-0.107548,-0.287667,0.258267,-0.143358,-0.227442,0.229673,-0.130278,-0.201272,0.162906,-0.122011,-0.22236,0.05642,-0.138687,-0.215735,0.246901,-0.156844,-0.173351,0.240487,-0.135628,-0.156763,0.181602,-0.117761,P
0.0,0.0,-1e-06,-0.138969,0.118135,-0.00183,-0.260121,0.200115,-0.025334,-0.325967,0.286958,-0.057374,-0.376712,0.346604,-0.094092,-0.402551,0.05398,-0.046481,-0.556414,0.155415,-0.088662,-0.642892,0.20206,-0.119938,-0.720827,0.248328,-0.145035,-0.364785,0.029406,-0.078752,-0.414871,0.276434,-0.138262,-0.420845,0.445458,-0.160397,-0.42808,0.572955,-0.170928,-0.297598,0.034208,-0.109966,-0.288267,0.267836,-0.146508,-0.22803,0.241599,-0.13392,-0.20207,0.177657,-0.126041,-0.222773,0.061809,-0.143477,-0.214221,0.255386,-0.16051,-0.170974,0.24987,-0.139034,-0.153937,0.191463,-0.121648,P
0.0,0.0,1e-06,0.082957,0.078363,-0.022008,0.144178,0.120824,-0.080673,0.168483,0.162369,-0.142635,0.197241,0.193246,-0.200873,0.235865,0.035715,-0.126609,0.321603,0.09351,-0.199759,0.386394,0.110241,-0.245263,0.443646,0.124073,-0.279249,0.19156,-0.010817,-0.156857,0.225602,0.152793,-0.256149,0.233528,0.264676,-0.288176,0.238687,0.354766,-0.305982,0.128137,-0.024346,-0.183057,0.115333,0.164322,-0.244292,0.085008,0.142444,-0.206003,0.077305,0.086416,-0.17686,0.067397,-0.019016,-0.214858,0.051516,0.134642,-0.247877,0.032669,0.121667,-0.217156,0.035974,0.070043,-0.192634,P
0.0,0.0,1e-06,0.081666,0.068111,-0.020186,0.143245,0.111203,-0.07281,0.167399,0.156106,-0.128408,0.191677,0.1845,-0.18016,0.233413,0.026647,-0.118517,0.319274,0.082155,-0.188484,0.384454,0.100321,-0.232717,0.442388,0.116154,-0.266033,0.190476,-0.020163,-0.147081,0.221767,0.145787,-0.244823,0.231541,0.257186,-0.278932,0.237049,0.346092,-0.297728,0.126551,-0.032768,-0.171095,0.11373,0.156963,-0.231629,0.085461,0.135001,-0.195978,0.078325,0.077988,-0.167321,0.064827,-0.027495,-0.200326,0.050214,0.128811,-0.234127,0.031833,0.11729,-0.205177,0.03471,0.064815,-0.180491,P
0.0,0.0,1e-06,0.075068,0.065286,-0.025332,0.135083,0.106741,-0.075037,0.157703,0.149856,-0.126617,0.185186,0.173523,-0.175238,0.23086,0.023302,-0.111347,0.313121,0.079766,-0.176934,0.376748,0.102322,-0.220518,0.434824,0.121443,-0.253822,0.189427,-0.024008,-0.135739,0.216547,0.141947,-0.2261,0.224128,0.252247,-0.259432,0.230646,0.339419,-0.278742,0.127187,-0.037964,-0.156814,0.106613,0.150485,-0.216616,0.079301,0.127392,-0.189538,0.07399,0.070922,-0.167123,0.065248,-0.036219,-0.182989,0.047973,0.119507,-0.219749,0.029794,0.106857,-0.196986,0.033802,0.055371,-0.176899,P
0.0,0.0,1e-06,0.073712,0.067455,-0.02691,0.132441,0.108119,-0.07774,0.155164,0.150278,-0.1304,0.185564,0.172586,-0.180236,0.230552,0.025146,-0.112279,0.312767,0.080394,-0.178203,0.376266,0.103257,-0.221675,0.43394,0.123197,-0.254648,0.189723,-0.021605,-0.136333,0.217788,0.142988,-0.227474,0.22511,0.253667,-0.261438,0.231604,0.342618,-0.280645,0.127712,-0.035054,-0.157224,0.106247,0.1512,-0.218384,0.077416,0.126925,-0.192299,0.071429,0.071412,-0.170008,0.06584,-0.03265,-0.183258,0.046465,0.120733,-0.221145,0.027165,0.107513,-0.199019,0.031007,0.056898,-0.179089,P
0.0,0.0,1e-06,0.073631,0.066114,-0.03371,0.129735,0.105458,-0.089475,0.147919,0.148649,-0.14577,0.17391,0.173481,-0.199322,0.226398,0.026601,-0.122266,0.306449,0.083536,-0.191613,0.370028,0.105466,-0.237767,0.42721,0.123188,-0.272582,0.184123,-0.02132,-0.143716,0.209626,0.143171,-0.238909,0.217312,0.253179,-0.274823,0.22444,0.341988,-0.295498,0.121812,-0.03543,-0.162283,0.09862,0.151376,-0.226122,0.07032,0.126895,-0.200442,0.064462,0.071615,-0.178543,0.060985,-0.033785,-0.186552,0.040502,0.118639,-0.225838,0.02242,0.105758,-0.20433,0.027423,0.05619,-0.185165,P
0.0,0.0,1e-06,0.074883,0.067866,-0.026673,0.132694,0.108428,-0.081869,0.155663,0.149681,-0.13862,0.186134,0.17833,-0.19225,0.226638,0.024214,-0.124355,0.310013,0.080042,-0.194897,0.374828,0.101921,-0.240025,0.432008,0.122498,-0.274277,0.185303,-0.021934,-0.14967,0.214164,0.14576,-0.248903,0.221801,0.254582,-0.284468,0.228003,0.341887,-0.304391,0.12253,-0.034963,-0.170624,0.104666,0.153981,-0.233507,0.076868,0.128562,-0.200963,0.071189,0.070605,-0.17475,0.061458,-0.032957,-0.196918,0.0434,0.121426,-0.234612,0.024295,0.109042,-0.208548,0.028258,0.057446,-0.185924,P
0.0,0.0,1e-06,0.075316,0.066321,-0.024959,0.133906,0.106372,-0.077104,0.155582,0.150011,-0.130985,0.185236,0.178364,-0.181578,0.228715,0.023952,-0.117793,0.310949,0.081508,-0.185458,0.374453,0.102646,-0.228952,0.431712,0.121946,-0.262011,0.187207,-0.022882,-0.14303,0.21607,0.144022,-0.238988,0.224122,0.254032,-0.273862,0.230576,0.34251,-0.293366,0.124531,-0.035585,-0.164051,0.10645,0.153283,-0.225971,0.078889,0.128864,-0.195544,0.073221,0.071618,-0.170435,0.063015,-0.032628,-0.19015,0.045722,0.122345,-0.227351,0.026714,0.110291,-0.20217,0.030648,0.058999,-0.180005,P
0.0,0.0,1e-06,0.078465,0.067266,-0.027083,0.136743,0.109098,-0.085143,0.159112,0.151824,-0.144874,0.186765,0.181417,-0.201377,0.228479,0.026737,-0.130131,0.311643,0.083554,-0.20329,0.376847,0.104633,-0.250216,0.433494,0.1238,-0.285574,0.184809,-0.020553,-0.15663,0.214919,0.146364,-0.258211,0.224548,0.256862,-0.294534,0.231093,0.345754,-0.315186,0.120914,-0.033049,-0.178665,0.107839,0.157061,-0.241299,0.080684,0.133932,-0.206446,0.073911,0.076171,-0.179338,0.060498,-0.028505,-0.206432,0.045104,0.127076,-0.243191,0.026763,0.115861,-0.215915,0.030446,0.064354,-0.192937,P
0.0,0.0,1e-06,0.081612,0.070347,-0.025987,0.141489,0.114242,-0.086015,0.164288,0.159744,-0.147513,0.187761,0.194212,-0.205345,0.231942,0.027144,-0.137473,0.317252,0.08535,-0.213132,0.38325,0.104923,-0.259774,0.439516,0.122065,-0.294032,0.187278,-0.02083,-0.164152,0.219135,0.148724,-0.267832,0.228049,0.260146,-0.30118,0.232601,0.347096,-0.318675,0.122527,-0.032301,-0.185928,0.111882,0.161142,-0.247955,0.084386,0.14101,-0.207297,0.0772,0.082925,-0.175347,0.061552,-0.025896,-0.213504,0.04716,0.133453,-0.246167,0.029927,0.125062,-0.213774,0.032533,0.074082,-0.186842,P
0.0,0.0,1e-06,0.077682,0.065019,-0.02054,0.13945,0.109539,-0.069323,0.163294,0.156274,-0.120375,0.188438,0.190186,-0.16796,0.229877,0.025126,-0.114377,0.315115,0.084012,-0.180841,0.378771,0.10578,-0.223293,0.436798,0.125152,-0.255498,0.188266,-0.020681,-0.140967,0.219482,0.148139,-0.233697,0.229384,0.259592,-0.266865,0.235512,0.348343,-0.285393,0.125348,-0.031841,-0.163081,0.110936,0.158876,-0.221918,0.084705,0.136348,-0.190204,0.078973,0.078872,-0.164215,0.063766,-0.026324,-0.190061,0.048676,0.131151,-0.224348,0.030702,0.119414,-0.197922,0.033748,0.067406,-0.174808,P
0.0,0.0,1e-06,0.080553,0.070889,-0.029458,0.140478,0.108058,-0.089156,0.165737,0.148798,-0.150192,0.193659,0.180965,-0.207986,0.231057,0.019319,-0.133397,0.31718,0.077385,-0.210133,0.38117,0.10012,-0.259383,0.43804,0.120055,-0.295679,0.187981,-0.025331,-0.158252,0.219762,0.142237,-0.261335,0.229307,0.252893,-0.296642,0.236831,0.338569,-0.316263,0.125619,-0.035316,-0.179189,0.111565,0.157676,-0.243429,0.080557,0.134566,-0.207831,0.072176,0.076039,-0.179499,0.067019,-0.028643,-0.206106,0.048922,0.127994,-0.242671,0.029164,0.115492,-0.215074,0.032234,0.063841,-0.191619,P
0.0,0.0,1e-06,0.076773,0.06284,-0.02968,0.137704,0.09991,-0.079394,0.162209,0.144104,-0.130274,0.19272,0.1711,-0.17771,0.235807,0.018958,-0.111591,0.318189,0.077367,-0.17837,0.381198,0.101034,-0.22284,0.43957,0.122715,-0.256393,0.193819,-0.03002,-0.133374,0.221078,0.133267,-0.226218,0.228992,0.24571,-0.261657,0.234298,0.335351,-0.281612,0.131364,-0.042848,-0.152376,0.106827,0.150488,-0.216017,0.076468,0.128613,-0.192704,0.069269,0.073302,-0.171528,0.068405,-0.039095,-0.176661,0.046927,0.120251,-0.215889,0.028139,0.108419,-0.196239,0.032789,0.05834,-0.17773,P
0.0,0.0,1e-06,0.082083,0.075567,-0.013807,0.142777,0.120025,-0.065402,0.168906,0.162175,-0.120981,0.198922,0.200987,-0.172433,0.234269,0.028226,-0.115614,0.323181,0.084191,-0.184514,0.388667,0.105494,-0.226938,0.446335,0.125674,-0.259105,0.193391,-0.013578,-0.147181,0.229297,0.150289,-0.246106,0.237492,0.262864,-0.27793,0.240766,0.349223,-0.294547,0.132202,-0.023702,-0.17342,0.115896,0.165978,-0.231557,0.08535,0.143222,-0.190763,0.078063,0.085323,-0.159166,0.072248,-0.017525,-0.204622,0.055146,0.134693,-0.2346,0.035062,0.123084,-0.201877,0.037075,0.072365,-0.174978,P
0.0,0.0,1e-06,0.078836,0.073699,-0.019456,0.139631,0.116047,-0.069033,0.165522,0.157205,-0.121078,0.195012,0.194115,-0.168816,0.234192,0.027574,-0.113288,0.320053,0.083251,-0.180635,0.384792,0.106444,-0.222826,0.442171,0.128284,-0.254601,0.194599,-0.018092,-0.140043,0.225799,0.146939,-0.236934,0.233101,0.259929,-0.269863,0.235602,0.347483,-0.286694,0.133752,-0.030726,-0.162169,0.111664,0.160704,-0.221914,0.084048,0.138978,-0.186831,0.079096,0.082223,-0.157728,0.073018,-0.026897,-0.189302,0.052226,0.128976,-0.22198,0.034255,0.118677,-0.193276,0.038639,0.068812,-0.168191,P
0.0,0.0,1e-06,0.082871,0.077989,-0.013572,0.142146,0.120489,-0.065976,0.16557,0.159998,-0.122272,0.196613,0.199353,-0.174281,0.233707,0.032928,-0.116333,0.320518,0.083763,-0.18496,0.387105,0.101972,-0.226305,0.443839,0.118585,-0.257435,0.193066,-0.013423,-0.1478,0.225011,0.150005,-0.246852,0.229257,0.261594,-0.276424,0.229409,0.346899,-0.290712,0.131238,-0.026681,-0.17409,0.110939,0.161585,-0.23263,0.081433,0.139437,-0.190668,0.07569,0.081508,-0.157861,0.070842,-0.024613,-0.205274,0.050531,0.125997,-0.235518,0.031064,0.11495,-0.202267,0.034502,0.06433,-0.174734,P
0.0,0.0,1e-06,0.080715,0.077032,-0.022216,0.140779,0.119131,-0.07614,0.164164,0.159816,-0.132562,0.195566,0.197153,-0.18498,0.232791,0.027417,-0.119795,0.318738,0.079274,-0.191288,0.386748,0.098794,-0.236368,0.444897,0.116691,-0.270051,0.192267,-0.020959,-0.146609,0.223632,0.145543,-0.24714,0.229216,0.259289,-0.280342,0.230516,0.34697,-0.297169,0.130541,-0.034205,-0.169166,0.110269,0.15864,-0.231723,0.081042,0.137079,-0.195463,0.074635,0.078972,-0.165672,0.070389,-0.032741,-0.19706,0.049589,0.123079,-0.232405,0.030545,0.112049,-0.203845,0.034581,0.060779,-0.179007,P
0.0,0.0,1e-06,0.083509,0.081593,-0.012576,0.140558,0.123469,-0.072089,0.1643,0.161468,-0.136404,0.196572,0.200054,-0.196583,0.232201,0.036478,-0.125603,0.32165,0.087871,-0.199328,0.391052,0.106461,-0.243181,0.448359,0.12082,-0.27595,0.19115,-0.008627,-0.160552,0.22673,0.151984,-0.263745,0.230381,0.261793,-0.292454,0.232225,0.345344,-0.30636,0.129138,-0.022136,-0.189953,0.113133,0.163691,-0.247979,0.080846,0.141932,-0.198188,0.07386,0.082816,-0.161511,0.070648,-0.019681,-0.224703,0.051284,0.127112,-0.253718,0.029719,0.11642,-0.215648,0.032603,0.065333,-0.185573,P
0.0,0.0,1e-06,0.078814,0.076931,-0.023441,0.140261,0.117318,-0.074126,0.165727,0.154412,-0.126973,0.194725,0.188021,-0.175901,0.234691,0.029467,-0.112934,0.317964,0.083969,-0.181197,0.381759,0.103818,-0.225265,0.439804,0.120992,-0.258455,0.195286,-0.018298,-0.138723,0.225281,0.144325,-0.2316,0.230215,0.255544,-0.263161,0.233119,0.341797,-0.280291,0.13475,-0.032068,-0.161356,0.110878,0.158532,-0.221143,0.080535,0.138881,-0.18988,0.07469,0.082703,-0.164295,0.074445,-0.029914,-0.189416,0.051597,0.124337,-0.224126,0.032491,0.113645,-0.199134,0.037145,0.063294,-0.17756,P
0.0,0.0,2e-06,0.083379,0.084609,-0.025098,0.135916,0.124189,-0.090262,0.160539,0.158104,-0.157569,0.193281,0.185934,-0.220541,0.23317,0.032498,-0.140397,0.3154,0.080954,-0.217797,0.383938,0.099285,-0.265444,0.43924,0.115032,-0.300962,0.191058,-0.018321,-0.16792,0.218318,0.147072,-0.279103,0.223514,0.254475,-0.31482,0.225016,0.337109,-0.333468,0.126074,-0.031813,-0.189569,0.104785,0.160807,-0.252264,0.0742,0.138911,-0.204479,0.067006,0.078773,-0.168744,0.066171,-0.029334,-0.217373,0.043231,0.124505,-0.248354,0.023513,0.113429,-0.211628,0.027661,0.062171,-0.182553,P
0.0,0.0,2e-06,0.082061,0.082025,-0.030521,0.136079,0.126388,-0.096269,0.155008,0.171363,-0.162956,0.183258,0.213278,-0.225535,0.22964,0.033687,-0.148134,0.312368,0.082432,-0.22866,0.380455,0.10275,-0.277752,0.435328,0.122046,-0.313333,0.186787,-0.018406,-0.173568,0.214165,0.150156,-0.284763,0.219557,0.257185,-0.318357,0.221056,0.338738,-0.334594,0.12014,-0.03153,-0.194061,0.099044,0.163228,-0.259868,0.073296,0.139515,-0.214597,0.069476,0.076258,-0.179077,0.058277,-0.030407,-0.220907,0.034649,0.126504,-0.255179,0.019094,0.113206,-0.220507,0.025127,0.059912,-0.191902,P
0.0,0.0,1e-06,0.076941,0.074981,-0.028981,0.136273,0.1149,-0.08439,0.160678,0.153328,-0.140947,0.195043,0.189075,-0.192906,0.230933,0.028162,-0.124155,0.315357,0.076932,-0.196637,0.382651,0.095736,-0.242058,0.439901,0.112267,-0.275784,0.191705,-0.024002,-0.148162,0.221202,0.138201,-0.25055,0.225323,0.248272,-0.284736,0.224866,0.333113,-0.301857,0.129972,-0.0398,-0.168751,0.10684,0.151342,-0.235595,0.076337,0.131665,-0.200677,0.070405,0.073869,-0.170833,0.069605,-0.039821,-0.194975,0.046554,0.116933,-0.233757,0.026361,0.108136,-0.206191,0.031163,0.057691,-0.181683,P
0.0,0.0,2e-06,0.075285,0.075103,-0.034723,0.129778,0.11073,-0.096431,0.151238,0.146063,-0.158838,0.182689,0.182946,-0.217525,0.227721,0.029397,-0.132374,0.309265,0.076242,-0.20846,0.37765,0.09601,-0.258263,0.435127,0.114389,-0.295465,0.188032,-0.024967,-0.155134,0.215251,0.134661,-0.258029,0.21966,0.244709,-0.293644,0.221416,0.33202,-0.312798,0.126473,-0.041053,-0.174882,0.101833,0.150439,-0.239324,0.072303,0.128131,-0.205459,0.067019,0.068808,-0.178663,0.067106,-0.043025,-0.201273,0.040034,0.111347,-0.239957,0.02119,0.09957,-0.214829,0.028365,0.048546,-0.193271,P
0.0,0.0,2e-06,0.07686,0.078568,-0.041517,0.136959,0.115154,-0.102332,0.16187,0.147072,-0.162566,0.189468,0.173359,-0.219302,0.233457,0.02003,-0.132613,0.315354,0.067411,-0.209675,0.38327,0.08873,-0.261826,0.441265,0.107749,-0.300628,0.192773,-0.036229,-0.15166,0.220506,0.125973,-0.253358,0.222583,0.239347,-0.290033,0.222127,0.327514,-0.309982,0.13119,-0.052416,-0.169015,0.106618,0.145503,-0.236039,0.074932,0.126792,-0.207299,0.067975,0.067804,-0.183033,0.071449,-0.052412,-0.193496,0.04463,0.110045,-0.235431,0.025088,0.099956,-0.214505,0.031401,0.048292,-0.195471,P
0.0,0.0,2e-06,0.075498,0.075788,-0.040817,0.131277,0.111316,-0.104158,0.151881,0.144814,-0.166439,0.178026,0.174782,-0.225042,0.230028,0.019775,-0.140638,0.311979,0.067959,-0.21772,0.380242,0.08799,-0.267883,0.437621,0.107569,-0.305232,0.188357,-0.036519,-0.159471,0.215263,0.127736,-0.265939,0.217913,0.239453,-0.303823,0.215943,0.326214,-0.323879,0.124778,-0.050343,-0.175098,0.099693,0.149412,-0.242914,0.069101,0.131648,-0.211293,0.062781,0.072778,-0.184871,0.064218,-0.048306,-0.197462,0.037911,0.112794,-0.23756,0.019224,0.10448,-0.213559,0.026929,0.054693,-0.192464,P
0.0,0.0,1e-06,0.077131,0.085079,-0.03088,0.140539,0.129721,-0.081194,0.173656,0.165698,-0.132533,0.21276,0.179754,-0.179283,0.243985,0.034012,-0.115708,0.327875,0.087733,-0.184799,0.392265,0.109478,-0.229119,0.451395,0.129861,-0.261389,0.204527,-0.017878,-0.136548,0.23237,0.148286,-0.226733,0.239316,0.259436,-0.257551,0.241791,0.347119,-0.274033,0.140097,-0.033703,-0.155367,0.116319,0.162582,-0.217792,0.087031,0.144588,-0.188692,0.080104,0.087629,-0.1626,0.077366,-0.032153,-0.179881,0.051699,0.13377,-0.218082,0.03558,0.122025,-0.195705,0.041725,0.070643,-0.174761,P
0.0,0.0,1e-06,0.08218,0.07362,-0.038924,0.099256,0.200303,-0.078821,0.055935,0.31236,-0.101347,0.002143,0.373826,-0.120684,0.074055,0.174358,-0.175239,0.095171,0.351606,-0.217688,0.101929,0.450582,-0.232413,0.103705,0.531595,-0.24358,0.007915,0.166118,-0.163344,0.007769,0.360466,-0.206437,-0.001667,0.478079,-0.2149,-0.017774,0.566664,-0.225568,-0.045608,0.163419,-0.141412,-0.023682,0.329512,-0.162712,0.010934,0.311796,-0.134691,0.027697,0.259597,-0.11583,-0.084393,0.166132,-0.121599,-0.047949,0.289828,-0.137241,-0.020031,0.277548,-0.120656,-0.013869,0.234681,-0.107315,Q
0.0,0.0,1e-06,0.083978,0.07356,-0.038946,0.102498,0.204812,-0.076862,0.057317,0.320374,-0.098736,0.0005,0.381009,-0.117265,0.074971,0.177914,-0.163729,0.097752,0.359879,-0.201748,0.104285,0.457049,-0.211895,0.105877,0.536874,-0.219841,0.008486,0.170666,-0.153366,0.009852,0.367372,-0.194291,0.001579,0.483643,-0.201773,-0.014548,0.574012,-0.21098,-0.044608,0.168412,-0.134146,-0.020206,0.33795,-0.159971,0.014259,0.314123,-0.136848,0.030096,0.258519,-0.11925,-0.083356,0.171949,-0.116631,-0.043551,0.296847,-0.136664,-0.015524,0.282788,-0.123759,-0.010135,0.238784,-0.112053,Q
0.0,0.0,1e-06,0.083748,0.075568,-0.037566,0.101671,0.204484,-0.075737,0.056569,0.318569,-0.097616,0.001867,0.380669,-0.116376,0.07683,0.182015,-0.167645,0.097549,0.361855,-0.20734,0.104155,0.460383,-0.219382,0.105817,0.540756,-0.228551,0.010166,0.174984,-0.15726,0.011162,0.37075,-0.20045,0.00194,0.490768,-0.210052,-0.014998,0.581528,-0.220823,-0.044113,0.171716,-0.13708,-0.022042,0.338126,-0.161606,0.012638,0.319379,-0.137202,0.029363,0.265815,-0.119498,-0.083827,0.173815,-0.118569,-0.045702,0.297964,-0.136895,-0.018371,0.284568,-0.122092,-0.01248,0.240005,-0.10924,Q
0.0,0.0,1e-06,0.086857,0.074965,-0.035842,0.10706,0.202208,-0.07348,0.063397,0.317081,-0.095101,0.009312,0.378445,-0.113156,0.084557,0.185829,-0.166392,0.105381,0.368262,-0.205437,0.112953,0.468264,-0.21651,0.114955,0.548661,-0.225089,0.018663,0.17958,-0.156294,0.020569,0.378459,-0.199382,0.009749,0.497985,-0.208556,-0.008257,0.587042,-0.219007,-0.036113,0.176887,-0.136094,-0.014089,0.344769,-0.159527,0.018029,0.321939,-0.133313,0.033763,0.265307,-0.114621,-0.07734,0.177909,-0.117568,-0.039922,0.301815,-0.135685,-0.014179,0.284518,-0.120448,-0.008922,0.238182,-0.107091,Q
0.0,0.0,1e-06,0.088437,0.069531,-0.038942,0.109597,0.196381,-0.079254,0.067168,0.311964,-0.10299,0.013284,0.374729,-0.123226,0.087105,0.179093,-0.172012,0.109107,0.35688,-0.217172,0.117509,0.459137,-0.234006,0.119831,0.540943,-0.246572,0.02051,0.172931,-0.161984,0.021954,0.371964,-0.210036,0.01392,0.491503,-0.221519,-0.003025,0.579871,-0.233032,-0.034006,0.168783,-0.14215,-0.012911,0.334799,-0.167389,0.019285,0.31072,-0.137592,0.033239,0.254941,-0.11599,-0.074603,0.167847,-0.124653,-0.039871,0.292894,-0.143583,-0.013876,0.275757,-0.125868,-0.008284,0.229848,-0.110333,Q
0.0,0.0,1e-06,0.084059,0.074326,-0.03555,0.104016,0.200322,-0.073285,0.060754,0.312166,-0.095742,0.007111,0.371487,-0.114941,0.081007,0.185634,-0.162498,0.10264,0.365989,-0.203182,0.110323,0.465849,-0.216039,0.111837,0.545017,-0.22523,0.016187,0.178126,-0.153606,0.016718,0.378612,-0.196375,0.005556,0.497098,-0.20504,-0.01314,0.583933,-0.214464,-0.038821,0.173522,-0.13529,-0.019168,0.340107,-0.159138,0.011859,0.315499,-0.132658,0.026897,0.257894,-0.112999,-0.080753,0.171764,-0.118776,-0.045389,0.296036,-0.136731,-0.01987,0.277919,-0.120547,-0.014457,0.230601,-0.106018,Q
0.0,0.0,1e-06,0.087732,0.065953,-0.038579,0.110185,0.19243,-0.076114,0.06769,0.308841,-0.097963,0.013726,0.371938,-0.116587,0.083866,0.177422,-0.159941,0.107405,0.35559,-0.201462,0.115711,0.455886,-0.215995,0.118298,0.536576,-0.226623,0.017387,0.172613,-0.150252,0.019321,0.370115,-0.194139,0.012473,0.489351,-0.204472,-0.003772,0.581533,-0.214757,-0.035592,0.169147,-0.131985,-0.012588,0.332795,-0.15887,0.021404,0.311129,-0.134626,0.03601,0.257818,-0.115456,-0.07442,0.169576,-0.115636,-0.037662,0.293234,-0.136679,-0.010789,0.278531,-0.122255,-0.00475,0.234141,-0.108475,Q
0.0,0.0,1e-06,0.086443,0.066603,-0.039303,0.106731,0.1911,-0.078359,0.063948,0.30356,-0.102073,0.008875,0.365339,-0.122717,0.08511,0.179728,-0.162198,0.10533,0.360269,-0.207769,0.111523,0.462804,-0.225538,0.110948,0.543884,-0.23773,0.018725,0.172225,-0.153559,0.017839,0.373184,-0.201765,0.009224,0.494774,-0.214622,-0.008522,0.586035,-0.225531,-0.035839,0.16531,-0.136291,-0.015924,0.328256,-0.165544,0.01461,0.300087,-0.138443,0.027552,0.243865,-0.116142,-0.076066,0.161067,-0.121166,-0.042661,0.286648,-0.142321,-0.017666,0.267715,-0.124375,-0.012432,0.221102,-0.107215,Q
0.0,0.0,1e-06,0.083595,0.066845,-0.041066,0.102982,0.193276,-0.079039,0.058652,0.308274,-0.102084,0.00294,0.369548,-0.122096,0.079357,0.173438,-0.153761,0.101096,0.354667,-0.195057,0.108674,0.45425,-0.208752,0.108317,0.534,-0.218173,0.013027,0.166789,-0.145186,0.012589,0.362318,-0.188756,0.006893,0.478285,-0.198154,-0.009333,0.566744,-0.206476,-0.040956,0.159964,-0.129434,-0.020986,0.321966,-0.161233,0.010663,0.293975,-0.139118,0.023336,0.237934,-0.119176,-0.081145,0.156258,-0.115592,-0.046533,0.280553,-0.140485,-0.020888,0.262296,-0.126866,-0.016922,0.215081,-0.112436,Q
0.0,0.0,1e-06,0.083088,0.068854,-0.039112,0.102222,0.19517,-0.076195,0.057022,0.308305,-0.09855,0.00334,0.367691,-0.117659,0.083551,0.178736,-0.153078,0.10267,0.358815,-0.195889,0.108987,0.458857,-0.212769,0.108494,0.53856,-0.224814,0.017322,0.16849,-0.145089,0.014062,0.364502,-0.188728,0.007215,0.481457,-0.200584,-0.008248,0.569183,-0.211835,-0.037065,0.159305,-0.129557,-0.018806,0.323193,-0.15865,0.010747,0.293057,-0.135007,0.023746,0.234441,-0.115507,-0.078006,0.153704,-0.116173,-0.045088,0.28069,-0.140689,-0.020825,0.259379,-0.126883,-0.015845,0.209869,-0.112692,Q
0.0,0.0,1e-06,0.084722,0.070235,-0.038931,0.101512,0.19777,-0.078033,0.056564,0.31172,-0.101381,0.00338,0.374816,-0.121383,0.084735,0.184987,-0.164463,0.103527,0.363142,-0.208546,0.111123,0.463334,-0.224777,0.112905,0.542331,-0.236343,0.018884,0.175905,-0.155462,0.016368,0.372573,-0.204081,0.006635,0.492309,-0.217917,-0.010284,0.581736,-0.230321,-0.036245,0.168917,-0.137199,-0.017215,0.330243,-0.165573,0.012257,0.302052,-0.138762,0.026326,0.245893,-0.117852,-0.0778,0.16558,-0.121036,-0.042411,0.289074,-0.142277,-0.018777,0.268519,-0.125492,-0.013766,0.221629,-0.10976,Q
0.0,0.0,1e-06,0.084969,0.070771,-0.039,0.102337,0.197971,-0.078718,0.057767,0.311794,-0.102422,0.005138,0.373299,-0.122708,0.086882,0.181427,-0.167099,0.106838,0.357989,-0.21305,0.11384,0.459331,-0.232108,0.114212,0.539539,-0.246189,0.020969,0.170949,-0.157819,0.019083,0.364696,-0.207846,0.011797,0.484802,-0.223921,-0.003057,0.573642,-0.23867,-0.0336,0.16375,-0.138934,-0.014238,0.327975,-0.166458,0.015484,0.298895,-0.13827,0.02891,0.241657,-0.117258,-0.074786,0.161089,-0.122327,-0.038763,0.286769,-0.143453,-0.014519,0.265163,-0.126335,-0.009631,0.216827,-0.110704,Q
0.0,0.0,1e-06,0.085408,0.06834,-0.038144,0.103741,0.192951,-0.077138,0.060658,0.305033,-0.10105,0.009388,0.369051,-0.121919,0.088233,0.182398,-0.1614,0.106818,0.36048,-0.206658,0.113015,0.461742,-0.224336,0.112146,0.542367,-0.23671,0.022285,0.173255,-0.15345,0.019913,0.368114,-0.202384,0.010843,0.487174,-0.216591,-0.007164,0.576568,-0.228886,-0.033191,0.164992,-0.136611,-0.015346,0.326927,-0.166003,0.013735,0.297686,-0.139306,0.025889,0.241101,-0.11785,-0.075335,0.160026,-0.121798,-0.041313,0.285547,-0.143739,-0.017477,0.264683,-0.126528,-0.012914,0.21734,-0.110041,Q
0.0,0.0,1e-06,0.084698,0.07274,-0.037517,0.103848,0.198002,-0.07728,0.060018,0.309139,-0.100657,0.005085,0.370241,-0.120771,0.08273,0.182864,-0.170989,0.102361,0.362425,-0.212417,0.109048,0.461759,-0.225111,0.110155,0.540571,-0.234487,0.017267,0.174035,-0.161205,0.016557,0.372246,-0.205559,0.005327,0.489998,-0.214292,-0.012839,0.577547,-0.224067,-0.03757,0.168817,-0.141413,-0.017908,0.332481,-0.164449,0.012911,0.307465,-0.135031,0.028213,0.251851,-0.114207,-0.079011,0.16682,-0.123664,-0.044012,0.289454,-0.140425,-0.01871,0.271747,-0.122322,-0.012682,0.226295,-0.107012,Q
0.0,0.0,1e-06,0.084855,0.074174,-0.037361,0.103902,0.202665,-0.07475,0.060072,0.316278,-0.096638,0.005096,0.377201,-0.115613,0.079231,0.182279,-0.162989,0.099971,0.363574,-0.202851,0.106142,0.463174,-0.214892,0.107286,0.543511,-0.223592,0.012529,0.175519,-0.153256,0.016633,0.37165,-0.195445,0.007466,0.48937,-0.203853,-0.009271,0.578242,-0.213022,-0.041902,0.172202,-0.134478,-0.018201,0.336874,-0.159946,0.014825,0.315397,-0.135832,0.030893,0.261361,-0.117339,-0.081199,0.174078,-0.117388,-0.042503,0.297635,-0.136107,-0.015114,0.283998,-0.121231,-0.009257,0.239772,-0.107785,Q
0.0,0.0,1e-06,0.084289,0.070087,-0.037271,0.103778,0.195792,-0.075886,0.061629,0.310824,-0.09835,0.007472,0.375231,-0.117691,0.079505,0.179945,-0.167664,0.101659,0.361167,-0.210088,0.108089,0.460826,-0.225269,0.10969,0.541535,-0.236375,0.013539,0.173945,-0.157416,0.01691,0.369901,-0.200176,0.009392,0.486772,-0.208519,-0.005723,0.576071,-0.218386,-0.040113,0.170683,-0.137823,-0.017515,0.334435,-0.1602,0.016442,0.314803,-0.132806,0.032649,0.262736,-0.113477,-0.079709,0.171619,-0.120295,-0.043633,0.29308,-0.136759,-0.015763,0.281186,-0.12025,-0.008993,0.239317,-0.106301,Q
0.0,0.0,1e-06,0.080866,0.078408,-0.035718,0.097712,0.202921,-0.073795,0.052745,0.313821,-0.096527,-0.001633,0.371147,-0.115901,0.077413,0.184884,-0.164838,0.099361,0.363984,-0.203748,0.105601,0.461868,-0.213376,0.106298,0.539684,-0.220014,0.013014,0.177847,-0.155345,0.013698,0.375076,-0.199155,0.001994,0.493252,-0.20761,-0.01613,0.579378,-0.216476,-0.041219,0.174402,-0.135937,-0.020741,0.33724,-0.160682,0.008433,0.31169,-0.134818,0.023615,0.255585,-0.115134,-0.082777,0.174109,-0.118038,-0.044669,0.294711,-0.134856,-0.020606,0.276547,-0.118403,-0.015688,0.230949,-0.103812,Q
0.0,0.0,1e-06,0.0841,0.071226,-0.037473,0.104065,0.196627,-0.07524,0.060411,0.308904,-0.097398,0.005537,0.369856,-0.11623,0.081159,0.178739,-0.161315,0.1015,0.357108,-0.201162,0.107873,0.456214,-0.212599,0.108519,0.535376,-0.220732,0.016113,0.172105,-0.152121,0.017185,0.370597,-0.194899,0.007402,0.487698,-0.202188,-0.010558,0.574671,-0.209868,-0.037558,0.167327,-0.134037,-0.015401,0.329136,-0.159439,0.015447,0.303881,-0.132488,0.029929,0.248182,-0.111542,-0.077602,0.164663,-0.117854,-0.04249,0.288102,-0.136304,-0.017148,0.271286,-0.119475,-0.011711,0.225971,-0.104232,Q
0.0,0.0,1e-06,0.085343,0.070763,-0.0379,0.106314,0.196386,-0.077307,0.065059,0.311748,-0.099678,0.011572,0.375096,-0.118786,0.080491,0.179316,-0.174646,0.101481,0.358171,-0.21749,0.108323,0.458465,-0.232666,0.110281,0.538946,-0.244246,0.014944,0.173953,-0.163155,0.019698,0.368547,-0.208764,0.010784,0.487848,-0.219411,-0.005553,0.576545,-0.231217,-0.038338,0.172327,-0.141229,-0.013889,0.33768,-0.16252,0.019889,0.319425,-0.133377,0.036566,0.267479,-0.113948,-0.07754,0.17498,-0.121509,-0.038458,0.295704,-0.13711,-0.011465,0.282233,-0.119893,-0.005287,0.239256,-0.105866,Q
0.0,0.0,1e-06,0.086052,0.072985,-0.0371,0.107621,0.199322,-0.075779,0.065807,0.313134,-0.098211,0.013001,0.374809,-0.117451,0.082183,0.183448,-0.169975,0.102686,0.36615,-0.211263,0.109778,0.467116,-0.224574,0.111074,0.547606,-0.234617,0.01608,0.176669,-0.159474,0.020104,0.37485,-0.205297,0.010276,0.495069,-0.216647,-0.007541,0.583879,-0.228378,-0.038283,0.173283,-0.138634,-0.014336,0.341685,-0.16261,0.017994,0.319271,-0.135392,0.033136,0.264216,-0.116091,-0.078622,0.174715,-0.119636,-0.039338,0.298241,-0.137605,-0.013426,0.281423,-0.121192,-0.008525,0.236071,-0.10697,Q
0.0,0.0,1e-06,0.086511,0.071358,-0.037123,0.107044,0.198817,-0.074409,0.063897,0.312931,-0.096238,0.009591,0.374695,-0.11501,0.083815,0.183069,-0.162185,0.104592,0.365143,-0.202328,0.111136,0.465429,-0.21444,0.112246,0.546013,-0.223234,0.018116,0.177138,-0.152893,0.021873,0.373096,-0.196192,0.011873,0.490507,-0.205317,-0.006188,0.579362,-0.214787,-0.036278,0.173841,-0.134507,-0.01357,0.338698,-0.16025,0.018506,0.316667,-0.135443,0.033949,0.262791,-0.116508,-0.076494,0.174712,-0.1179,-0.038769,0.298139,-0.137087,-0.012486,0.283329,-0.12187,-0.006783,0.238879,-0.107994,Q
0.0,0.0,1e-06,0.086539,0.068081,-0.038207,0.105807,0.192518,-0.076703,0.063017,0.30571,-0.099748,0.009651,0.369912,-0.119474,0.088803,0.177177,-0.160404,0.109123,0.354927,-0.201782,0.116626,0.455352,-0.214198,0.118524,0.535866,-0.222608,0.02393,0.171674,-0.151388,0.022421,0.369544,-0.19541,0.013101,0.487115,-0.203537,-0.003942,0.576501,-0.211401,-0.030761,0.167937,-0.133785,-0.00919,0.329621,-0.161287,0.019151,0.299448,-0.134489,0.031339,0.241642,-0.112694,-0.072612,0.16578,-0.118081,-0.036721,0.290459,-0.137987,-0.013043,0.270136,-0.121091,-0.009183,0.223213,-0.105164,Q
0.0,0.0,1e-06,0.086458,0.066992,-0.038127,0.107515,0.190489,-0.0761,0.065325,0.302734,-0.099173,0.010606,0.363785,-0.118931,0.086819,0.1756,-0.157123,0.10748,0.352521,-0.199488,0.115089,0.452467,-0.21354,0.116289,0.531802,-0.223274,0.021768,0.17086,-0.148879,0.021791,0.367258,-0.19458,0.012957,0.485096,-0.204894,-0.00516,0.574189,-0.214097,-0.0325,0.166378,-0.132406,-0.011632,0.327145,-0.161769,0.01759,0.298953,-0.136579,0.029683,0.24239,-0.115476,-0.073636,0.163796,-0.117888,-0.038896,0.28766,-0.139962,-0.014882,0.268518,-0.124543,-0.01058,0.221889,-0.109274,Q
0.0,0.0,1e-06,0.086991,0.071079,-0.036124,0.108015,0.197134,-0.073857,0.065495,0.311118,-0.096454,0.011487,0.372779,-0.115785,0.088264,0.17955,-0.160902,0.110277,0.359474,-0.199754,0.118124,0.458013,-0.210019,0.120289,0.537082,-0.21759,0.023377,0.175131,-0.152201,0.026351,0.370771,-0.19556,0.016341,0.488235,-0.204105,-0.001504,0.577314,-0.213122,-0.031391,0.172477,-0.134209,-0.009151,0.335713,-0.159821,0.01957,0.308815,-0.133662,0.03239,0.252307,-0.113592,-0.073585,0.172419,-0.117934,-0.035444,0.295694,-0.136758,-0.011666,0.277351,-0.120836,-0.008114,0.231315,-0.106402,Q
0.0,0.0,1e-06,0.086452,0.068515,-0.039031,0.106368,0.191048,-0.081807,0.065052,0.30191,-0.108598,0.011925,0.363988,-0.131816,0.091312,0.173081,-0.174066,0.113067,0.347259,-0.219586,0.120679,0.446031,-0.235285,0.121322,0.524329,-0.247006,0.026669,0.16591,-0.165623,0.026412,0.357545,-0.22139,0.018763,0.478568,-0.238096,0.001302,0.566871,-0.252074,-0.027134,0.160332,-0.146481,-0.007036,0.3217,-0.175441,0.021638,0.291439,-0.142854,0.032842,0.23486,-0.11825,-0.069329,0.158712,-0.129649,-0.033545,0.283992,-0.148384,-0.010666,0.26399,-0.127366,-0.006521,0.217665,-0.109091,Q
0.0,0.0,0.0,-0.096065,0.052988,-0.011344,-0.129382,0.164275,-0.045045,-0.102452,0.268094,-0.074434,-0.067294,0.337257,-0.112432,-0.135593,0.188813,-0.12792,-0.172146,0.351726,-0.163249,-0.195225,0.450006,-0.182367,-0.217133,0.531814,-0.196765,-0.070937,0.179391,-0.133247,-0.043584,0.382862,-0.169071,-0.026321,0.497398,-0.173823,-0.011447,0.583895,-0.181186,-0.006051,0.167781,-0.128901,0.002827,0.313773,-0.143762,-0.015452,0.270784,-0.121901,-0.028379,0.219846,-0.109397,0.045882,0.158562,-0.123931,0.040275,0.270059,-0.130748,0.023915,0.238939,-0.107512,0.008116,0.192992,-0.090285,Q
0.0,0.0,0.0,-0.092319,0.055175,-0.011781,-0.126346,0.16406,-0.04741,-0.10177,0.265542,-0.07822,-0.068821,0.332407,-0.11826,-0.129649,0.185928,-0.133022,-0.167275,0.347633,-0.169888,-0.190575,0.447219,-0.189297,-0.211851,0.528607,-0.203476,-0.065949,0.171872,-0.138544,-0.039462,0.378734,-0.175063,-0.020063,0.490528,-0.178164,-0.0036,0.57334,-0.184251,-0.001034,0.158279,-0.13421,0.009236,0.312684,-0.149223,-0.008238,0.271611,-0.125282,-0.021801,0.221001,-0.111611,0.051706,0.1492,-0.129231,0.046234,0.26666,-0.136193,0.028136,0.235634,-0.11177,0.009513,0.189481,-0.093928,Q
0.0,0.0,0.0,-0.096736,0.051799,-0.011392,-0.131506,0.160593,-0.046326,-0.105665,0.261796,-0.076833,-0.071868,0.328566,-0.116423,-0.135541,0.185507,-0.131614,-0.170008,0.350704,-0.168223,-0.191506,0.450557,-0.188397,-0.212583,0.532369,-0.203428,-0.070335,0.17466,-0.137107,-0.04261,0.376436,-0.172837,-0.024544,0.490764,-0.176718,-0.009206,0.577835,-0.183841,-0.004973,0.162333,-0.132791,0.004003,0.307849,-0.146293,-0.015001,0.264527,-0.122598,-0.028671,0.213643,-0.109658,0.047463,0.153282,-0.128042,0.041408,0.264392,-0.133684,0.02399,0.233272,-0.109109,0.007057,0.187373,-0.091436,Q
0.0,0.0,0.0,-0.100388,0.044929,-0.011528,-0.136891,0.155313,-0.044138,-0.112044,0.257486,-0.073234,-0.0766,0.324179,-0.111306,-0.141618,0.186264,-0.121339,-0.175855,0.353122,-0.156406,-0.197697,0.451526,-0.176684,-0.219555,0.531873,-0.191849,-0.075755,0.175146,-0.127838,-0.048591,0.37441,-0.161815,-0.030904,0.487063,-0.167442,-0.016146,0.570881,-0.175662,-0.009559,0.161378,-0.125468,0.000426,0.308498,-0.140873,-0.015495,0.26788,-0.121903,-0.027398,0.217227,-0.111432,0.043178,0.149641,-0.122615,0.038145,0.258933,-0.131196,0.02102,0.226842,-0.10972,0.00439,0.179101,-0.093549,Q
0.0,0.0,0.0,-0.096114,0.054612,-0.010029,-0.129957,0.164274,-0.04359,-0.102948,0.265803,-0.073254,-0.067303,0.331899,-0.112028,-0.135228,0.189948,-0.126778,-0.168766,0.353224,-0.162429,-0.189534,0.452608,-0.181798,-0.210205,0.534109,-0.196213,-0.070987,0.177662,-0.133113,-0.042072,0.380794,-0.168151,-0.023151,0.495147,-0.17187,-0.00729,0.581014,-0.178536,-0.005735,0.164395,-0.129824,0.006691,0.313,-0.14379,-0.011127,0.270372,-0.120555,-0.025023,0.219052,-0.107346,0.047399,0.154639,-0.125947,0.044336,0.267316,-0.13211,0.027444,0.235866,-0.107741,0.00994,0.189815,-0.089777,Q
0.0,0.0,0.0,-0.0953,0.052983,-0.009811,-0.130242,0.160843,-0.042544,-0.105891,0.261249,-0.071976,-0.071894,0.328948,-0.110514,-0.136325,0.189425,-0.122238,-0.169172,0.353141,-0.157943,-0.190155,0.451469,-0.177863,-0.210842,0.53201,-0.192647,-0.072755,0.176248,-0.129517,-0.042814,0.378694,-0.164582,-0.024083,0.492753,-0.169041,-0.008985,0.578376,-0.176064,-0.007371,0.161649,-0.127751,0.007135,0.309641,-0.143119,-0.009863,0.26823,-0.121533,-0.023884,0.217512,-0.109068,0.04581,0.150682,-0.125431,0.045159,0.262261,-0.133634,0.028505,0.231667,-0.110935,0.010474,0.186099,-0.093804,Q
0.0,0.0,0.0,-0.096577,0.052116,-0.010627,-0.129197,0.161878,-0.043692,-0.100836,0.263943,-0.073462,-0.063743,0.330207,-0.112258,-0.136175,0.189209,-0.121108,-0.168676,0.353539,-0.155363,-0.188824,0.452557,-0.174124,-0.209167,0.533923,-0.188421,-0.072605,0.178223,-0.127913,-0.042635,0.379859,-0.162318,-0.023445,0.493231,-0.167152,-0.008074,0.5784,-0.174529,-0.007761,0.164611,-0.12563,0.0068,0.310732,-0.140909,-0.010269,0.267182,-0.120506,-0.024132,0.215931,-0.108965,0.044578,0.15427,-0.12276,0.044443,0.264782,-0.130678,0.029374,0.232664,-0.108272,0.01277,0.186627,-0.091585,Q
0.0,0.0,0.0,-0.098976,0.045409,-0.012784,-0.134738,0.156044,-0.046393,-0.109219,0.256886,-0.076798,-0.073282,0.322721,-0.116371,-0.140769,0.186557,-0.120476,-0.17265,0.355301,-0.155784,-0.192989,0.454565,-0.176264,-0.213198,0.534753,-0.191756,-0.075867,0.175938,-0.127574,-0.047652,0.375725,-0.162101,-0.028855,0.48681,-0.168848,-0.014002,0.568974,-0.177875,-0.009441,0.162001,-0.126102,0.004309,0.307667,-0.142909,-0.009798,0.263268,-0.125266,-0.021984,0.210823,-0.11578,0.044263,0.150816,-0.124229,0.043497,0.257664,-0.134571,0.028979,0.222285,-0.114085,0.012992,0.173805,-0.098813,Q
0.0,0.0,0.0,-0.095432,0.050194,-0.010889,-0.129427,0.158755,-0.044912,-0.102344,0.258431,-0.074708,-0.066637,0.324284,-0.11355,-0.133738,0.185423,-0.128924,-0.166601,0.351586,-0.164715,-0.187657,0.45163,-0.184413,-0.208185,0.532886,-0.199213,-0.069625,0.172988,-0.134783,-0.041386,0.376225,-0.169177,-0.023272,0.488796,-0.172794,-0.008348,0.572987,-0.17996,-0.004488,0.158778,-0.13106,0.006808,0.304986,-0.144235,-0.01063,0.262778,-0.1215,-0.023661,0.212378,-0.109373,0.048019,0.148953,-0.126904,0.044102,0.257987,-0.133189,0.026522,0.226731,-0.110051,0.008654,0.18127,-0.093502,Q
0.0,0.0,0.0,-0.091845,0.054374,-0.012634,-0.126143,0.162547,-0.046311,-0.101517,0.262445,-0.075602,-0.06757,0.329429,-0.113646,-0.129958,0.184291,-0.126504,-0.161962,0.351746,-0.161261,-0.182675,0.451317,-0.179953,-0.203308,0.532773,-0.194126,-0.066601,0.17188,-0.131927,-0.038567,0.375736,-0.166711,-0.020472,0.489746,-0.171557,-0.006242,0.574818,-0.179125,-0.002056,0.158598,-0.128121,0.008729,0.30786,-0.144233,-0.008704,0.265621,-0.124233,-0.022071,0.214737,-0.112789,0.049939,0.149987,-0.123678,0.046093,0.263312,-0.132757,0.029611,0.231878,-0.111325,0.012698,0.186091,-0.095342,Q
0.0,0.0,0.0,-0.089501,0.058715,-0.013459,-0.120176,0.169358,-0.048578,-0.091321,0.271897,-0.079128,-0.054472,0.338536,-0.118663,-0.123604,0.188659,-0.129665,-0.157078,0.35259,-0.165777,-0.177962,0.451847,-0.185198,-0.198173,0.534641,-0.199715,-0.06181,0.175948,-0.134962,-0.032545,0.380767,-0.172466,-0.011941,0.495597,-0.178643,0.006192,0.58008,-0.186344,0.002232,0.161604,-0.130629,0.01324,0.312176,-0.148649,-0.006246,0.269632,-0.128572,-0.020762,0.21817,-0.116285,0.0544,0.151498,-0.125567,0.048394,0.265054,-0.135954,0.030108,0.233006,-0.114323,0.011919,0.187646,-0.097686,Q
0.0,0.0,0.0,-0.088939,0.056941,-0.011531,-0.120979,0.16625,-0.04536,-0.094416,0.268056,-0.075065,-0.060678,0.334889,-0.113663,-0.12416,0.187244,-0.125948,-0.156171,0.353979,-0.161179,-0.176909,0.451932,-0.180045,-0.197017,0.533358,-0.194225,-0.061952,0.175155,-0.132011,-0.033109,0.379873,-0.168276,-0.01336,0.492119,-0.173468,0.003356,0.575312,-0.180577,0.002651,0.160694,-0.128606,0.011758,0.309069,-0.146188,-0.006695,0.265176,-0.125759,-0.019789,0.21403,-0.113265,0.055299,0.150303,-0.124365,0.047585,0.262128,-0.1352,0.02962,0.229423,-0.113966,0.011875,0.184167,-0.097515,Q
0.0,0.0,0.0,-0.087243,0.054959,-0.012743,-0.120685,0.161403,-0.046426,-0.09781,0.259598,-0.075189,-0.064932,0.325404,-0.112938,-0.12404,0.182698,-0.128835,-0.155279,0.353041,-0.164133,-0.176005,0.452564,-0.18261,-0.195227,0.533628,-0.196027,-0.060327,0.170498,-0.133449,-0.030373,0.374131,-0.168849,-0.009836,0.484293,-0.172718,0.006817,0.56353,-0.178653,0.005083,0.15658,-0.128595,0.015996,0.306919,-0.145611,-0.00118,0.268734,-0.125526,-0.013973,0.219695,-0.113173,0.059046,0.148282,-0.122905,0.052071,0.260446,-0.133579,0.033409,0.230103,-0.1129,0.014224,0.186214,-0.096684,Q
0.0,0.0,0.0,-0.089294,0.051632,-0.014046,-0.122312,0.162108,-0.048541,-0.097686,0.262109,-0.078671,-0.06248,0.326591,-0.118032,-0.126289,0.18591,-0.127132,-0.157206,0.354546,-0.163359,-0.178924,0.454972,-0.183648,-0.199182,0.536515,-0.198693,-0.062731,0.171966,-0.13272,-0.033763,0.375809,-0.168277,-0.014571,0.486328,-0.174094,0.000285,0.56732,-0.182019,0.002062,0.156753,-0.129323,0.014785,0.312073,-0.147953,0.000191,0.26995,-0.129454,-0.011741,0.217937,-0.118264,0.054243,0.146387,-0.125243,0.04968,0.262188,-0.137698,0.033208,0.228728,-0.117743,0.015322,0.181581,-0.102178,Q
0.0,0.0,0.0,-0.087993,0.052457,-0.012192,-0.119789,0.161387,-0.046085,-0.092367,0.261344,-0.075849,-0.055676,0.325625,-0.114983,-0.124494,0.182415,-0.125523,-0.15607,0.350387,-0.160591,-0.177044,0.449593,-0.179821,-0.197159,0.530986,-0.194257,-0.062068,0.169505,-0.13162,-0.034203,0.370815,-0.166288,-0.013872,0.479797,-0.171384,0.00179,0.559434,-0.178776,0.002395,0.154567,-0.128486,0.014629,0.305305,-0.145754,-8.9e-05,0.263128,-0.127077,-0.012388,0.211998,-0.116072,0.054777,0.144246,-0.124492,0.050353,0.257442,-0.135582,0.033598,0.224624,-0.115539,0.01494,0.178952,-0.100227,Q
0.0,0.0,0.0,-0.088843,0.053134,-0.013463,-0.122354,0.161938,-0.047948,-0.098193,0.260819,-0.078462,-0.064106,0.324746,-0.118099,-0.125826,0.183822,-0.124155,-0.158045,0.350627,-0.159506,-0.178784,0.450353,-0.179139,-0.198626,0.531893,-0.193956,-0.063395,0.171948,-0.130356,-0.037086,0.374618,-0.165337,-0.018212,0.484836,-0.171294,-0.003761,0.566781,-0.179452,0.0011,0.15801,-0.127666,0.013268,0.310984,-0.145712,-0.000884,0.266235,-0.126973,-0.012526,0.213757,-0.11594,0.053585,0.148565,-0.124344,0.048947,0.261688,-0.136338,0.033484,0.227218,-0.116312,0.016124,0.180848,-0.10098,Q
0.0,0.0,0.0,-0.091054,0.051898,-0.010463,-0.124732,0.161022,-0.043434,-0.100652,0.26167,-0.072429,-0.067296,0.327158,-0.11051,-0.12744,0.18228,-0.122722,-0.159989,0.347129,-0.15635,-0.180712,0.445995,-0.174908,-0.200125,0.52635,-0.189076,-0.064379,0.169986,-0.129008,-0.038285,0.373428,-0.161533,-0.020167,0.4839,-0.165908,-0.005478,0.564987,-0.173637,3.7e-05,0.156909,-0.125968,0.009161,0.311424,-0.140835,-0.006534,0.27127,-0.121086,-0.01804,0.220808,-0.110378,0.052017,0.148232,-0.122064,0.044587,0.26279,-0.131876,0.027765,0.230666,-0.111324,0.010128,0.1845,-0.096051,Q
0.0,0.0,0.0,-0.100071,0.043271,-0.010834,-0.135393,0.154461,-0.0423,-0.107539,0.256893,-0.070552,-0.069497,0.322657,-0.107825,-0.140002,0.182574,-0.116966,-0.170038,0.348343,-0.148002,-0.188586,0.445967,-0.165291,-0.208429,0.525724,-0.179128,-0.07535,0.173454,-0.12419,-0.046526,0.370697,-0.154682,-0.02801,0.481226,-0.159634,-0.01309,0.562741,-0.168157,-0.009951,0.160056,-0.122653,0.000509,0.301909,-0.136753,-0.016209,0.258187,-0.120476,-0.02835,0.206474,-0.112782,0.042057,0.148219,-0.120466,0.037564,0.253668,-0.12938,0.020943,0.219351,-0.110062,0.005306,0.170756,-0.096162,Q
0.0,0.0,0.0,-0.089481,0.055759,-0.008784,-0.123071,0.163282,-0.042145,-0.100309,0.261154,-0.071775,-0.068653,0.326441,-0.110545,-0.125537,0.184042,-0.124402,-0.156423,0.349964,-0.158256,-0.176156,0.448857,-0.176378,-0.194761,0.529807,-0.19015,-0.062525,0.170499,-0.131683,-0.033838,0.375794,-0.165154,-0.014973,0.487108,-0.168948,0.000805,0.568975,-0.176032,0.002375,0.155993,-0.12926,0.012092,0.310264,-0.143859,-0.005314,0.26901,-0.122347,-0.01788,0.218102,-0.11043,0.054997,0.145877,-0.125885,0.04844,0.259636,-0.135114,0.030177,0.227721,-0.113526,0.011737,0.182226,-0.097508,Q
0.0,0.0,0.0,-0.091598,0.053626,-0.010571,-0.124926,0.163492,-0.04381,-0.100372,0.265124,-0.072843,-0.068331,0.332179,-0.110909,-0.127358,0.185406,-0.125275,-0.157844,0.351037,-0.159411,-0.176743,0.450678,-0.177662,-0.195234,0.531783,-0.191474,-0.064098,0.172504,-0.131552,-0.034254,0.377423,-0.165001,-0.014439,0.488942,-0.168969,0.001842,0.570706,-0.176105,0.00059,0.158092,-0.128307,0.011986,0.310269,-0.143816,-0.005662,0.270063,-0.123604,-0.018524,0.219724,-0.112309,0.053097,0.147703,-0.12416,0.047545,0.26021,-0.134345,0.029221,0.228527,-0.113544,0.010617,0.182868,-0.097818,Q
0.0,0.0,0.0,-0.093343,0.049479,-0.010666,-0.127573,0.156151,-0.043578,-0.102787,0.254192,-0.072678,-0.070066,0.317864,-0.110929,-0.130567,0.181057,-0.123929,-0.160018,0.345448,-0.158808,-0.178391,0.445527,-0.178358,-0.197008,0.526025,-0.193225,-0.067479,0.166793,-0.130887,-0.037994,0.367806,-0.163788,-0.019359,0.479459,-0.16812,-0.004581,0.561004,-0.176126,-0.00341,0.151453,-0.128737,0.00996,0.301292,-0.142869,-0.007079,0.260839,-0.122399,-0.020672,0.210224,-0.111797,0.048195,0.140492,-0.126059,0.046087,0.253507,-0.134794,0.028881,0.221424,-0.113367,0.01087,0.173828,-0.097828,Q
0.0,0.0,0.0,-0.095045,0.047228,-0.007951,-0.131823,0.15551,-0.036888,-0.109471,0.25475,-0.0628,-0.077255,0.319142,-0.097621,-0.135363,0.183298,-0.112929,-0.162245,0.349216,-0.144136,-0.17976,0.447893,-0.162153,-0.198839,0.528627,-0.176446,-0.071261,0.170747,-0.121571,-0.041274,0.368243,-0.14995,-0.022534,0.478959,-0.153837,-0.007962,0.559673,-0.162083,-0.006266,0.155799,-0.12174,0.006292,0.302682,-0.13482,-0.010166,0.262903,-0.117873,-0.022943,0.212856,-0.109866,0.045932,0.143648,-0.121141,0.042518,0.254106,-0.130694,0.025099,0.221818,-0.111923,0.007607,0.174364,-0.098206,Q
0.0,0.0,0.0,-0.088756,0.056462,-0.012742,-0.119979,0.163374,-0.047437,-0.093298,0.261445,-0.077731,-0.059251,0.325325,-0.116658,-0.123259,0.183691,-0.127385,-0.150546,0.348848,-0.162084,-0.166859,0.448013,-0.180006,-0.183169,0.529955,-0.19339,-0.060892,0.169707,-0.133213,-0.029715,0.370606,-0.17003,-0.008872,0.483802,-0.175389,0.009821,0.56644,-0.182485,0.003682,0.154552,-0.129581,0.014696,0.300355,-0.147953,-0.00612,0.260602,-0.128538,-0.021144,0.211131,-0.116705,0.055915,0.14465,-0.125144,0.049876,0.253136,-0.136252,0.030439,0.222441,-0.115691,0.01143,0.178455,-0.099818,Q
0.0,0.0,0.0,-0.087184,0.054886,-0.011796,-0.119862,0.161765,-0.044178,-0.096596,0.26045,-0.071907,-0.064687,0.326907,-0.108242,-0.120956,0.179655,-0.124478,-0.146299,0.347603,-0.157764,-0.161434,0.447235,-0.175248,-0.176616,0.527514,-0.188367,-0.057881,0.163995,-0.129849,-0.027022,0.363791,-0.163129,-0.006327,0.473593,-0.16716,0.011157,0.553249,-0.173971,0.006577,0.147862,-0.125935,0.017372,0.294707,-0.14192,-0.001134,0.256311,-0.122438,-0.0143,0.207985,-0.111216,0.05899,0.137862,-0.121214,0.051353,0.248519,-0.13237,0.031582,0.218365,-0.112766,0.012399,0.174389,-0.097668,Q
0.0,0.0,0.0,-0.08882,0.055667,-0.01162,-0.119608,0.161747,-0.045264,-0.092772,0.25862,-0.074912,-0.0589,0.321711,-0.113208,-0.122269,0.18229,-0.122291,-0.147948,0.346542,-0.155875,-0.162096,0.446435,-0.173234,-0.175713,0.527799,-0.18613,-0.060736,0.168102,-0.128383,-0.028343,0.366315,-0.162937,-0.006797,0.477412,-0.167238,0.01235,0.558747,-0.173685,0.002855,0.152141,-0.125355,0.015134,0.297192,-0.142042,-0.005527,0.258606,-0.122646,-0.020388,0.210474,-0.111214,0.054633,0.1416,-0.121561,0.049928,0.249557,-0.132059,0.030835,0.220027,-0.111716,0.011634,0.177263,-0.096115,Q
0.0,0.0,1e-06,0.06264,-0.035424,-0.045592,0.093742,-0.127813,-0.06892,0.071912,-0.201288,-0.091682,0.022976,-0.249615,-0.111728,0.100724,-0.269762,-0.031896,0.090164,-0.390844,-0.0674,0.080587,-0.468702,-0.094017,0.065928,-0.53963,-0.112633,0.053599,-0.271742,-0.038799,0.077473,-0.416137,-0.079309,0.091843,-0.49742,-0.104891,0.096299,-0.568536,-0.117519,0.006766,-0.247957,-0.053304,0.001539,-0.329183,-0.118461,0.018597,-0.25351,-0.14273,0.033779,-0.193584,-0.142383,-0.030138,-0.207322,-0.07122,-0.009209,-0.219523,-0.127312,0.018101,-0.157143,-0.145182,0.04254,-0.1118,-0.149027,R
0.0,0.0,1e-06,0.064841,-0.0394,-0.034658,0.096906,-0.137025,-0.052117,0.07338,-0.212367,-0.070694,0.023434,-0.260873,-0.086804,0.099318,-0.278647,-0.022125,0.091204,-0.398307,-0.053426,0.081382,-0.476072,-0.077188,0.067256,-0.548991,-0.094468,0.053619,-0.281293,-0.03209,0.075325,-0.420428,-0.069238,0.089534,-0.501453,-0.094043,0.092611,-0.571413,-0.106835,0.007254,-0.257086,-0.048115,0.000162,-0.34559,-0.107093,0.019367,-0.274813,-0.128081,0.034695,-0.216233,-0.127097,-0.031024,-0.213444,-0.066803,-0.012585,-0.234676,-0.118126,0.016236,-0.17558,-0.133168,0.040799,-0.128523,-0.135365,R
0.0,0.0,1e-06,0.068246,-0.043499,-0.040655,0.100088,-0.139154,-0.064371,0.077193,-0.212118,-0.08892,0.024654,-0.253793,-0.111487,0.102898,-0.28069,-0.03075,0.093284,-0.397022,-0.065096,0.084078,-0.473046,-0.090542,0.068397,-0.542722,-0.108933,0.055613,-0.279524,-0.041996,0.080418,-0.421853,-0.080542,0.097061,-0.503945,-0.104739,0.102242,-0.577841,-0.117517,0.008153,-0.252767,-0.060485,0.0046,-0.341484,-0.125083,0.024637,-0.266082,-0.149879,0.040724,-0.205786,-0.151001,-0.029687,-0.209511,-0.081932,-0.006929,-0.229627,-0.139162,0.023316,-0.166216,-0.158265,0.048054,-0.116762,-0.163691,R
0.0,0.0,1e-06,0.068781,-0.04307,-0.041359,0.099372,-0.138015,-0.065108,0.074071,-0.209805,-0.089534,0.02183,-0.253565,-0.111628,0.101695,-0.279358,-0.029257,0.091056,-0.393043,-0.062687,0.081491,-0.468846,-0.087874,0.065973,-0.538721,-0.106509,0.054258,-0.278178,-0.040137,0.078622,-0.419367,-0.077316,0.094958,-0.500204,-0.10092,0.100666,-0.573885,-0.113766,0.006785,-0.25178,-0.058555,0.003809,-0.340869,-0.121837,0.023576,-0.264693,-0.145734,0.039576,-0.205648,-0.146847,-0.030713,-0.207931,-0.080192,-0.008636,-0.226686,-0.136568,0.020654,-0.163214,-0.1552,0.044398,-0.115646,-0.160712,R
0.0,0.0,1e-06,0.068899,-0.039269,-0.039903,0.099927,-0.135632,-0.061725,0.074306,-0.207951,-0.08423,0.022569,-0.251525,-0.104558,0.102189,-0.274239,-0.029929,0.092206,-0.390069,-0.065004,0.082823,-0.465939,-0.09084,0.067426,-0.535776,-0.109444,0.055213,-0.275191,-0.041058,0.079693,-0.417365,-0.080497,0.095844,-0.498716,-0.104699,0.101135,-0.571983,-0.117042,0.007979,-0.250076,-0.059439,0.004357,-0.336995,-0.124338,0.024021,-0.257629,-0.147136,0.041072,-0.196787,-0.146347,-0.03014,-0.206433,-0.080825,-0.00884,-0.22503,-0.138282,0.020786,-0.161412,-0.156101,0.04576,-0.114488,-0.160116,R
0.0,0.0,1e-06,0.068419,-0.042433,-0.035354,0.100587,-0.142234,-0.053319,0.073722,-0.216826,-0.072352,0.019984,-0.258108,-0.089168,0.102014,-0.279886,-0.022126,0.092254,-0.395589,-0.053192,0.08235,-0.470979,-0.076946,0.066969,-0.541467,-0.094756,0.055274,-0.280718,-0.033884,0.078208,-0.422472,-0.070153,0.094617,-0.502066,-0.094219,0.099561,-0.573612,-0.107175,0.008117,-0.255301,-0.052354,0.004586,-0.343251,-0.114114,0.025051,-0.267885,-0.137943,0.040577,-0.210137,-0.138909,-0.029604,-0.211331,-0.073432,-0.006816,-0.228425,-0.128711,0.022341,-0.165289,-0.146832,0.045031,-0.118982,-0.151685,R
0.0,0.0,1e-06,0.068494,-0.041578,-0.03885,0.101106,-0.139423,-0.058807,0.075376,-0.212796,-0.07937,0.022807,-0.255564,-0.097677,0.103453,-0.279311,-0.025445,0.093318,-0.394507,-0.057278,0.083883,-0.471268,-0.081724,0.069352,-0.541757,-0.099964,0.056098,-0.27945,-0.036079,0.078903,-0.421156,-0.072415,0.095339,-0.501246,-0.096228,0.100805,-0.572162,-0.109143,0.008427,-0.253267,-0.053855,0.005684,-0.340925,-0.115819,0.025844,-0.264665,-0.13938,0.041148,-0.204854,-0.14013,-0.029956,-0.20913,-0.074622,-0.007968,-0.22905,-0.129946,0.021043,-0.167085,-0.14814,0.044004,-0.120273,-0.153119,R
0.0,0.0,1e-06,0.06922,-0.040515,-0.043866,0.100043,-0.135625,-0.06744,0.072781,-0.207717,-0.090772,0.02158,-0.253445,-0.111732,0.10312,-0.275031,-0.032646,0.09356,-0.389806,-0.067471,0.084268,-0.466696,-0.093427,0.069095,-0.53688,-0.112167,0.055496,-0.274787,-0.042289,0.080299,-0.41948,-0.079584,0.097615,-0.501629,-0.102753,0.104171,-0.574917,-0.115007,0.007926,-0.248886,-0.059784,0.005862,-0.338352,-0.124076,0.025844,-0.260431,-0.148252,0.042337,-0.200848,-0.148957,-0.030373,-0.205814,-0.080623,-0.007973,-0.225934,-0.138292,0.021152,-0.162272,-0.157229,0.044991,-0.115389,-0.162503,R
0.0,0.0,1e-06,0.070046,-0.041947,-0.038667,0.101991,-0.139005,-0.060912,0.076186,-0.212326,-0.084419,0.023427,-0.255777,-0.105747,0.104872,-0.278563,-0.025733,0.094895,-0.39231,-0.057909,0.085397,-0.467621,-0.082448,0.069902,-0.537692,-0.100918,0.056877,-0.277932,-0.037746,0.081785,-0.418599,-0.074295,0.098598,-0.498577,-0.098165,0.104526,-0.571949,-0.111464,0.009201,-0.252401,-0.057109,0.007269,-0.341731,-0.120017,0.027189,-0.266733,-0.145044,0.042782,-0.208333,-0.147288,-0.028332,-0.209693,-0.079432,-0.004651,-0.226474,-0.13565,0.024624,-0.163577,-0.155235,0.048167,-0.11706,-0.161794,R
0.0,0.0,1e-06,0.0703,-0.043688,-0.034636,0.10241,-0.144601,-0.054371,0.077553,-0.218292,-0.076217,0.023589,-0.257633,-0.096348,0.102523,-0.282003,-0.023221,0.092187,-0.397375,-0.055412,0.081943,-0.472856,-0.080296,0.065789,-0.542897,-0.09931,0.054224,-0.279784,-0.037563,0.077004,-0.42198,-0.075858,0.093281,-0.503324,-0.101572,0.097573,-0.576236,-0.116174,0.006072,-0.252837,-0.058775,0.004464,-0.343926,-0.123618,0.025698,-0.266829,-0.149275,0.041274,-0.20598,-0.151588,-0.032075,-0.208634,-0.082492,-0.006577,-0.227965,-0.140935,0.023509,-0.163962,-0.161393,0.046361,-0.115926,-0.168341,R
0.0,0.0,1e-06,0.073067,-0.041765,-0.045511,0.101705,-0.141232,-0.069571,0.072857,-0.212536,-0.09374,0.02008,-0.255518,-0.115149,0.102014,-0.277866,-0.027648,0.090967,-0.388382,-0.059682,0.081117,-0.46334,-0.08233,0.063546,-0.53092,-0.098582,0.053469,-0.27329,-0.037716,0.077606,-0.414055,-0.071444,0.092592,-0.494013,-0.090568,0.097336,-0.571189,-0.099703,0.006513,-0.246562,-0.057032,0.005386,-0.33594,-0.122638,0.025139,-0.254974,-0.147833,0.041246,-0.198065,-0.148578,-0.030544,-0.205313,-0.079873,-0.006759,-0.223236,-0.140529,0.023217,-0.156845,-0.162162,0.046824,-0.110398,-0.169223,R
0.0,0.0,1e-06,0.067304,-0.047553,-0.033308,0.098931,-0.146764,-0.052054,0.073963,-0.222451,-0.073116,0.022145,-0.264937,-0.09195,0.098736,-0.282993,-0.019881,0.087515,-0.399131,-0.051169,0.076429,-0.475465,-0.076073,0.061135,-0.547612,-0.094972,0.051496,-0.28298,-0.032324,0.072493,-0.423226,-0.069903,0.088006,-0.504802,-0.095067,0.092129,-0.577274,-0.109139,0.004017,-0.257662,-0.051108,0.001233,-0.344437,-0.111547,0.021894,-0.265267,-0.131972,0.037472,-0.202183,-0.130808,-0.033559,-0.215064,-0.072646,-0.009916,-0.235656,-0.124839,0.01902,-0.173942,-0.139986,0.042243,-0.126947,-0.142944,R
0.0,0.0,1e-06,0.069572,-0.044591,-0.038754,0.10095,-0.142364,-0.060386,0.076536,-0.215704,-0.083438,0.024783,-0.258505,-0.104273,0.100786,-0.280844,-0.023953,0.089156,-0.393731,-0.055245,0.078135,-0.469194,-0.079648,0.061846,-0.539152,-0.098128,0.052895,-0.278762,-0.035436,0.075521,-0.419616,-0.071024,0.091151,-0.501055,-0.094416,0.095944,-0.574814,-0.107659,0.005223,-0.25214,-0.054311,0.004235,-0.341936,-0.116476,0.024646,-0.263268,-0.139689,0.040053,-0.201286,-0.140545,-0.032355,-0.209239,-0.076258,-0.007323,-0.229365,-0.131957,0.021991,-0.165603,-0.150203,0.045162,-0.117435,-0.155578,R
0.0,0.0,1e-06,0.069733,-0.045624,-0.03899,0.101265,-0.145487,-0.059336,0.075474,-0.218788,-0.080753,0.022011,-0.258279,-0.09971,0.101363,-0.281187,-0.022688,0.089615,-0.395753,-0.052905,0.078565,-0.471651,-0.076275,0.062826,-0.541755,-0.094038,0.053529,-0.278764,-0.033615,0.075847,-0.420106,-0.068214,0.090757,-0.500979,-0.090526,0.095022,-0.573934,-0.102796,0.005845,-0.25237,-0.052101,0.004411,-0.342742,-0.113679,0.023035,-0.263179,-0.136338,0.037384,-0.201788,-0.136584,-0.031286,-0.209718,-0.073738,-0.007271,-0.2301,-0.129203,0.021231,-0.165609,-0.147322,0.043595,-0.117502,-0.152467,R
0.0,0.0,1e-06,0.068483,-0.047793,-0.036377,0.100373,-0.145439,-0.057635,0.076615,-0.219375,-0.080913,0.025457,-0.262674,-0.102068,0.100678,-0.283484,-0.022748,0.088471,-0.398544,-0.054361,0.077168,-0.47498,-0.079568,0.061141,-0.54605,-0.098688,0.05234,-0.281548,-0.034861,0.073969,-0.422748,-0.071723,0.089396,-0.504565,-0.096286,0.093732,-0.577065,-0.110374,0.004199,-0.254907,-0.053875,0.002942,-0.343011,-0.114794,0.023965,-0.265207,-0.136616,0.039673,-0.202417,-0.136865,-0.033472,-0.212396,-0.075912,-0.008946,-0.232559,-0.129133,0.019632,-0.170885,-0.145802,0.042552,-0.123711,-0.150355,R
0.0,0.0,1e-06,0.068619,-0.048928,-0.033104,0.100776,-0.148571,-0.052022,0.076402,-0.223897,-0.073362,0.024833,-0.265751,-0.092903,0.100328,-0.285014,-0.020095,0.088878,-0.400517,-0.050628,0.077347,-0.476492,-0.075091,0.06113,-0.547441,-0.093796,0.052438,-0.283484,-0.033009,0.073242,-0.424149,-0.068949,0.088754,-0.5062,-0.093517,0.093046,-0.579641,-0.10785,0.004352,-0.256953,-0.052387,0.002427,-0.34643,-0.112528,0.024498,-0.269579,-0.134718,0.040545,-0.207093,-0.135411,-0.033699,-0.213388,-0.074389,-0.008279,-0.237339,-0.127655,0.021936,-0.175438,-0.144552,0.045472,-0.126754,-0.149201,R
0.0,0.0,1e-06,0.068535,-0.048151,-0.035904,0.100332,-0.146918,-0.055344,0.07483,-0.222238,-0.076271,0.023038,-0.264564,-0.094849,0.100829,-0.283587,-0.021957,0.088914,-0.39908,-0.053561,0.077781,-0.475613,-0.078614,0.061864,-0.54714,-0.097401,0.052875,-0.28305,-0.033435,0.07395,-0.426732,-0.069568,0.09013,-0.508362,-0.093018,0.094944,-0.580262,-0.10596,0.004967,-0.256775,-0.051813,0.002479,-0.34418,-0.112418,0.023627,-0.264851,-0.133574,0.039474,-0.202226,-0.132874,-0.032638,-0.21389,-0.073151,-0.009056,-0.233832,-0.126333,0.019597,-0.170805,-0.142291,0.04239,-0.123375,-0.145845,R
0.0,0.0,1e-06,0.069413,-0.044533,-0.040174,0.101273,-0.145703,-0.060526,0.074693,-0.219822,-0.081626,0.021434,-0.260467,-0.100134,0.102149,-0.280686,-0.023046,0.089967,-0.39573,-0.05377,0.078144,-0.471005,-0.077631,0.061636,-0.540918,-0.09555,0.054406,-0.278499,-0.033254,0.076094,-0.419386,-0.068176,0.090773,-0.500721,-0.091127,0.094533,-0.574321,-0.103717,0.0066,-0.252392,-0.051202,0.004743,-0.342229,-0.113122,0.024,-0.262391,-0.136568,0.038465,-0.201233,-0.13723,-0.030587,-0.210089,-0.072374,-0.006493,-0.229684,-0.128089,0.022169,-0.164085,-0.14662,0.044362,-0.115838,-0.151992,R
0.0,0.0,1e-06,0.066898,-0.045689,-0.036948,0.098321,-0.146689,-0.055551,0.072816,-0.2221,-0.075224,0.020137,-0.264144,-0.092503,0.099483,-0.284308,-0.021022,0.086966,-0.40022,-0.051228,0.075336,-0.476083,-0.074991,0.059537,-0.546774,-0.093026,0.052265,-0.283587,-0.031633,0.071993,-0.425329,-0.06709,0.087092,-0.507051,-0.090683,0.091158,-0.578677,-0.103763,0.00463,-0.257404,-0.049262,0.000678,-0.349331,-0.110459,0.020549,-0.272285,-0.132848,0.035391,-0.210917,-0.132941,-0.033331,-0.213885,-0.069803,-0.011125,-0.235585,-0.124839,0.017231,-0.171767,-0.142335,0.039649,-0.123245,-0.14671,R
0.0,0.0,1e-06,0.063113,-0.044242,-0.036303,0.093501,-0.14291,-0.053901,0.068393,-0.215389,-0.07233,0.01756,-0.258448,-0.088458,0.09668,-0.283387,-0.023577,0.085378,-0.405245,-0.054874,0.074368,-0.483677,-0.079078,0.060062,-0.55635,-0.097021,0.049224,-0.283703,-0.033669,0.068352,-0.431951,-0.070893,0.082458,-0.514817,-0.09551,0.086985,-0.583662,-0.108738,0.001894,-0.256902,-0.050223,-0.001578,-0.345503,-0.111141,0.017515,-0.270614,-0.133293,0.032461,-0.208381,-0.132935,-0.035075,-0.212027,-0.069549,-0.013403,-0.230413,-0.122907,0.014545,-0.169498,-0.139505,0.03812,-0.122698,-0.143132,R
0.0,0.0,1e-06,0.064775,-0.04495,-0.033978,0.097185,-0.14522,-0.050839,0.070021,-0.220281,-0.069138,0.016528,-0.262635,-0.08512,0.098141,-0.284113,-0.018798,0.086745,-0.402968,-0.048071,0.074556,-0.479427,-0.071263,0.058966,-0.551156,-0.08901,0.051656,-0.284587,-0.029465,0.070748,-0.427887,-0.064188,0.085054,-0.507999,-0.087729,0.088985,-0.577327,-0.100935,0.004237,-0.25889,-0.046465,-5.5e-05,-0.352029,-0.104738,0.019822,-0.275412,-0.124965,0.034504,-0.213689,-0.124233,-0.033592,-0.215307,-0.06623,-0.012996,-0.235678,-0.11847,0.015065,-0.172845,-0.134117,0.03757,-0.125364,-0.137347,R
0.0,0.0,1e-06,0.066196,-0.045028,-0.038989,0.097477,-0.144578,-0.058926,0.070849,-0.219607,-0.079727,0.017658,-0.261471,-0.09816,0.098824,-0.283817,-0.022503,0.086089,-0.398668,-0.053182,0.074197,-0.473943,-0.077674,0.058266,-0.544765,-0.096373,0.051735,-0.282973,-0.032316,0.072015,-0.423011,-0.068406,0.085816,-0.503831,-0.093182,0.088478,-0.575967,-0.107145,0.004008,-0.257151,-0.049246,1.3e-05,-0.348106,-0.110344,0.018964,-0.269133,-0.133043,0.033188,-0.206571,-0.133382,-0.033647,-0.213702,-0.069314,-0.011789,-0.235286,-0.123698,0.01657,-0.171193,-0.141298,0.038993,-0.12235,-0.145959,R
0.0,0.0,1e-06,0.064601,-0.04163,-0.033933,0.09695,-0.142894,-0.049864,0.069816,-0.218675,-0.066827,0.017332,-0.26244,-0.081473,0.100091,-0.278637,-0.019487,0.088323,-0.397673,-0.048054,0.07639,-0.472394,-0.070168,0.060431,-0.543379,-0.086941,0.053891,-0.281947,-0.029826,0.074466,-0.424933,-0.063373,0.08966,-0.504838,-0.08541,0.093405,-0.575231,-0.097246,0.006373,-0.258751,-0.046505,0.002419,-0.349483,-0.104701,0.020781,-0.271559,-0.124759,0.033978,-0.210799,-0.123553,-0.032343,-0.216807,-0.065876,-0.010492,-0.233785,-0.118821,0.018317,-0.169141,-0.134729,0.041033,-0.122509,-0.137789,R
0.0,0.0,1e-06,0.065715,-0.042585,-0.038639,0.096986,-0.143181,-0.056743,0.067851,-0.216715,-0.074919,0.014417,-0.257876,-0.090499,0.100989,-0.280448,-0.02381,0.089309,-0.396761,-0.054995,0.076406,-0.470356,-0.079012,0.058646,-0.539743,-0.096657,0.054129,-0.282417,-0.033254,0.075155,-0.425613,-0.067966,0.090417,-0.507328,-0.090717,0.094061,-0.579667,-0.102997,0.005876,-0.257642,-0.04991,0.002282,-0.348266,-0.110614,0.020092,-0.268493,-0.132758,0.033204,-0.207413,-0.132451,-0.033098,-0.213816,-0.06963,-0.010981,-0.230663,-0.12525,0.018251,-0.164785,-0.143169,0.041012,-0.117307,-0.147479,R
0.0,0.0,1e-06,0.066405,-0.044568,-0.040125,0.097427,-0.146672,-0.059307,0.069352,-0.221437,-0.078768,0.016139,-0.263374,-0.095467,0.101182,-0.28285,-0.022867,0.08899,-0.399103,-0.053687,0.076991,-0.473862,-0.077929,0.060361,-0.544852,-0.096132,0.054182,-0.283714,-0.031957,0.075622,-0.426122,-0.067107,0.090547,-0.50813,-0.090657,0.094062,-0.581682,-0.103596,0.005758,-0.259446,-0.048499,0.001817,-0.350092,-0.109166,0.019452,-0.269618,-0.131192,0.032866,-0.208471,-0.130941,-0.032543,-0.216924,-0.068388,-0.010995,-0.234452,-0.122877,0.017347,-0.167705,-0.140256,0.039693,-0.119384,-0.14458,R
0.0,0.0,0.0,-0.063725,-0.066506,-0.051906,-0.080157,-0.179516,-0.071864,-0.026735,-0.261035,-0.089143,0.041417,-0.302615,-0.103292,-0.07053,-0.318587,-0.029373,-0.042356,-0.448376,-0.065531,-0.022077,-0.528517,-0.090704,-0.00179,-0.60414,-0.108204,-0.017187,-0.318795,-0.02588,-0.02059,-0.463187,-0.060648,-0.024995,-0.551167,-0.075675,-0.025865,-0.628886,-0.081311,0.030496,-0.286824,-0.030587,0.03954,-0.352985,-0.088534,0.016496,-0.256273,-0.08925,0.002935,-0.18872,-0.072509,0.072812,-0.236333,-0.040246,0.063505,-0.27797,-0.095523,0.034145,-0.204338,-0.098891,0.019764,-0.147561,-0.087967,R
0.0,0.0,0.0,-0.063834,-0.070195,-0.053027,-0.079412,-0.180758,-0.073361,-0.026771,-0.261364,-0.091025,0.040786,-0.305065,-0.105509,-0.071071,-0.3189,-0.027614,-0.041925,-0.446909,-0.063543,-0.021461,-0.526311,-0.088823,-0.000254,-0.601004,-0.106318,-0.017649,-0.319534,-0.02367,-0.020849,-0.46284,-0.058555,-0.024833,-0.552172,-0.074203,-0.025335,-0.63019,-0.080243,0.030349,-0.28815,-0.028262,0.039947,-0.354682,-0.087205,0.016699,-0.258523,-0.089416,0.00279,-0.190855,-0.073415,0.073495,-0.238914,-0.03785,0.063819,-0.279743,-0.094111,0.034478,-0.20668,-0.098642,0.02017,-0.149767,-0.088363,R
0.0,0.0,0.0,-0.064089,-0.067142,-0.053024,-0.079435,-0.17806,-0.074287,-0.026851,-0.259347,-0.092765,0.041768,-0.301998,-0.1084,-0.069364,-0.315251,-0.030879,-0.040032,-0.441037,-0.068385,-0.020105,-0.519605,-0.094444,0.001005,-0.592978,-0.11251,-0.015695,-0.315799,-0.027073,-0.020371,-0.460727,-0.063151,-0.026351,-0.548309,-0.078401,-0.028058,-0.625108,-0.084147,0.032573,-0.284087,-0.031638,0.040075,-0.352663,-0.091725,0.016301,-0.255936,-0.09389,0.003299,-0.187802,-0.078002,0.075712,-0.234495,-0.041099,0.062808,-0.274827,-0.099256,0.033028,-0.200427,-0.104901,0.019913,-0.142347,-0.095341,R
0.0,0.0,0.0,-0.06218,-0.069083,-0.053716,-0.078067,-0.17955,-0.074759,-0.025638,-0.261151,-0.092846,0.043352,-0.303872,-0.107669,-0.069444,-0.317688,-0.028439,-0.041227,-0.446171,-0.0644,-0.020737,-0.525853,-0.089516,-0.00018,-0.600498,-0.106752,-0.016308,-0.316703,-0.023959,-0.018769,-0.459931,-0.057761,-0.023022,-0.547863,-0.071919,-0.0245,-0.62482,-0.076912,0.031204,-0.283479,-0.028213,0.039543,-0.349941,-0.085771,0.016176,-0.254055,-0.08701,0.003164,-0.187152,-0.070571,0.073386,-0.232837,-0.037567,0.063902,-0.276046,-0.092469,0.034293,-0.202888,-0.096323,0.020356,-0.146424,-0.085849,R
0.0,0.0,0.0,-0.062669,-0.067698,-0.05416,-0.078185,-0.177117,-0.076389,-0.026055,-0.258678,-0.095871,0.043042,-0.3014,-0.112248,-0.068159,-0.314839,-0.030559,-0.039609,-0.441541,-0.06844,-0.01997,-0.520941,-0.094714,0.001021,-0.595243,-0.112857,-0.01497,-0.314483,-0.02659,-0.019381,-0.458405,-0.063316,-0.024473,-0.546057,-0.079157,-0.025333,-0.622889,-0.085191,0.032725,-0.281583,-0.031238,0.040584,-0.350707,-0.091749,0.016739,-0.253773,-0.093603,0.004009,-0.185715,-0.077245,0.07536,-0.230897,-0.040907,0.063714,-0.27406,-0.098336,0.034185,-0.200286,-0.103139,0.021317,-0.142893,-0.093029,R
0.0,0.0,0.0,-0.062905,-0.069729,-0.055568,-0.078459,-0.179338,-0.078053,-0.027309,-0.260995,-0.097442,0.041269,-0.305845,-0.113577,-0.069038,-0.318391,-0.03086,-0.040541,-0.444682,-0.068273,-0.020623,-0.523814,-0.094023,8.7e-05,-0.597658,-0.111455,-0.015728,-0.317745,-0.026187,-0.019745,-0.461579,-0.061933,-0.024455,-0.550022,-0.076604,-0.026164,-0.626566,-0.081669,0.032038,-0.284937,-0.030519,0.038789,-0.349773,-0.09027,0.015521,-0.25284,-0.092556,0.003039,-0.185291,-0.076454,0.074849,-0.235783,-0.04006,0.063131,-0.276066,-0.096401,0.033885,-0.202763,-0.101394,0.020956,-0.146456,-0.091647,R
0.0,0.0,0.0,-0.06215,-0.069176,-0.055798,-0.077957,-0.178364,-0.07809,-0.026447,-0.260262,-0.097137,0.042164,-0.305954,-0.1127,-0.068045,-0.319897,-0.029777,-0.039337,-0.445157,-0.066195,-0.019082,-0.523935,-0.091485,0.001613,-0.597553,-0.108672,-0.015105,-0.318827,-0.024842,-0.018237,-0.46077,-0.05959,-0.022562,-0.549053,-0.074131,-0.024009,-0.62558,-0.079211,0.032515,-0.285182,-0.028945,0.040208,-0.348758,-0.088055,0.016894,-0.25289,-0.090481,0.004099,-0.186074,-0.074499,0.075026,-0.23435,-0.038225,0.064984,-0.276321,-0.093857,0.035328,-0.203282,-0.098339,0.021756,-0.146892,-0.088257,R
0.0,0.0,0.0,-0.063177,-0.067586,-0.053778,-0.078157,-0.179107,-0.074805,-0.025796,-0.260532,-0.093004,0.043259,-0.302633,-0.107892,-0.068123,-0.316846,-0.029142,-0.039722,-0.443422,-0.065434,-0.019755,-0.522223,-0.090325,0.001065,-0.595912,-0.107481,-0.015381,-0.31639,-0.025047,-0.019996,-0.459863,-0.060569,-0.02414,-0.547252,-0.075568,-0.024714,-0.623065,-0.080994,0.032279,-0.283834,-0.029638,0.040371,-0.349611,-0.08918,0.017254,-0.252573,-0.09115,0.004355,-0.18509,-0.074991,0.075425,-0.234092,-0.039268,0.064416,-0.274245,-0.095721,0.034511,-0.200529,-0.100501,0.020733,-0.144249,-0.090625,R
0.0,0.0,0.0,-0.063084,-0.070347,-0.053727,-0.077584,-0.180576,-0.075387,-0.024455,-0.260219,-0.09427,0.043457,-0.304674,-0.110084,-0.066816,-0.317868,-0.030501,-0.038413,-0.442598,-0.067883,-0.018595,-0.520835,-0.093793,0.002399,-0.594203,-0.111681,-0.013547,-0.317367,-0.026992,-0.018051,-0.461339,-0.063631,-0.024106,-0.549357,-0.079437,-0.025986,-0.625836,-0.085497,0.034026,-0.284142,-0.032045,0.041991,-0.351404,-0.092597,0.0176,-0.254835,-0.094601,0.004356,-0.187271,-0.07847,0.076583,-0.232881,-0.042084,0.065197,-0.275125,-0.099136,0.035268,-0.202177,-0.103608,0.021897,-0.145765,-0.093485,R
0.0,0.0,0.0,-0.063486,-0.069299,-0.054912,-0.077645,-0.179539,-0.07643,-0.024727,-0.259627,-0.094734,0.043539,-0.303197,-0.110069,-0.067788,-0.315326,-0.030925,-0.038791,-0.440789,-0.068303,-0.018787,-0.51934,-0.094823,0.002837,-0.592544,-0.113346,-0.014595,-0.315427,-0.026257,-0.019237,-0.460165,-0.061926,-0.024375,-0.548743,-0.077277,-0.025265,-0.625334,-0.083244,0.032761,-0.28245,-0.030377,0.042402,-0.352818,-0.090884,0.018237,-0.255461,-0.093564,0.004642,-0.18652,-0.077844,0.07522,-0.231724,-0.039523,0.065944,-0.276414,-0.098745,0.036003,-0.203556,-0.10505,0.022162,-0.146606,-0.095839,R
0.0,0.0,0.0,-0.064057,-0.064601,-0.05633,-0.079571,-0.174616,-0.078641,-0.026884,-0.257446,-0.097232,0.042481,-0.301985,-0.112786,-0.06917,-0.315553,-0.034842,-0.038428,-0.442992,-0.072957,-0.017504,-0.522189,-0.099315,0.005704,-0.595806,-0.117722,-0.015622,-0.317288,-0.02945,-0.021491,-0.466221,-0.065815,-0.026372,-0.55485,-0.081203,-0.025773,-0.631999,-0.087053,0.032878,-0.285602,-0.032591,0.042585,-0.355822,-0.094258,0.019797,-0.261634,-0.098454,0.007395,-0.194374,-0.083843,0.07666,-0.235614,-0.04071,0.065816,-0.275207,-0.101581,0.035277,-0.201757,-0.109374,0.021563,-0.144074,-0.101002,R
0.0,0.0,0.0,-0.063567,-0.066136,-0.05514,-0.079625,-0.175547,-0.077001,-0.026324,-0.258079,-0.095416,0.043035,-0.300625,-0.110921,-0.069222,-0.313342,-0.033408,-0.039219,-0.440739,-0.070726,-0.018684,-0.519384,-0.096912,0.004376,-0.592353,-0.11536,-0.015631,-0.314082,-0.028412,-0.021638,-0.462543,-0.06386,-0.026538,-0.551313,-0.079049,-0.026006,-0.628075,-0.085131,0.03263,-0.281699,-0.031906,0.041513,-0.352099,-0.092665,0.018703,-0.257497,-0.096858,0.006345,-0.189227,-0.082515,0.076082,-0.231416,-0.04028,0.064882,-0.273832,-0.100591,0.034602,-0.201214,-0.108377,0.020786,-0.143092,-0.100252,R
0.0,0.0,0.0,-0.063896,-0.062936,-0.054616,-0.080846,-0.17322,-0.076593,-0.028209,-0.256521,-0.095243,0.041514,-0.299551,-0.110983,-0.069453,-0.312671,-0.033356,-0.039257,-0.439666,-0.071175,-0.018839,-0.518575,-0.097467,0.003317,-0.591987,-0.115781,-0.015275,-0.312689,-0.028765,-0.021015,-0.461223,-0.064371,-0.026383,-0.5493,-0.078892,-0.027075,-0.626287,-0.084217,0.033655,-0.279556,-0.032716,0.039822,-0.349925,-0.093603,0.016885,-0.2528,-0.096933,0.004818,-0.183139,-0.081734,0.077379,-0.228701,-0.041524,0.064848,-0.272451,-0.101316,0.033645,-0.199174,-0.108247,0.019579,-0.141279,-0.099537,R
0.0,0.0,0.0,-0.063023,-0.064604,-0.054707,-0.079341,-0.172794,-0.076887,-0.027192,-0.255121,-0.095867,0.041777,-0.29921,-0.11177,-0.069307,-0.312973,-0.032437,-0.039115,-0.439493,-0.07009,-0.018635,-0.517969,-0.096218,0.004034,-0.591055,-0.114426,-0.015699,-0.31376,-0.028088,-0.022961,-0.461757,-0.064281,-0.027538,-0.549063,-0.079677,-0.026562,-0.625704,-0.085625,0.033301,-0.281407,-0.032315,0.040145,-0.348951,-0.093902,0.018599,-0.252278,-0.098266,0.007125,-0.183046,-0.083783,0.077861,-0.230957,-0.041396,0.065385,-0.269944,-0.101176,0.034728,-0.196866,-0.108582,0.020697,-0.139555,-0.100318,R
0.0,0.0,0.0,-0.062593,-0.066025,-0.055261,-0.078507,-0.173403,-0.077004,-0.027824,-0.254293,-0.095164,0.040721,-0.296919,-0.110508,-0.06928,-0.307811,-0.032785,-0.039278,-0.433424,-0.070035,-0.018942,-0.511587,-0.096599,0.003899,-0.58343,-0.115284,-0.016829,-0.308124,-0.027076,-0.023298,-0.457216,-0.061211,-0.028273,-0.545048,-0.075734,-0.028268,-0.620733,-0.081682,0.031435,-0.275393,-0.030048,0.038089,-0.348458,-0.090104,0.016361,-0.255337,-0.095426,0.004877,-0.186513,-0.082107,0.075063,-0.225561,-0.037839,0.063905,-0.269478,-0.098073,0.033379,-0.198379,-0.107029,0.01978,-0.14006,-0.100024,R
0.0,0.0,0.0,-0.06248,-0.069156,-0.051926,-0.080157,-0.178185,-0.071301,-0.027042,-0.259371,-0.087786,0.042059,-0.299763,-0.101422,-0.068987,-0.31145,-0.026362,-0.039673,-0.43804,-0.059763,-0.020485,-0.515589,-0.083671,0.001317,-0.587572,-0.100845,-0.016762,-0.309753,-0.022042,-0.02286,-0.457559,-0.055161,-0.028294,-0.546078,-0.071323,-0.02725,-0.623278,-0.078744,0.030991,-0.27675,-0.025843,0.040445,-0.348899,-0.08623,0.018337,-0.25854,-0.093899,0.006265,-0.189929,-0.082191,0.074144,-0.226454,-0.033879,0.063606,-0.270422,-0.093398,0.032622,-0.201142,-0.102432,0.0178,-0.142019,-0.095727,R
0.0,0.0,0.0,-0.064066,-0.064246,-0.051071,-0.08232,-0.175779,-0.071172,-0.03196,-0.25866,-0.088477,0.038918,-0.296289,-0.103156,-0.068558,-0.307384,-0.029643,-0.038796,-0.433093,-0.06595,-0.019243,-0.510438,-0.090978,0.002878,-0.58152,-0.108354,-0.016407,-0.307035,-0.02562,-0.022061,-0.455977,-0.060004,-0.028423,-0.542486,-0.074655,-0.028933,-0.618772,-0.080414,0.031944,-0.274953,-0.029566,0.038432,-0.347025,-0.089867,0.015238,-0.254087,-0.094944,0.003375,-0.184895,-0.081157,0.075041,-0.225539,-0.037793,0.061304,-0.267283,-0.096847,0.030172,-0.195966,-0.104602,0.016448,-0.136258,-0.096724,R
0.0,0.0,0.0,-0.062923,-0.070057,-0.052433,-0.080822,-0.179183,-0.073876,-0.030946,-0.26156,-0.092517,0.036786,-0.305777,-0.108339,-0.070944,-0.31512,-0.029473,-0.041042,-0.439647,-0.06698,-0.020796,-0.517585,-0.093687,0.001212,-0.589703,-0.112196,-0.017441,-0.315206,-0.025367,-0.022132,-0.460292,-0.059704,-0.027782,-0.546669,-0.07391,-0.028826,-0.623369,-0.079501,0.030949,-0.282435,-0.029836,0.035404,-0.350284,-0.089006,0.012642,-0.254299,-0.092229,0.001046,-0.183908,-0.077409,0.073748,-0.232256,-0.039066,0.059769,-0.273574,-0.096333,0.030047,-0.202994,-0.102702,0.017339,-0.145367,-0.094103,R
0.0,0.0,0.0,-0.064059,-0.06918,-0.049074,-0.082998,-0.179965,-0.067567,-0.031808,-0.26197,-0.083951,0.036953,-0.300308,-0.097378,-0.069914,-0.311948,-0.02247,-0.040507,-0.437257,-0.05517,-0.02109,-0.514876,-0.07835,0.000464,-0.586472,-0.094982,-0.017832,-0.311959,-0.019448,-0.024495,-0.456744,-0.051222,-0.028696,-0.542586,-0.065725,-0.027289,-0.618086,-0.072044,0.030041,-0.279847,-0.02459,0.036316,-0.350707,-0.082424,0.014502,-0.258727,-0.088085,0.002643,-0.189973,-0.07558,0.073472,-0.22949,-0.034034,0.059463,-0.270034,-0.090663,0.028834,-0.200353,-0.098502,0.014836,-0.142225,-0.091478,R
0.0,0.0,0.0,-0.062442,-0.06789,-0.051138,-0.07913,-0.176425,-0.070752,-0.028042,-0.257415,-0.087876,0.04136,-0.295009,-0.102152,-0.066916,-0.308015,-0.025981,-0.037692,-0.435381,-0.06028,-0.018477,-0.5132,-0.084313,0.003658,-0.584952,-0.101269,-0.01553,-0.307451,-0.021874,-0.022056,-0.453918,-0.055373,-0.026342,-0.540597,-0.070767,-0.024749,-0.616565,-0.077302,0.032031,-0.27544,-0.025972,0.03914,-0.347486,-0.085836,0.017286,-0.255687,-0.092478,0.005897,-0.186715,-0.07999,0.075254,-0.226412,-0.034413,0.062108,-0.267609,-0.093262,0.031534,-0.197735,-0.102314,0.018056,-0.139408,-0.09559,R
0.0,0.0,0.0,-0.062818,-0.070836,-0.048879,-0.080422,-0.182623,-0.066208,-0.026359,-0.264646,-0.081444,0.04116,-0.307228,-0.093556,-0.07231,-0.317221,-0.021231,-0.043423,-0.442756,-0.05212,-0.023443,-0.519473,-0.074012,-0.002294,-0.591907,-0.089761,-0.019817,-0.315617,-0.018522,-0.024572,-0.459015,-0.049813,-0.028383,-0.546386,-0.065216,-0.027304,-0.622916,-0.072297,0.027983,-0.282766,-0.023817,0.038636,-0.350493,-0.080961,0.018393,-0.261746,-0.087664,0.006778,-0.196103,-0.07616,0.071439,-0.232718,-0.033384,0.060207,-0.26972,-0.088244,0.030676,-0.202333,-0.095786,0.016679,-0.146968,-0.089009,R
0.0,0.0,0.0,-0.063321,-0.066944,-0.048289,-0.082986,-0.177244,-0.067135,-0.032493,-0.259876,-0.084127,0.036028,-0.298139,-0.098285,-0.071435,-0.310531,-0.023375,-0.042665,-0.436758,-0.056208,-0.024248,-0.514102,-0.079507,-0.003354,-0.58568,-0.096407,-0.020094,-0.309604,-0.02097,-0.027064,-0.454577,-0.053621,-0.031403,-0.541352,-0.069505,-0.029635,-0.618318,-0.077091,0.027689,-0.277582,-0.02635,0.037103,-0.352363,-0.084986,0.017089,-0.26412,-0.092266,0.006028,-0.196537,-0.081188,0.07122,-0.228096,-0.035774,0.058492,-0.268913,-0.093534,0.029006,-0.199932,-0.102678,0.015655,-0.140635,-0.096633,R
0.0,0.0,0.0,-0.063479,-0.073712,-0.050602,-0.08314,-0.184321,-0.068899,-0.030785,-0.265637,-0.084879,0.035945,-0.309066,-0.098044,-0.073175,-0.316862,-0.022386,-0.045201,-0.442141,-0.054325,-0.025976,-0.520708,-0.077428,-0.005383,-0.593399,-0.094029,-0.020343,-0.314637,-0.019102,-0.025358,-0.459133,-0.050197,-0.030669,-0.546469,-0.064378,-0.03114,-0.622432,-0.070608,0.027066,-0.280846,-0.024427,0.035548,-0.350133,-0.082857,0.01388,-0.257361,-0.08893,0.002236,-0.188694,-0.076383,0.069623,-0.230859,-0.034146,0.059615,-0.275263,-0.090797,0.029917,-0.207843,-0.098501,0.016216,-0.151683,-0.091548,R
0.0,0.0,0.0,-0.064481,-0.071376,-0.047397,-0.083693,-0.180619,-0.065031,-0.034121,-0.264945,-0.081048,0.033524,-0.307497,-0.09432,-0.074571,-0.313055,-0.01758,-0.047263,-0.438598,-0.048092,-0.029456,-0.515402,-0.070705,-0.008948,-0.586145,-0.087348,-0.022637,-0.311492,-0.014994,-0.030898,-0.456674,-0.044798,-0.036983,-0.543419,-0.060552,-0.037279,-0.620082,-0.068851,0.02514,-0.279404,-0.020456,0.033525,-0.357139,-0.076719,0.013427,-0.271423,-0.085644,0.002496,-0.20553,-0.076629,0.068463,-0.231411,-0.029913,0.053988,-0.272226,-0.085855,0.024446,-0.205432,-0.09626,0.011316,-0.147362,-0.091949,R
0.0,0.0,0.0,-0.065502,-0.073966,-0.047555,-0.083023,-0.183456,-0.063672,-0.032394,-0.267989,-0.078055,0.032741,-0.312511,-0.089546,-0.073817,-0.313566,-0.016193,-0.048404,-0.436881,-0.045094,-0.032107,-0.513611,-0.066342,-0.013552,-0.585921,-0.081931,-0.023301,-0.310812,-0.013445,-0.029654,-0.451932,-0.042638,-0.035041,-0.538006,-0.058041,-0.035128,-0.614069,-0.066024,0.022973,-0.278749,-0.018855,0.037232,-0.348465,-0.075308,0.017399,-0.259608,-0.083996,0.005818,-0.193054,-0.074336,0.065349,-0.231906,-0.028348,0.05589,-0.267994,-0.083169,0.026672,-0.202005,-0.092889,0.012891,-0.146809,-0.088249,R
0.0,0.0,-0.0,0.124817,-0.096715,-0.031688,0.193575,-0.272886,-0.048943,0.170063,-0.429045,-0.069222,0.124319,-0.516366,-0.081882,0.161375,-0.416874,-0.003784,0.191695,-0.545565,-0.054747,0.176525,-0.435009,-0.086306,0.150728,-0.348572,-0.101022,0.085997,-0.421663,-0.01767,0.123483,-0.588884,-0.074125,0.12202,-0.455331,-0.093868,0.103219,-0.364738,-0.094145,0.00574,-0.406554,-0.040179,0.037709,-0.532041,-0.1057,0.048963,-0.390962,-0.098861,0.03552,-0.311415,-0.076734,-0.078167,-0.375655,-0.064799,-0.025013,-0.471747,-0.107624,-0.005697,-0.367052,-0.090994,-0.016777,-0.298129,-0.069192,S
0.0,0.0,-1e-06,0.118209,-0.091493,-0.030596,0.18531,-0.254675,-0.048853,0.173746,-0.399292,-0.070057,0.137381,-0.492978,-0.08449,0.163101,-0.39035,-0.012273,0.197049,-0.513318,-0.062966,0.179624,-0.40352,-0.093799,0.150896,-0.323333,-0.108419,0.089963,-0.398591,-0.026242,0.125602,-0.561624,-0.079895,0.121962,-0.431326,-0.097253,0.100519,-0.347985,-0.097683,0.010797,-0.385265,-0.047955,0.041288,-0.50459,-0.109734,0.050441,-0.367427,-0.099946,0.03392,-0.293937,-0.07778,-0.071311,-0.357454,-0.071729,-0.023766,-0.456716,-0.111853,-0.003961,-0.357748,-0.093066,-0.015567,-0.290871,-0.070664,S
0.0,0.0,-1e-06,0.116003,-0.088625,-0.031143,0.186257,-0.252677,-0.050285,0.169309,-0.395955,-0.071864,0.114632,-0.478831,-0.086605,0.16168,-0.391956,-0.014013,0.198023,-0.512582,-0.063489,0.180531,-0.397745,-0.093729,0.152713,-0.320243,-0.108727,0.088474,-0.399377,-0.027723,0.125543,-0.556166,-0.079514,0.122054,-0.420347,-0.095798,0.099994,-0.342623,-0.096365,0.00972,-0.385383,-0.048858,0.042091,-0.501288,-0.108477,0.052207,-0.361464,-0.097792,0.034594,-0.292926,-0.076008,-0.071289,-0.35788,-0.072081,-0.021244,-0.453555,-0.109582,-0.001171,-0.352731,-0.089478,-0.014906,-0.288981,-0.067095,S
0.0,0.0,-1e-06,0.120799,-0.092394,-0.033227,0.190683,-0.256219,-0.053518,0.170475,-0.403978,-0.076478,0.108758,-0.476687,-0.092049,0.172401,-0.390223,-0.011497,0.206464,-0.515603,-0.061765,0.185705,-0.401654,-0.093374,0.161907,-0.322856,-0.109457,0.097215,-0.399797,-0.025092,0.131013,-0.561322,-0.079295,0.124327,-0.428401,-0.096817,0.105544,-0.346874,-0.097302,0.016443,-0.388205,-0.04671,0.043493,-0.506162,-0.106709,0.051051,-0.368222,-0.097057,0.036581,-0.29328,-0.075063,-0.065561,-0.363409,-0.071093,-0.023815,-0.460882,-0.106433,-0.004561,-0.364987,-0.087184,-0.014072,-0.298504,-0.065397,S
0.0,0.0,-0.0,0.117633,-0.09267,-0.035834,0.184601,-0.256113,-0.058747,0.164396,-0.400542,-0.083895,0.104895,-0.473381,-0.101404,0.166388,-0.396741,-0.014842,0.19991,-0.517971,-0.067618,0.181487,-0.404157,-0.100267,0.157645,-0.325213,-0.116554,0.091486,-0.40361,-0.027915,0.125915,-0.560157,-0.084081,0.120535,-0.427148,-0.101739,0.102834,-0.348153,-0.102157,0.011015,-0.389693,-0.049391,0.041692,-0.502619,-0.1123,0.048715,-0.36492,-0.10211,0.033952,-0.293926,-0.079464,-0.070579,-0.361845,-0.073693,-0.023397,-0.452168,-0.111496,-0.006671,-0.353335,-0.09157,-0.01893,-0.289854,-0.068957,S
0.0,0.0,-0.0,0.11826,-0.091179,-0.034072,0.18541,-0.250318,-0.055977,0.166434,-0.394106,-0.080159,0.109676,-0.472037,-0.096896,0.163573,-0.389431,-0.015523,0.196154,-0.511506,-0.06731,0.179017,-0.399119,-0.098719,0.155989,-0.320221,-0.114119,0.090058,-0.396389,-0.028829,0.124301,-0.554113,-0.08461,0.119792,-0.421825,-0.102167,0.100791,-0.341122,-0.102373,0.010909,-0.382854,-0.050129,0.039634,-0.493367,-0.112351,0.047005,-0.356298,-0.102748,0.031925,-0.284474,-0.080379,-0.069299,-0.355931,-0.074034,-0.024125,-0.445395,-0.111937,-0.005324,-0.349434,-0.093328,-0.016109,-0.28673,-0.071517,S
0.0,0.0,-1e-06,0.118134,-0.092795,-0.032162,0.187015,-0.256609,-0.052175,0.166353,-0.40241,-0.075287,0.100727,-0.467144,-0.091145,0.169265,-0.39228,-0.007624,0.204944,-0.512478,-0.057851,0.184626,-0.399438,-0.090198,0.160691,-0.320366,-0.106778,0.094186,-0.398411,-0.021741,0.128453,-0.554152,-0.076,0.122011,-0.422901,-0.093956,0.104404,-0.342473,-0.094503,0.014405,-0.384614,-0.044105,0.045885,-0.496317,-0.103958,0.052172,-0.361578,-0.094601,0.036513,-0.291024,-0.072847,-0.065897,-0.357593,-0.069234,-0.0186,-0.445577,-0.103201,-0.001903,-0.350923,-0.083276,-0.01426,-0.289697,-0.061327,S
0.0,0.0,-0.0,0.116816,-0.093741,-0.034113,0.185611,-0.25787,-0.054726,0.164272,-0.402836,-0.077781,0.099528,-0.467426,-0.093456,0.168069,-0.39398,-0.010295,0.202309,-0.51283,-0.05982,0.184579,-0.399153,-0.091011,0.162729,-0.322209,-0.107056,0.092846,-0.400109,-0.023387,0.126361,-0.553307,-0.077077,0.120921,-0.419296,-0.094223,0.103644,-0.34173,-0.094536,0.012632,-0.385587,-0.044683,0.043235,-0.493293,-0.105862,0.049213,-0.355669,-0.096337,0.033174,-0.286434,-0.074256,-0.068413,-0.358031,-0.068652,-0.022054,-0.445515,-0.104174,-0.005189,-0.348599,-0.084128,-0.017658,-0.287091,-0.061836,S
0.0,0.0,-0.0,0.116575,-0.091426,-0.039183,0.18077,-0.250571,-0.064192,0.161655,-0.391888,-0.090742,0.10028,-0.464977,-0.109376,0.163805,-0.392234,-0.01685,0.20004,-0.508947,-0.069183,0.185107,-0.399098,-0.10106,0.163694,-0.323451,-0.117059,0.089707,-0.400352,-0.028125,0.125409,-0.549609,-0.084651,0.121112,-0.417516,-0.102655,0.103091,-0.343417,-0.103397,0.009508,-0.3872,-0.048022,0.040669,-0.490831,-0.112022,0.047151,-0.353924,-0.10283,0.031045,-0.287862,-0.080739,-0.071274,-0.360019,-0.070921,-0.023342,-0.440843,-0.109606,-0.006685,-0.34319,-0.090771,-0.020146,-0.284009,-0.068845,S
0.0,0.0,-1e-06,0.119753,-0.095017,-0.030219,0.186555,-0.260603,-0.049423,0.164952,-0.404436,-0.072013,0.103151,-0.475093,-0.087762,0.167531,-0.3962,-0.008291,0.201245,-0.517491,-0.057328,0.183376,-0.40487,-0.088647,0.160242,-0.324813,-0.104725,0.092393,-0.40265,-0.023091,0.125684,-0.559536,-0.076062,0.120652,-0.426274,-0.093263,0.103116,-0.345036,-0.093981,0.012521,-0.388345,-0.045739,0.044495,-0.501512,-0.105064,0.051191,-0.364051,-0.095228,0.034918,-0.29286,-0.073737,-0.068429,-0.360167,-0.070863,-0.020272,-0.449236,-0.105747,-0.003828,-0.352215,-0.085821,-0.017296,-0.290624,-0.064014,S
0.0,0.0,-0.0,0.11787,-0.091898,-0.035555,0.183717,-0.253308,-0.057809,0.164874,-0.396823,-0.082277,0.106266,-0.470892,-0.099372,0.165439,-0.391164,-0.014357,0.199483,-0.513784,-0.065507,0.183094,-0.401505,-0.096888,0.160249,-0.322774,-0.112442,0.090974,-0.397977,-0.02662,0.124923,-0.554653,-0.08189,0.119823,-0.420995,-0.099246,0.101138,-0.341337,-0.099493,0.011002,-0.384236,-0.047093,0.042703,-0.496105,-0.108943,0.048379,-0.359456,-0.098715,0.031304,-0.289585,-0.076187,-0.070429,-0.357456,-0.070346,-0.023897,-0.447143,-0.107345,-0.007261,-0.350327,-0.087613,-0.02055,-0.288543,-0.065283,S
0.0,0.0,-0.0,0.120953,-0.098058,-0.029975,0.185596,-0.262027,-0.050094,0.162316,-0.404207,-0.074019,0.097648,-0.470046,-0.091221,0.1683,-0.394559,-0.008133,0.202229,-0.516624,-0.058016,0.184624,-0.404927,-0.090066,0.16265,-0.325185,-0.106535,0.093004,-0.402093,-0.023468,0.12612,-0.557993,-0.077154,0.120601,-0.425484,-0.094666,0.103231,-0.344301,-0.095648,0.012699,-0.389277,-0.046757,0.04318,-0.503208,-0.10579,0.049988,-0.366424,-0.096027,0.034798,-0.292991,-0.074531,-0.068544,-0.363054,-0.072663,-0.023174,-0.455269,-0.106387,-0.005412,-0.35968,-0.086443,-0.016518,-0.295597,-0.064734,S
0.0,0.0,-0.0,0.122066,-0.093088,-0.034204,0.188074,-0.254664,-0.055435,0.165175,-0.398388,-0.079403,0.101583,-0.468921,-0.096008,0.168603,-0.394098,-0.008639,0.20446,-0.514356,-0.059158,0.187295,-0.404082,-0.091712,0.165142,-0.325711,-0.108321,0.094331,-0.401546,-0.021715,0.129857,-0.556316,-0.076505,0.124472,-0.425821,-0.09547,0.105792,-0.346159,-0.096705,0.014383,-0.388055,-0.043232,0.044089,-0.499874,-0.104502,0.051089,-0.364358,-0.096319,0.03595,-0.293156,-0.074995,-0.066457,-0.360366,-0.067522,-0.018734,-0.44914,-0.103996,-0.001991,-0.352045,-0.085314,-0.014546,-0.289035,-0.063698,S
0.0,0.0,-0.0,0.117512,-0.089931,-0.039557,0.184105,-0.249708,-0.063567,0.17191,-0.394325,-0.089088,0.120165,-0.475825,-0.106766,0.165614,-0.391108,-0.016673,0.200069,-0.511063,-0.070298,0.182516,-0.398821,-0.102902,0.159478,-0.321818,-0.118919,0.091002,-0.398689,-0.027225,0.125846,-0.552702,-0.085192,0.119029,-0.418946,-0.103399,0.100465,-0.342253,-0.103775,0.010568,-0.385708,-0.046531,0.042844,-0.493007,-0.11159,0.046601,-0.355843,-0.101306,0.029918,-0.288196,-0.078028,-0.07085,-0.360352,-0.068884,-0.024533,-0.444824,-0.108404,-0.009654,-0.347212,-0.089163,-0.022529,-0.287062,-0.066543,S
0.0,0.0,-0.0,0.116478,-0.090323,-0.042534,0.181041,-0.252113,-0.068512,0.163482,-0.395782,-0.095575,0.102056,-0.46781,-0.114355,0.163756,-0.395428,-0.01679,0.20066,-0.511366,-0.070166,0.184764,-0.39958,-0.103234,0.163325,-0.324894,-0.120109,0.088536,-0.403016,-0.026636,0.124451,-0.55153,-0.084723,0.11965,-0.418483,-0.103805,0.101681,-0.345774,-0.105061,0.007474,-0.389358,-0.045645,0.040177,-0.494557,-0.111163,0.046478,-0.357893,-0.102565,0.030243,-0.29292,-0.080571,-0.073399,-0.36233,-0.067994,-0.023258,-0.44178,-0.107782,-0.007424,-0.343516,-0.089749,-0.021417,-0.285146,-0.068271,S
0.0,0.0,-0.0,0.12184,-0.093396,-0.03654,0.187945,-0.254491,-0.059336,0.168288,-0.398377,-0.084588,0.106247,-0.469101,-0.102565,0.170202,-0.393348,-0.01219,0.206399,-0.512862,-0.064013,0.18898,-0.402212,-0.096987,0.167371,-0.324638,-0.113719,0.094489,-0.401737,-0.024444,0.130584,-0.554346,-0.080165,0.123569,-0.422825,-0.098721,0.105185,-0.3446,-0.099866,0.013459,-0.388982,-0.045291,0.04604,-0.498179,-0.107331,0.05008,-0.362142,-0.097951,0.033646,-0.29106,-0.075814,-0.068061,-0.362882,-0.069163,-0.021101,-0.452593,-0.105306,-0.00513,-0.35636,-0.085642,-0.017216,-0.292852,-0.063411,S
0.0,0.0,-0.0,0.120436,-0.092815,-0.036757,0.185498,-0.254346,-0.060854,0.160821,-0.397133,-0.086908,0.095017,-0.466547,-0.10533,0.166354,-0.399298,-0.015643,0.202021,-0.515942,-0.066483,0.186518,-0.403826,-0.098435,0.163451,-0.325267,-0.114798,0.091838,-0.406878,-0.028043,0.127827,-0.557067,-0.082523,0.124205,-0.425103,-0.100558,0.10502,-0.346512,-0.10197,0.011727,-0.393414,-0.04868,0.042561,-0.502281,-0.109582,0.050639,-0.364383,-0.100146,0.034815,-0.293004,-0.078605,-0.06939,-0.365035,-0.072329,-0.02015,-0.450222,-0.108944,-0.003246,-0.351651,-0.089774,-0.017115,-0.289636,-0.06809,S
0.0,0.0,-0.0,0.120128,-0.09446,-0.036641,0.185474,-0.255943,-0.059635,0.165073,-0.400035,-0.084956,0.102414,-0.468555,-0.102809,0.165903,-0.394944,-0.011481,0.200413,-0.514806,-0.063024,0.183859,-0.403367,-0.096002,0.160751,-0.324428,-0.112775,0.091083,-0.40151,-0.02371,0.125295,-0.555893,-0.079222,0.121041,-0.42593,-0.098285,0.103394,-0.346968,-0.099812,0.010642,-0.386921,-0.044559,0.042636,-0.498077,-0.106868,0.049262,-0.363403,-0.098132,0.033315,-0.292751,-0.076459,-0.070897,-0.358073,-0.068391,-0.022583,-0.445576,-0.105457,-0.00654,-0.349119,-0.086365,-0.01975,-0.287153,-0.064512,S
0.0,0.0,-0.0,0.116836,-0.091628,-0.036269,0.184285,-0.25445,-0.059015,0.166574,-0.398493,-0.083642,0.105024,-0.467721,-0.100803,0.166255,-0.394166,-0.015879,0.200597,-0.513163,-0.066477,0.184115,-0.399272,-0.097952,0.161224,-0.322667,-0.114288,0.091277,-0.400724,-0.028309,0.125528,-0.55559,-0.082811,0.121127,-0.421813,-0.100192,0.102433,-0.345125,-0.101113,0.010909,-0.385623,-0.048787,0.043013,-0.49715,-0.110437,0.049969,-0.360131,-0.100307,0.033128,-0.292168,-0.078379,-0.070459,-0.356719,-0.072095,-0.02225,-0.443471,-0.109429,-0.005689,-0.346278,-0.089869,-0.019922,-0.286195,-0.067992,S
0.0,0.0,-0.0,0.116836,-0.091628,-0.036269,0.184285,-0.25445,-0.059015,0.166574,-0.398493,-0.083642,0.105024,-0.467721,-0.100803,0.166255,-0.394166,-0.015879,0.200597,-0.513163,-0.066477,0.184115,-0.399272,-0.097952,0.161224,-0.322667,-0.114288,0.091277,-0.400724,-0.028309,0.125528,-0.55559,-0.082811,0.121127,-0.421813,-0.100192,0.102433,-0.345125,-0.101113,0.010909,-0.385623,-0.048787,0.043013,-0.49715,-0.110437,0.049969,-0.360131,-0.100307,0.033128,-0.292168,-0.078379,-0.070459,-0.356719,-0.072095,-0.02225,-0.443471,-0.109429,-0.005689,-0.346278,-0.089869,-0.019922,-0.286195,-0.067992,S
0.0,0.0,-0.0,0.120896,-0.091581,-0.036051,0.18625,-0.254567,-0.059095,0.16458,-0.398386,-0.084367,0.098885,-0.465772,-0.102002,0.165339,-0.393162,-0.013706,0.202162,-0.512867,-0.064914,0.187313,-0.401051,-0.096715,0.163529,-0.321236,-0.112659,0.090886,-0.400751,-0.026463,0.12613,-0.555122,-0.08157,0.123556,-0.424765,-0.099714,0.105047,-0.346766,-0.100823,0.010621,-0.38694,-0.047634,0.04244,-0.497917,-0.109609,0.050331,-0.361615,-0.100488,0.034119,-0.292265,-0.078851,-0.070389,-0.357879,-0.071728,-0.01968,-0.443363,-0.109091,-0.003482,-0.345526,-0.090155,-0.018489,-0.284684,-0.068592,S
0.0,0.0,-0.0,0.116865,-0.091793,-0.037295,0.184171,-0.251431,-0.06107,0.167583,-0.394531,-0.086677,0.109,-0.467151,-0.104852,0.16719,-0.392672,-0.01683,0.201064,-0.512114,-0.068396,0.184334,-0.399171,-0.10085,0.161629,-0.321802,-0.117632,0.091915,-0.399072,-0.028869,0.125954,-0.553686,-0.084392,0.121383,-0.420217,-0.10247,0.102829,-0.341759,-0.103574,0.011408,-0.383828,-0.049088,0.042484,-0.495054,-0.111271,0.049513,-0.359403,-0.101453,0.033262,-0.290284,-0.079499,-0.070118,-0.355038,-0.072243,-0.023116,-0.442821,-0.109976,-0.005972,-0.346519,-0.090642,-0.018947,-0.284892,-0.068656,S
0.0,0.0,-0.0,0.118004,-0.089961,-0.036872,0.187491,-0.253287,-0.058827,0.172572,-0.399035,-0.082704,0.111393,-0.469352,-0.099045,0.167759,-0.392597,-0.012733,0.203936,-0.511222,-0.064244,0.186449,-0.397872,-0.096748,0.162403,-0.32089,-0.113284,0.092885,-0.399411,-0.024382,0.127702,-0.55454,-0.080267,0.122604,-0.421126,-0.098834,0.103845,-0.343648,-0.09975,0.012609,-0.385164,-0.04448,0.044853,-0.495572,-0.107144,0.050613,-0.359341,-0.097784,0.033684,-0.29194,-0.075635,-0.068525,-0.358071,-0.067481,-0.020424,-0.443901,-0.104564,-0.004882,-0.347451,-0.085146,-0.018816,-0.287727,-0.063101,S
0.0,0.0,-0.0,0.119493,-0.092448,-0.0398,0.185916,-0.253575,-0.064933,0.165572,-0.396842,-0.09165,0.102419,-0.467774,-0.110473,0.168968,-0.39711,-0.016345,0.204964,-0.516542,-0.068353,0.189922,-0.403702,-0.100252,0.168785,-0.327715,-0.116512,0.092876,-0.404754,-0.027363,0.129423,-0.556563,-0.083874,0.124055,-0.420344,-0.101905,0.105034,-0.34573,-0.102654,0.011401,-0.390721,-0.047053,0.044842,-0.498832,-0.110432,0.050907,-0.36052,-0.101009,0.033721,-0.294682,-0.079002,-0.0705,-0.362878,-0.069873,-0.02141,-0.444063,-0.107821,-0.004836,-0.345602,-0.088987,-0.018925,-0.287614,-0.067362,S
0.0,0.0,-0.0,0.117533,-0.089404,-0.039075,0.182571,-0.252119,-0.064257,0.157795,-0.395583,-0.090792,0.089586,-0.464007,-0.109483,0.166191,-0.398607,-0.019591,0.203431,-0.517195,-0.07028,0.189143,-0.404888,-0.101122,0.167914,-0.328122,-0.117043,0.090971,-0.406515,-0.031183,0.127285,-0.557902,-0.086478,0.123914,-0.423668,-0.10401,0.104597,-0.347059,-0.104875,0.009824,-0.392308,-0.050961,0.040185,-0.498868,-0.113306,0.048275,-0.360251,-0.104511,0.032201,-0.29233,-0.083305,-0.071254,-0.363334,-0.073776,-0.022977,-0.445931,-0.111801,-0.005024,-0.347236,-0.093656,-0.018161,-0.286951,-0.072714,S
0.0,0.0,-0.0,0.119384,-0.093085,-0.036366,0.185524,-0.255886,-0.060013,0.163908,-0.399198,-0.085965,0.103577,-0.474246,-0.103978,0.167593,-0.399613,-0.015042,0.206201,-0.523441,-0.067231,0.191174,-0.408903,-0.098957,0.168927,-0.331684,-0.114782,0.092105,-0.407272,-0.027729,0.128619,-0.562527,-0.083336,0.124887,-0.424968,-0.10068,0.106733,-0.349106,-0.101437,0.011266,-0.393959,-0.048874,0.043845,-0.50359,-0.111908,0.050115,-0.360789,-0.10155,0.033669,-0.291772,-0.079037,-0.070275,-0.366952,-0.072873,-0.022191,-0.453061,-0.110812,-0.004597,-0.351637,-0.091346,-0.017512,-0.289728,-0.069211,S
0.0,0.0,-1e-06,-0.098151,-0.0692,-0.028162,-0.168171,-0.212599,-0.048836,-0.131064,-0.334927,-0.073896,-0.042705,-0.340346,-0.090635,-0.140949,-0.325389,-0.006113,-0.172428,-0.444914,-0.061826,-0.160983,-0.325401,-0.090469,-0.134065,-0.270102,-0.104863,-0.074769,-0.337275,-0.014952,-0.105985,-0.462282,-0.068895,-0.097108,-0.330524,-0.069352,-0.076702,-0.282721,-0.058274,-0.00893,-0.335869,-0.034168,-0.034756,-0.456805,-0.084205,-0.041896,-0.32252,-0.058605,-0.0282,-0.265982,-0.029947,0.060633,-0.319051,-0.058005,0.022933,-0.40786,-0.087455,0.008663,-0.313157,-0.072616,0.019667,-0.256926,-0.055835,S
0.0,0.0,-1e-06,-0.098331,-0.069622,-0.029579,-0.169747,-0.210309,-0.052773,-0.134724,-0.335212,-0.080262,-0.045279,-0.342868,-0.09935,-0.14212,-0.327078,-0.008212,-0.176311,-0.44409,-0.065731,-0.163509,-0.323545,-0.095088,-0.134763,-0.269351,-0.109597,-0.076136,-0.339128,-0.016721,-0.111707,-0.458356,-0.073161,-0.100785,-0.325822,-0.074075,-0.078552,-0.279714,-0.062655,-0.010409,-0.33882,-0.035767,-0.041705,-0.455745,-0.088339,-0.046923,-0.319668,-0.064054,-0.030752,-0.263199,-0.035531,0.059157,-0.323179,-0.05934,0.014684,-0.407045,-0.090625,0.003262,-0.311542,-0.077309,0.017893,-0.256096,-0.060976,S
0.0,0.0,-1e-06,-0.096884,-0.070855,-0.025674,-0.166359,-0.21554,-0.045667,-0.131855,-0.33951,-0.070667,-0.046142,-0.346857,-0.087421,-0.138841,-0.326062,-0.003847,-0.17253,-0.444462,-0.060335,-0.162588,-0.32528,-0.08882,-0.134832,-0.270292,-0.102721,-0.074681,-0.337771,-0.01352,-0.108216,-0.462823,-0.069587,-0.10057,-0.329849,-0.069772,-0.078287,-0.28193,-0.057385,-0.01022,-0.33696,-0.03347,-0.04052,-0.454812,-0.084405,-0.04758,-0.3201,-0.058847,-0.030504,-0.265205,-0.029583,0.058427,-0.320888,-0.057773,0.015162,-0.407747,-0.086701,0.00307,-0.314328,-0.072127,0.018824,-0.260209,-0.055326,S
0.0,0.0,-1e-06,-0.096884,-0.070855,-0.025674,-0.166359,-0.21554,-0.045667,-0.131855,-0.33951,-0.070667,-0.046142,-0.346857,-0.087421,-0.138841,-0.326062,-0.003847,-0.17253,-0.444462,-0.060335,-0.162588,-0.32528,-0.08882,-0.134832,-0.270292,-0.102721,-0.074681,-0.337771,-0.01352,-0.108216,-0.462823,-0.069587,-0.10057,-0.329849,-0.069772,-0.078287,-0.28193,-0.057385,-0.01022,-0.33696,-0.03347,-0.04052,-0.454812,-0.084405,-0.04758,-0.3201,-0.058847,-0.030504,-0.265205,-0.029583,0.058427,-0.320888,-0.057773,0.015162,-0.407747,-0.086701,0.00307,-0.314328,-0.072127,0.018824,-0.260209,-0.055326,S
0.0,0.0,-1e-06,-0.096323,-0.070497,-0.026314,-0.165518,-0.215674,-0.046544,-0.131343,-0.339894,-0.071694,-0.046207,-0.348187,-0.088557,-0.138619,-0.32764,-0.004658,-0.17241,-0.445127,-0.060863,-0.161977,-0.32491,-0.089084,-0.1344,-0.269768,-0.102963,-0.074186,-0.339278,-0.014153,-0.108676,-0.46226,-0.070024,-0.100289,-0.328687,-0.07008,-0.077838,-0.281118,-0.057754,-0.009818,-0.338057,-0.033945,-0.040677,-0.455362,-0.084948,-0.047147,-0.319798,-0.059304,-0.029974,-0.264686,-0.030032,0.058538,-0.321597,-0.058139,0.015244,-0.408514,-0.087537,0.003268,-0.314425,-0.073058,0.018982,-0.259989,-0.05623,S
0.0,0.0,-1e-06,-0.097238,-0.069939,-0.026481,-0.167632,-0.212815,-0.047088,-0.133132,-0.335999,-0.072577,-0.046252,-0.343579,-0.089852,-0.140591,-0.324522,-0.005047,-0.174881,-0.44313,-0.061408,-0.164124,-0.324267,-0.089755,-0.135296,-0.267728,-0.103567,-0.076027,-0.336557,-0.01443,-0.109713,-0.460804,-0.07059,-0.101291,-0.328858,-0.071179,-0.078134,-0.2793,-0.059111,-0.011276,-0.33605,-0.034111,-0.041805,-0.454342,-0.085482,-0.048207,-0.319988,-0.0605,-0.03029,-0.263102,-0.031389,0.05798,-0.320161,-0.05818,0.014484,-0.407073,-0.087826,0.002325,-0.314004,-0.073922,0.018315,-0.258576,-0.057383,S
0.0,0.0,-1e-06,-0.096713,-0.074107,-0.026417,-0.167015,-0.216276,-0.048075,-0.132846,-0.341091,-0.074805,-0.045253,-0.348152,-0.093199,-0.139322,-0.331323,-0.004459,-0.172434,-0.450034,-0.061413,-0.163176,-0.329821,-0.090479,-0.135527,-0.275417,-0.104951,-0.074163,-0.342723,-0.014396,-0.107717,-0.467691,-0.071417,-0.100612,-0.334141,-0.072373,-0.079199,-0.285756,-0.060429,-0.009142,-0.341926,-0.034644,-0.040287,-0.46001,-0.08664,-0.047569,-0.323967,-0.061825,-0.031282,-0.266864,-0.032776,0.059756,-0.325691,-0.059217,0.015457,-0.413324,-0.089083,0.003745,-0.318897,-0.074921,0.019137,-0.262909,-0.058182,S
0.0,0.0,-1e-06,-0.097151,-0.074088,-0.027516,-0.167019,-0.218011,-0.048831,-0.133604,-0.344794,-0.075168,-0.047861,-0.357365,-0.09277,-0.139316,-0.334846,-0.003878,-0.17263,-0.453969,-0.062963,-0.163477,-0.331294,-0.092752,-0.135211,-0.274991,-0.106914,-0.074488,-0.346182,-0.013214,-0.108647,-0.468406,-0.071541,-0.101874,-0.332112,-0.071933,-0.078439,-0.285985,-0.059328,-0.009268,-0.345361,-0.033421,-0.04041,-0.461714,-0.086993,-0.048628,-0.323682,-0.061292,-0.030487,-0.269298,-0.031384,0.059795,-0.32886,-0.058137,0.015853,-0.413925,-0.088672,0.003623,-0.317716,-0.074136,0.020465,-0.263786,-0.056881,S
0.0,0.0,-1e-06,-0.097492,-0.074808,-0.026788,-0.166494,-0.219857,-0.04797,-0.132043,-0.344854,-0.074314,-0.046921,-0.355816,-0.091997,-0.140399,-0.337321,-0.004102,-0.173865,-0.454643,-0.063085,-0.163495,-0.330475,-0.092955,-0.135695,-0.274946,-0.107544,-0.074598,-0.349433,-0.014061,-0.109785,-0.469746,-0.071776,-0.101349,-0.331502,-0.071859,-0.077303,-0.28699,-0.059501,-0.008739,-0.348472,-0.03477,-0.041931,-0.462335,-0.087647,-0.048879,-0.32263,-0.061459,-0.029563,-0.270114,-0.031808,0.060859,-0.331472,-0.059928,0.014884,-0.414629,-0.090016,0.003601,-0.317199,-0.075025,0.021831,-0.264686,-0.057797,S
0.0,0.0,-1e-06,-0.097127,-0.076208,-0.026038,-0.165863,-0.219967,-0.047313,-0.131723,-0.345629,-0.073863,-0.046961,-0.359224,-0.091837,-0.139764,-0.337826,-0.004009,-0.17364,-0.456118,-0.063102,-0.163052,-0.332908,-0.093477,-0.135045,-0.276112,-0.108357,-0.074086,-0.349907,-0.014318,-0.109662,-0.471524,-0.071867,-0.101117,-0.334663,-0.07256,-0.077162,-0.28858,-0.060819,-0.00824,-0.348954,-0.035229,-0.041568,-0.463936,-0.087367,-0.048233,-0.32589,-0.06134,-0.028987,-0.272493,-0.032154,0.061332,-0.331464,-0.060575,0.015464,-0.415149,-0.090208,0.004298,-0.318805,-0.075373,0.022512,-0.265855,-0.058449,S
0.0,0.0,-1e-06,-0.096113,-0.072751,-0.027345,-0.165675,-0.216119,-0.048974,-0.132695,-0.340459,-0.075493,-0.047526,-0.353579,-0.093489,-0.139389,-0.330521,-0.005515,-0.171794,-0.450172,-0.063695,-0.162983,-0.32849,-0.093014,-0.1355,-0.271443,-0.107018,-0.075034,-0.340898,-0.014709,-0.108647,-0.463638,-0.072403,-0.101808,-0.327917,-0.073082,-0.079386,-0.28039,-0.060946,-0.010019,-0.340106,-0.034446,-0.040908,-0.459371,-0.086976,-0.048744,-0.322389,-0.061352,-0.031803,-0.266552,-0.031862,0.058966,-0.324298,-0.058644,0.014986,-0.412506,-0.089042,0.002571,-0.316039,-0.074476,0.018239,-0.260455,-0.057315,S
0.0,0.0,-1e-06,-0.096406,-0.073675,-0.027393,-0.16549,-0.216944,-0.049319,-0.132782,-0.341823,-0.076109,-0.048593,-0.356251,-0.094287,-0.139024,-0.33478,-0.005527,-0.172583,-0.451931,-0.064655,-0.161979,-0.329209,-0.094849,-0.134606,-0.272545,-0.109455,-0.07441,-0.345913,-0.015098,-0.109628,-0.467468,-0.073046,-0.101077,-0.330106,-0.07374,-0.078011,-0.283322,-0.06164,-0.009178,-0.344666,-0.035284,-0.041971,-0.459984,-0.088244,-0.048675,-0.321314,-0.062299,-0.030621,-0.267151,-0.032651,0.060027,-0.327647,-0.059931,0.014446,-0.412512,-0.090493,0.002777,-0.31532,-0.07556,0.019435,-0.261634,-0.058146,S
0.0,0.0,-1e-06,-0.095726,-0.078225,-0.028039,-0.163684,-0.221686,-0.051216,-0.130961,-0.347168,-0.079339,-0.04564,-0.356844,-0.09876,-0.137423,-0.340308,-0.006812,-0.172191,-0.4564,-0.065542,-0.163381,-0.330315,-0.095244,-0.136076,-0.276382,-0.109996,-0.072278,-0.352081,-0.016581,-0.109233,-0.470244,-0.074205,-0.101852,-0.330951,-0.074101,-0.078222,-0.287369,-0.061928,-0.006568,-0.350997,-0.036912,-0.040629,-0.465511,-0.089322,-0.048239,-0.325797,-0.063047,-0.029618,-0.272597,-0.033742,0.06278,-0.334241,-0.061786,0.015451,-0.419361,-0.091346,0.003776,-0.321521,-0.075967,0.021412,-0.267192,-0.058645,S
0.0,0.0,-1e-06,-0.095726,-0.078225,-0.028039,-0.163684,-0.221686,-0.051216,-0.130961,-0.347168,-0.079339,-0.04564,-0.356844,-0.09876,-0.137423,-0.340308,-0.006812,-0.172191,-0.4564,-0.065542,-0.163381,-0.330315,-0.095244,-0.136076,-0.276382,-0.109996,-0.072278,-0.352081,-0.016581,-0.109233,-0.470244,-0.074205,-0.101852,-0.330951,-0.074101,-0.078222,-0.287369,-0.061928,-0.006568,-0.350997,-0.036912,-0.040629,-0.465511,-0.089322,-0.048239,-0.325797,-0.063047,-0.029618,-0.272597,-0.033742,0.06278,-0.334241,-0.061786,0.015451,-0.419361,-0.091346,0.003776,-0.321521,-0.075967,0.021412,-0.267192,-0.058645,S
0.0,0.0,-1e-06,-0.095413,-0.07507,-0.025946,-0.163973,-0.220219,-0.046612,-0.131068,-0.344202,-0.072387,-0.048231,-0.353825,-0.089511,-0.138123,-0.337987,-0.004836,-0.172555,-0.453676,-0.062927,-0.16167,-0.328715,-0.092368,-0.134591,-0.273832,-0.10696,-0.072954,-0.349165,-0.015122,-0.108949,-0.467723,-0.071714,-0.10017,-0.32811,-0.071258,-0.076743,-0.284067,-0.059076,-0.007538,-0.34743,-0.035879,-0.041375,-0.459185,-0.08732,-0.047847,-0.319719,-0.060268,-0.029177,-0.267992,-0.03064,0.061369,-0.32998,-0.06111,0.015635,-0.413922,-0.09018,0.004104,-0.316713,-0.074353,0.021027,-0.263918,-0.05685,S
0.0,0.0,-1e-06,-0.096205,-0.074721,-0.028134,-0.166563,-0.217992,-0.050589,-0.133288,-0.344459,-0.077695,-0.046122,-0.351831,-0.09635,-0.137696,-0.337511,-0.00582,-0.170045,-0.454704,-0.063409,-0.161033,-0.333797,-0.092989,-0.134103,-0.278487,-0.10768,-0.072148,-0.348854,-0.015162,-0.105389,-0.472877,-0.071979,-0.098932,-0.337142,-0.07264,-0.077881,-0.288463,-0.060642,-0.006738,-0.346493,-0.034991,-0.03759,-0.462555,-0.087394,-0.045432,-0.324972,-0.062255,-0.029308,-0.268236,-0.033,0.061909,-0.327875,-0.05927,0.017432,-0.415215,-0.089196,0.005215,-0.319139,-0.074462,0.020312,-0.263025,-0.057327,S
0.0,0.0,-1e-06,-0.095973,-0.076209,-0.028347,-0.16295,-0.218502,-0.050283,-0.129675,-0.341699,-0.077112,-0.046259,-0.349668,-0.095228,-0.13552,-0.337055,-0.003081,-0.169268,-0.452301,-0.06094,-0.159651,-0.332799,-0.090402,-0.132054,-0.275517,-0.104352,-0.071923,-0.347484,-0.012418,-0.104899,-0.467748,-0.070054,-0.09787,-0.333975,-0.071587,-0.074816,-0.285595,-0.059655,-0.007506,-0.344627,-0.032535,-0.036816,-0.458913,-0.084796,-0.044422,-0.324214,-0.059752,-0.026409,-0.270433,-0.03018,0.06097,-0.326317,-0.057382,0.019378,-0.411291,-0.085704,0.00623,-0.31874,-0.070402,0.021248,-0.265528,-0.052759,S
0.0,0.0,-1e-06,-0.096936,-0.072232,-0.029025,-0.164888,-0.218011,-0.050594,-0.129083,-0.342946,-0.076479,-0.042816,-0.345125,-0.093776,-0.135167,-0.331944,-0.006487,-0.167976,-0.448583,-0.063521,-0.158687,-0.32858,-0.092012,-0.131231,-0.274311,-0.105829,-0.070702,-0.342527,-0.015048,-0.103474,-0.464473,-0.071834,-0.096592,-0.330681,-0.072021,-0.074929,-0.283583,-0.059427,-0.006627,-0.339772,-0.034187,-0.035749,-0.453762,-0.086105,-0.043558,-0.31877,-0.060833,-0.027139,-0.264469,-0.031276,0.061277,-0.322123,-0.057966,0.019058,-0.408546,-0.086659,0.0064,-0.315116,-0.071838,0.021075,-0.261216,-0.054704,S
0.0,0.0,-1e-06,-0.094763,-0.074085,-0.028021,-0.16345,-0.220029,-0.049169,-0.12852,-0.345509,-0.074816,-0.041671,-0.349022,-0.091708,-0.13503,-0.334906,-0.006248,-0.16739,-0.45249,-0.062846,-0.157812,-0.330347,-0.09103,-0.130799,-0.277239,-0.104993,-0.06993,-0.345381,-0.015375,-0.102968,-0.467971,-0.071627,-0.096156,-0.331597,-0.071027,-0.074989,-0.285229,-0.05828,-0.005081,-0.34251,-0.034963,-0.034802,-0.455677,-0.086362,-0.042558,-0.319275,-0.06015,-0.026536,-0.265151,-0.030375,0.06311,-0.324609,-0.059134,0.020808,-0.410489,-0.087512,0.008726,-0.316721,-0.072132,0.023605,-0.263222,-0.054863,S
0.0,0.0,-1e-06,-0.095344,-0.073505,-0.027851,-0.16254,-0.220218,-0.048518,-0.126638,-0.344846,-0.073853,-0.041177,-0.348085,-0.090494,-0.133495,-0.334734,-0.004985,-0.165383,-0.452257,-0.062129,-0.15635,-0.329523,-0.090606,-0.129445,-0.274582,-0.104426,-0.069084,-0.344602,-0.01423,-0.101725,-0.465452,-0.071595,-0.094956,-0.328363,-0.071634,-0.073226,-0.282041,-0.058912,-0.004713,-0.341727,-0.03406,-0.034226,-0.453949,-0.086769,-0.042341,-0.316355,-0.06075,-0.025989,-0.262642,-0.030626,0.063272,-0.3239,-0.058454,0.021869,-0.410304,-0.087719,0.008876,-0.314567,-0.072149,0.023294,-0.260396,-0.054373,S
0.0,0.0,-1e-06,-0.093567,-0.072823,-0.027476,-0.15939,-0.21893,-0.048865,-0.122886,-0.34304,-0.074779,-0.03663,-0.341749,-0.092413,-0.129848,-0.33129,-0.007718,-0.161505,-0.451086,-0.063832,-0.152302,-0.330208,-0.091879,-0.125695,-0.274954,-0.105658,-0.065415,-0.340634,-0.016891,-0.098849,-0.461389,-0.072823,-0.091257,-0.32757,-0.072903,-0.070422,-0.280488,-0.060774,-0.001369,-0.33751,-0.036188,-0.031605,-0.451432,-0.087491,-0.039029,-0.31617,-0.062268,-0.023787,-0.260379,-0.033156,0.066212,-0.319588,-0.059922,0.024077,-0.409421,-0.089303,0.011336,-0.314395,-0.07448,0.024675,-0.257497,-0.057318,S
0.0,0.0,-1e-06,-0.093768,-0.077338,-0.029229,-0.161567,-0.218189,-0.052699,-0.127236,-0.342477,-0.080624,-0.039271,-0.345063,-0.100197,-0.131696,-0.335694,-0.00762,-0.163314,-0.450542,-0.063846,-0.155777,-0.328676,-0.092261,-0.129893,-0.274152,-0.106357,-0.066801,-0.345585,-0.016715,-0.099429,-0.465646,-0.07281,-0.093485,-0.331652,-0.07323,-0.073317,-0.283554,-0.061312,-0.001687,-0.342504,-0.036142,-0.031244,-0.454258,-0.088432,-0.0398,-0.319292,-0.063959,-0.0258,-0.263121,-0.035138,0.066268,-0.323724,-0.060087,0.025052,-0.412399,-0.089462,0.011244,-0.317531,-0.074161,0.022981,-0.259956,-0.056643,S
0.0,0.0,-1e-06,-0.095533,-0.073042,-0.028407,-0.163184,-0.215459,-0.050963,-0.127099,-0.339524,-0.077938,-0.040005,-0.342015,-0.096861,-0.131849,-0.331301,-0.007905,-0.163938,-0.447922,-0.064387,-0.155652,-0.329516,-0.093145,-0.128455,-0.272309,-0.107168,-0.067558,-0.341117,-0.016862,-0.099129,-0.464045,-0.073527,-0.093555,-0.332875,-0.075085,-0.073122,-0.280971,-0.06349,-0.00332,-0.338006,-0.035919,-0.032585,-0.453443,-0.088089,-0.040776,-0.319431,-0.06422,-0.025296,-0.260094,-0.035407,0.064711,-0.319328,-0.059382,0.02186,-0.408846,-0.089227,0.009154,-0.315501,-0.075076,0.023618,-0.257751,-0.058079,S
0.0,0.0,-1e-06,-0.095993,-0.072029,-0.028308,-0.164373,-0.212622,-0.050788,-0.129286,-0.335907,-0.077633,-0.042553,-0.3407,-0.096515,-0.133289,-0.327838,-0.007237,-0.164532,-0.443842,-0.063027,-0.154755,-0.327447,-0.092011,-0.128173,-0.271821,-0.106377,-0.068872,-0.337796,-0.015923,-0.100548,-0.460046,-0.070515,-0.093267,-0.331143,-0.072069,-0.073403,-0.281538,-0.061252,-0.00456,-0.334665,-0.034715,-0.032526,-0.451943,-0.084936,-0.040515,-0.31947,-0.061318,-0.026571,-0.261576,-0.033555,0.063306,-0.315834,-0.057933,0.02184,-0.403531,-0.086903,0.008925,-0.311368,-0.073079,0.022072,-0.255199,-0.056745,S
0.0,0.0,0.0,0.084008,-0.089856,-0.021241,0.110267,-0.233559,-0.026668,0.081537,-0.353125,-0.035625,0.071675,-0.441512,-0.040646,0.073895,-0.294782,0.012941,0.088016,-0.386286,-0.029686,0.111907,-0.342011,-0.058391,0.118911,-0.278988,-0.070838,0.018534,-0.286737,0.003679,0.023883,-0.409887,-0.048576,0.054281,-0.318182,-0.073686,0.060579,-0.231784,-0.077108,-0.033752,-0.260477,-0.012738,-0.017208,-0.360005,-0.075308,0.018316,-0.247284,-0.079305,0.02131,-0.173852,-0.063293,-0.086638,-0.219224,-0.029853,-0.048738,-0.281789,-0.078264,-0.020812,-0.203262,-0.077759,-0.021324,-0.151705,-0.065039,T
0.0,0.0,0.0,0.087498,-0.094522,-0.020679,0.111979,-0.239829,-0.026396,0.079639,-0.359754,-0.036039,0.065472,-0.447824,-0.041754,0.076766,-0.298065,0.014717,0.089844,-0.395852,-0.028511,0.113805,-0.35057,-0.058023,0.121983,-0.284986,-0.070921,0.020678,-0.289449,0.004608,0.024538,-0.417267,-0.048164,0.055132,-0.325074,-0.073415,0.061959,-0.236788,-0.076768,-0.033037,-0.263111,-0.01297,-0.016113,-0.366004,-0.076288,0.019801,-0.251566,-0.08016,0.023207,-0.17675,-0.063784,-0.08721,-0.221593,-0.031194,-0.049588,-0.289229,-0.079899,-0.021412,-0.209073,-0.078761,-0.021848,-0.155888,-0.065551,T
0.0,0.0,-0.0,0.081878,-0.090493,-0.022579,0.10801,-0.232159,-0.031787,0.079328,-0.350902,-0.04572,0.049522,-0.435351,-0.055767,0.076439,-0.309067,0.00871,0.090835,-0.40863,-0.042009,0.101797,-0.355994,-0.075385,0.106225,-0.283447,-0.088664,0.019138,-0.29546,-0.000915,0.024921,-0.393177,-0.063346,0.046591,-0.289251,-0.09015,0.058023,-0.194029,-0.092802,-0.036163,-0.267117,-0.018472,-0.019789,-0.34081,-0.086418,0.01051,-0.223983,-0.091226,0.022207,-0.135754,-0.074426,-0.091374,-0.227466,-0.037233,-0.059646,-0.279401,-0.086663,-0.030301,-0.1991,-0.08736,-0.0186,-0.134781,-0.074593,T
0.0,0.0,-0.0,0.078756,-0.087887,-0.02371,0.105041,-0.228455,-0.032897,0.077796,-0.346071,-0.046359,0.051747,-0.43131,-0.056344,0.073447,-0.305639,0.008052,0.087396,-0.402449,-0.042353,0.099297,-0.355507,-0.075344,0.10625,-0.283983,-0.088146,0.016911,-0.292834,-0.000889,0.023734,-0.392346,-0.062574,0.04541,-0.293307,-0.089121,0.05812,-0.198562,-0.091206,-0.038708,-0.264345,-0.017709,-0.021183,-0.339103,-0.086316,0.00782,-0.222926,-0.090819,0.019211,-0.133627,-0.073056,-0.094622,-0.223058,-0.035616,-0.062625,-0.277612,-0.085698,-0.033538,-0.198218,-0.085466,-0.022479,-0.133628,-0.071443,T
0.0,0.0,-0.0,0.077776,-0.085511,-0.023788,0.104373,-0.223828,-0.034222,0.076674,-0.338846,-0.048885,0.045379,-0.421693,-0.059993,0.070204,-0.304918,0.003876,0.0834,-0.404518,-0.046775,0.096575,-0.352497,-0.079762,0.103261,-0.280927,-0.092741,0.014061,-0.290827,-0.004843,0.019292,-0.388614,-0.066072,0.041832,-0.285838,-0.091103,0.054095,-0.192957,-0.092795,-0.040538,-0.262158,-0.021319,-0.022938,-0.337314,-0.087943,0.007475,-0.222164,-0.091696,0.01902,-0.135215,-0.074636,-0.094718,-0.222256,-0.03911,-0.0637,-0.273195,-0.088199,-0.033657,-0.193713,-0.088832,-0.021742,-0.12982,-0.07611,T
0.0,0.0,-0.0,0.077858,-0.084753,-0.023731,0.10542,-0.222004,-0.034139,0.080861,-0.338299,-0.048775,0.049719,-0.42246,-0.059912,0.071486,-0.304655,0.003387,0.085586,-0.404996,-0.047291,0.098568,-0.353712,-0.080247,0.104922,-0.282984,-0.093273,0.015776,-0.290952,-0.005308,0.021596,-0.389811,-0.066627,0.043157,-0.286808,-0.091602,0.054902,-0.193519,-0.093271,-0.038703,-0.262514,-0.021707,-0.021341,-0.339181,-0.088262,0.00862,-0.224951,-0.091984,0.020343,-0.137946,-0.074945,-0.093131,-0.223041,-0.039432,-0.062365,-0.275221,-0.088474,-0.03282,-0.196641,-0.089176,-0.02094,-0.132394,-0.076522,T
0.0,0.0,-0.0,0.077639,-0.083263,-0.020995,0.106322,-0.221304,-0.029124,0.081021,-0.336075,-0.042006,0.048488,-0.416566,-0.051928,0.072009,-0.303601,0.005426,0.083721,-0.40585,-0.043631,0.097432,-0.356083,-0.075405,0.105573,-0.284244,-0.0877,0.016223,-0.290199,-0.004092,0.02066,-0.38873,-0.063553,0.043581,-0.28872,-0.087577,0.057227,-0.196244,-0.088822,-0.038607,-0.261858,-0.021046,-0.021901,-0.338538,-0.08662,0.00787,-0.224715,-0.090527,0.020367,-0.137194,-0.07376,-0.093625,-0.22149,-0.039021,-0.062962,-0.275288,-0.087989,-0.033371,-0.196812,-0.088893,-0.020914,-0.131104,-0.076341,T
0.0,0.0,-0.0,0.077096,-0.082097,-0.021847,0.105667,-0.219997,-0.030385,0.080498,-0.334683,-0.043397,0.048458,-0.415712,-0.053369,0.071517,-0.302371,0.004733,0.084896,-0.402927,-0.044153,0.09821,-0.353411,-0.075765,0.105471,-0.28289,-0.087929,0.01594,-0.289629,-0.004306,0.022158,-0.388052,-0.063403,0.043903,-0.287919,-0.087187,0.056602,-0.195399,-0.088172,-0.038583,-0.262024,-0.020846,-0.020187,-0.338739,-0.086014,0.008936,-0.225308,-0.090073,0.02103,-0.137827,-0.073424,-0.093218,-0.222559,-0.038464,-0.061687,-0.275171,-0.087173,-0.032898,-0.196718,-0.088252,-0.020991,-0.131135,-0.075861,T
0.0,0.0,-0.0,0.076957,-0.083972,-0.021517,0.104904,-0.221719,-0.030181,0.079235,-0.336575,-0.043371,0.048843,-0.418649,-0.053483,0.072073,-0.302666,0.005741,0.084523,-0.400987,-0.043198,0.097351,-0.352205,-0.07495,0.104547,-0.281473,-0.087266,0.016073,-0.289233,-0.003663,0.021408,-0.387028,-0.06323,0.043942,-0.286878,-0.087775,0.057223,-0.19364,-0.089294,-0.038764,-0.260671,-0.020492,-0.021373,-0.33615,-0.086238,0.008387,-0.222552,-0.090383,0.020637,-0.135274,-0.073665,-0.093697,-0.220285,-0.038305,-0.062568,-0.273523,-0.08695,-0.033347,-0.195349,-0.087533,-0.021561,-0.130442,-0.074796,T
0.0,0.0,-0.0,0.07584,-0.084261,-0.020789,0.103675,-0.22334,-0.028933,0.079719,-0.33875,-0.041794,0.050762,-0.421776,-0.051623,0.072092,-0.303988,0.004937,0.084659,-0.40361,-0.044209,0.097088,-0.354978,-0.075719,0.104165,-0.283845,-0.087693,0.016249,-0.290227,-0.004698,0.021543,-0.387432,-0.063798,0.043181,-0.288597,-0.087419,0.056186,-0.196876,-0.088483,-0.038653,-0.26135,-0.021697,-0.022205,-0.33704,-0.08698,0.006934,-0.223871,-0.090324,0.019379,-0.136739,-0.073219,-0.093606,-0.220493,-0.039661,-0.063856,-0.274647,-0.088019,-0.034687,-0.197184,-0.088256,-0.022492,-0.132684,-0.075312,T
0.0,0.0,-0.0,0.077201,-0.083264,-0.022244,0.104437,-0.22202,-0.030587,0.078288,-0.336891,-0.043373,0.047718,-0.418873,-0.053022,0.070924,-0.302844,0.007227,0.08407,-0.402067,-0.04153,0.096474,-0.354628,-0.073283,0.102894,-0.283418,-0.085426,0.014926,-0.290199,-0.001658,0.020832,-0.388766,-0.061433,0.043306,-0.288771,-0.086501,0.056455,-0.194505,-0.087916,-0.040118,-0.262224,-0.018164,-0.021957,-0.338638,-0.084448,0.007822,-0.224216,-0.089202,0.020071,-0.136111,-0.072471,-0.095332,-0.221825,-0.035677,-0.062963,-0.275439,-0.085103,-0.033984,-0.196122,-0.086098,-0.022315,-0.130333,-0.073324,T
0.0,0.0,-0.0,0.077884,-0.086918,-0.021627,0.105108,-0.224497,-0.030073,0.078423,-0.339987,-0.043169,0.049392,-0.422817,-0.053172,0.070326,-0.302676,0.007295,0.083867,-0.400548,-0.042209,0.097195,-0.353221,-0.074399,0.105337,-0.281701,-0.08674,0.014491,-0.288986,-0.002126,0.020825,-0.387823,-0.062806,0.043533,-0.289712,-0.088301,0.057035,-0.195509,-0.089968,-0.040227,-0.26037,-0.01906,-0.021888,-0.3363,-0.086323,0.00738,-0.221967,-0.090618,0.019001,-0.133025,-0.073244,-0.095323,-0.219366,-0.036949,-0.063119,-0.273454,-0.086798,-0.033739,-0.194203,-0.087192,-0.022302,-0.128401,-0.073773,T
0.0,0.0,-0.0,0.077371,-0.085554,-0.021482,0.103888,-0.224003,-0.029818,0.07789,-0.339166,-0.04271,0.050185,-0.422585,-0.052389,0.071354,-0.30374,0.007297,0.085421,-0.400613,-0.041849,0.097791,-0.353057,-0.073748,0.10444,-0.282462,-0.086019,0.015139,-0.290617,-0.002096,0.02126,-0.389153,-0.062223,0.043157,-0.289763,-0.087297,0.056021,-0.196216,-0.088801,-0.039857,-0.262136,-0.018971,-0.022173,-0.337914,-0.085383,0.007062,-0.223821,-0.089316,0.018792,-0.136443,-0.072012,-0.094845,-0.221031,-0.036816,-0.063531,-0.275091,-0.085971,-0.034213,-0.195389,-0.086176,-0.022459,-0.130497,-0.072824,T
0.0,0.0,-0.0,0.078064,-0.086062,-0.021214,0.104134,-0.224671,-0.029295,0.077242,-0.339226,-0.042064,0.048601,-0.42181,-0.051644,0.070888,-0.304671,0.008921,0.083957,-0.401567,-0.039833,0.097179,-0.353772,-0.071819,0.104415,-0.283439,-0.084236,0.015082,-0.2917,-0.000474,0.021204,-0.388804,-0.060439,0.043857,-0.28899,-0.08587,0.056336,-0.195505,-0.087636,-0.039671,-0.263569,-0.017413,-0.021678,-0.337852,-0.08352,0.007861,-0.22334,-0.08791,0.0189,-0.136032,-0.070997,-0.094709,-0.223044,-0.035325,-0.062755,-0.275909,-0.084211,-0.033051,-0.196106,-0.08465,-0.021552,-0.131261,-0.071545,T
0.0,0.0,-0.0,0.076851,-0.085343,-0.024006,0.103371,-0.224245,-0.032741,0.075585,-0.34071,-0.045652,0.046882,-0.423617,-0.055205,0.067603,-0.302833,0.008714,0.081839,-0.400862,-0.041262,0.095207,-0.354066,-0.073722,0.103905,-0.282441,-0.085901,0.01225,-0.289411,0.000408,0.019879,-0.388839,-0.060437,0.042613,-0.290911,-0.086101,0.056759,-0.196602,-0.087296,-0.04272,-0.26088,-0.015941,-0.023346,-0.334818,-0.084098,0.006014,-0.220043,-0.088644,0.018076,-0.131409,-0.070702,-0.098444,-0.219736,-0.033383,-0.065107,-0.273555,-0.08324,-0.035996,-0.193722,-0.083004,-0.024789,-0.128102,-0.068814,T
0.0,0.0,-0.0,0.076297,-0.08587,-0.024306,0.101416,-0.223982,-0.033322,0.074521,-0.34096,-0.046379,0.048012,-0.425931,-0.056199,0.066988,-0.301226,0.009601,0.081242,-0.396647,-0.040062,0.094605,-0.353327,-0.072769,0.102749,-0.283521,-0.085318,0.011574,-0.288414,0.001471,0.019192,-0.387926,-0.059407,0.041672,-0.290702,-0.085608,0.055359,-0.196276,-0.087186,-0.04318,-0.259963,-0.014702,-0.023617,-0.334795,-0.083074,0.005349,-0.221075,-0.0877,0.016946,-0.133007,-0.069713,-0.098675,-0.218361,-0.031953,-0.065343,-0.273528,-0.082212,-0.036902,-0.193822,-0.082063,-0.026083,-0.12841,-0.067875,T
0.0,0.0,-0.0,0.07647,-0.08624,-0.024142,0.102556,-0.226084,-0.032772,0.073607,-0.342042,-0.045576,0.045969,-0.42442,-0.054982,0.067385,-0.30458,0.009455,0.080574,-0.400149,-0.040266,0.093603,-0.351887,-0.072681,0.102684,-0.28021,-0.084916,0.011385,-0.290886,0.001165,0.018723,-0.389649,-0.05934,0.04108,-0.291596,-0.084932,0.055428,-0.197556,-0.086079,-0.043755,-0.262032,-0.015239,-0.024363,-0.335734,-0.083324,0.00473,-0.220694,-0.088034,0.016796,-0.131693,-0.070123,-0.099374,-0.220082,-0.032754,-0.066049,-0.274164,-0.082628,-0.036683,-0.194556,-0.082572,-0.025142,-0.128762,-0.068486,T
0.0,0.0,-0.0,0.079804,-0.089881,-0.021797,0.104454,-0.231568,-0.030478,0.072485,-0.347184,-0.043827,0.039993,-0.427606,-0.05364,0.070486,-0.307169,0.007873,0.08266,-0.409729,-0.041489,0.095219,-0.359088,-0.07371,0.101738,-0.286509,-0.086234,0.013696,-0.292969,-0.001588,0.017596,-0.393705,-0.062233,0.040528,-0.292131,-0.087772,0.053494,-0.197462,-0.089688,-0.041336,-0.264267,-0.018706,-0.025075,-0.34181,-0.084807,0.005722,-0.227009,-0.08889,0.017696,-0.138968,-0.07203,-0.096208,-0.223802,-0.036969,-0.064926,-0.277998,-0.085792,-0.034781,-0.198059,-0.086221,-0.02298,-0.132548,-0.073343,T
0.0,0.0,-0.0,0.078464,-0.087597,-0.023848,0.103459,-0.228267,-0.033171,0.073165,-0.345035,-0.04673,0.044332,-0.428607,-0.056646,0.070052,-0.306458,0.007498,0.083755,-0.405836,-0.042795,0.096345,-0.357502,-0.075322,0.103356,-0.285907,-0.087751,0.013322,-0.293165,-0.000992,0.019052,-0.394033,-0.062942,0.04173,-0.293988,-0.089238,0.05528,-0.199383,-0.090951,-0.041788,-0.264933,-0.017383,-0.023835,-0.34174,-0.085504,0.00644,-0.226563,-0.090329,0.018762,-0.138079,-0.072907,-0.096766,-0.224068,-0.034945,-0.064331,-0.277841,-0.085187,-0.034366,-0.197571,-0.086057,-0.022535,-0.132257,-0.072784,T
0.0,0.0,-0.0,0.076152,-0.082967,-0.022593,0.103839,-0.221404,-0.031281,0.077745,-0.337427,-0.044287,0.047046,-0.4206,-0.054122,0.06874,-0.30517,0.005882,0.081912,-0.403575,-0.043148,0.095593,-0.35562,-0.074658,0.102946,-0.284394,-0.08652,0.013046,-0.291089,-0.002835,0.018915,-0.390142,-0.062978,0.042033,-0.290731,-0.087775,0.055341,-0.196895,-0.088835,-0.041753,-0.262223,-0.019099,-0.023682,-0.338541,-0.08606,0.007213,-0.224273,-0.09083,0.020064,-0.135913,-0.073791,-0.096676,-0.221194,-0.036313,-0.06472,-0.274661,-0.086491,-0.034134,-0.19535,-0.087784,-0.021247,-0.129808,-0.074934,T
0.0,0.0,-0.0,0.077547,-0.086663,-0.021053,0.104282,-0.227796,-0.028173,0.075732,-0.344454,-0.040018,0.044898,-0.426086,-0.04882,0.069306,-0.305769,0.009547,0.081122,-0.406019,-0.038984,0.095051,-0.358154,-0.070579,0.104221,-0.285902,-0.082481,0.013744,-0.291757,0.000124,0.019024,-0.393324,-0.05879,0.042109,-0.296967,-0.083718,0.056145,-0.203821,-0.085051,-0.041231,-0.26276,-0.016925,-0.02427,-0.339627,-0.083361,0.006116,-0.225876,-0.088276,0.019033,-0.137351,-0.071234,-0.09683,-0.221449,-0.034816,-0.065372,-0.277764,-0.083985,-0.035548,-0.199195,-0.084409,-0.023348,-0.133166,-0.071049,T
0.0,0.0,-0.0,0.077546,-0.084869,-0.02372,0.103575,-0.225667,-0.032694,0.074394,-0.343278,-0.04583,0.045897,-0.427389,-0.055493,0.070194,-0.305261,0.007438,0.083952,-0.403705,-0.042393,0.097223,-0.357166,-0.074733,0.104997,-0.28479,-0.086895,0.013888,-0.292422,-0.001003,0.02077,-0.392946,-0.062276,0.043154,-0.294765,-0.088327,0.056358,-0.199785,-0.089757,-0.041251,-0.264203,-0.017204,-0.022514,-0.338658,-0.085402,0.006792,-0.22328,-0.090184,0.018511,-0.133931,-0.072399,-0.096337,-0.223281,-0.03445,-0.063256,-0.277323,-0.084572,-0.034125,-0.197695,-0.084801,-0.023002,-0.132281,-0.070879,T
0.0,0.0,-0.0,0.075936,-0.083391,-0.024482,0.101199,-0.222022,-0.033411,0.073479,-0.338028,-0.046248,0.045075,-0.421398,-0.055888,0.064939,-0.300385,0.008389,0.079743,-0.395689,-0.041403,0.094514,-0.350364,-0.074082,0.10374,-0.279319,-0.086462,0.009849,-0.287738,0.000622,0.018727,-0.385452,-0.059981,0.042327,-0.288493,-0.086136,0.056633,-0.19508,-0.087714,-0.044363,-0.259736,-0.015098,-0.024109,-0.334979,-0.082836,0.005427,-0.22173,-0.08758,0.017557,-0.133699,-0.069805,-0.099173,-0.21837,-0.031939,-0.065005,-0.272263,-0.081952,-0.035928,-0.192759,-0.08212,-0.02468,-0.127245,-0.068143,T
0.0,0.0,-0.0,0.078015,-0.086803,-0.022269,0.101481,-0.226032,-0.030401,0.071437,-0.341278,-0.0431,0.043158,-0.423594,-0.052499,0.068151,-0.303143,0.011833,0.081305,-0.398625,-0.037537,0.095647,-0.352484,-0.070292,0.10445,-0.28148,-0.082865,0.012238,-0.290486,0.002929,0.018826,-0.389332,-0.057828,0.04265,-0.292559,-0.084523,0.056594,-0.199316,-0.086432,-0.042492,-0.262542,-0.013867,-0.023517,-0.337042,-0.081607,0.00646,-0.22301,-0.086898,0.018132,-0.135586,-0.069451,-0.097376,-0.221159,-0.031632,-0.064073,-0.274566,-0.081546,-0.034521,-0.194398,-0.082018,-0.022986,-0.129329,-0.068219,T
0.0,0.0,-0.0,0.077652,-0.086325,-0.022373,0.10158,-0.225523,-0.030046,0.072958,-0.341147,-0.042253,0.044782,-0.42396,-0.051353,0.066272,-0.302745,0.011814,0.078146,-0.399397,-0.036817,0.093399,-0.355568,-0.068916,0.103701,-0.28538,-0.081102,0.01114,-0.289646,0.00312,0.017183,-0.390266,-0.057156,0.0414,-0.293946,-0.083412,0.055838,-0.19955,-0.08484,-0.043196,-0.261337,-0.013427,-0.024666,-0.336987,-0.08126,0.005521,-0.223239,-0.086525,0.01766,-0.134869,-0.068772,-0.097983,-0.219591,-0.030904,-0.064708,-0.275545,-0.080946,-0.034997,-0.196446,-0.081341,-0.023493,-0.130619,-0.067355,T
0.0,0.0,-1e-06,-0.089277,-0.129586,-0.030247,-0.115499,-0.313274,-0.039919,-0.082709,-0.450089,-0.054384,-0.05222,-0.563911,-0.061623,-0.08004,-0.407873,0.014198,-0.118094,-0.513651,-0.046941,-0.115465,-0.41203,-0.081137,-0.111529,-0.313904,-0.089918,-0.006134,-0.389343,0.008549,-0.041769,-0.466342,-0.062632,-0.055148,-0.323052,-0.082785,-0.06126,-0.215778,-0.075599,0.062272,-0.353472,-0.008602,0.028575,-0.414772,-0.075263,-0.00489,-0.273402,-0.064472,-0.021632,-0.175632,-0.035174,0.124914,-0.302684,-0.029681,0.085911,-0.358145,-0.066075,0.050797,-0.277161,-0.0529,0.039411,-0.217755,-0.029814,T
0.0,0.0,-1e-06,-0.086246,-0.131121,-0.028933,-0.111591,-0.312572,-0.038222,-0.079733,-0.448655,-0.052799,-0.049766,-0.561908,-0.060325,-0.074747,-0.408026,0.017459,-0.113705,-0.512143,-0.043602,-0.112447,-0.411133,-0.078549,-0.108753,-0.31416,-0.087977,-0.002444,-0.388813,0.011197,-0.040079,-0.466638,-0.06004,-0.053738,-0.324769,-0.081068,-0.05998,-0.217598,-0.074473,0.064602,-0.352793,-0.006626,0.027611,-0.413659,-0.07326,-0.004844,-0.273622,-0.063414,-0.020819,-0.176134,-0.03467,0.125963,-0.302204,-0.028347,0.085179,-0.357973,-0.064516,0.05112,-0.277882,-0.051965,0.04029,-0.218455,-0.029371,T
0.0,0.0,-1e-06,-0.087034,-0.129645,-0.030138,-0.111908,-0.312657,-0.039559,-0.079855,-0.449181,-0.053875,-0.0505,-0.562888,-0.061025,-0.076384,-0.406766,0.014907,-0.114276,-0.511847,-0.046046,-0.112841,-0.410669,-0.080309,-0.109171,-0.313688,-0.089212,-0.003854,-0.387392,0.009541,-0.039813,-0.465864,-0.061649,-0.05363,-0.324517,-0.081864,-0.060705,-0.217571,-0.074693,0.063451,-0.351744,-0.007362,0.027989,-0.412687,-0.073815,-0.004638,-0.273166,-0.06359,-0.021378,-0.175912,-0.034609,0.125186,-0.302028,-0.028249,0.085499,-0.35821,-0.064382,0.051789,-0.278418,-0.05194,0.040566,-0.218898,-0.029429,T
0.0,0.0,-1e-06,-0.086475,-0.130128,-0.031124,-0.110113,-0.312919,-0.040784,-0.07703,-0.449074,-0.055093,-0.047201,-0.562667,-0.062088,-0.075325,-0.407391,0.014448,-0.113644,-0.511333,-0.046559,-0.112354,-0.409484,-0.080678,-0.108619,-0.312411,-0.089476,-0.002504,-0.387506,0.009574,-0.038663,-0.464858,-0.062245,-0.052683,-0.323705,-0.082857,-0.060011,-0.2171,-0.075785,0.064731,-0.351513,-0.006933,0.028836,-0.411293,-0.073764,-0.003689,-0.272012,-0.064012,-0.020482,-0.175074,-0.035255,0.126204,-0.301756,-0.027507,0.086362,-0.357578,-0.063766,0.053192,-0.278285,-0.051772,0.042576,-0.219611,-0.029572,T
0.0,0.0,-1e-06,-0.086215,-0.130007,-0.029298,-0.111388,-0.310842,-0.03859,-0.078784,-0.446493,-0.053044,-0.047275,-0.558812,-0.060361,-0.075767,-0.405281,0.016599,-0.113004,-0.509243,-0.044522,-0.111447,-0.409326,-0.078754,-0.108159,-0.313377,-0.0875,-0.003551,-0.386322,0.010606,-0.039509,-0.465407,-0.061477,-0.053029,-0.324993,-0.082391,-0.060123,-0.2179,-0.075113,0.063852,-0.35089,-0.006929,0.027411,-0.40906,-0.074293,-0.00464,-0.269036,-0.06489,-0.02087,-0.171976,-0.035936,0.125806,-0.301241,-0.028309,0.085289,-0.355597,-0.064628,0.052572,-0.275679,-0.052379,0.042511,-0.217292,-0.029789,T
0.0,0.0,-1e-06,-0.086208,-0.129007,-0.030914,-0.110096,-0.31162,-0.04075,-0.07718,-0.447182,-0.055194,-0.04727,-0.5602,-0.06245,-0.075758,-0.405533,0.012711,-0.11396,-0.509657,-0.048516,-0.112647,-0.408848,-0.082508,-0.109084,-0.312388,-0.091149,-0.00268,-0.386094,0.0076,-0.038965,-0.463941,-0.064291,-0.052728,-0.323142,-0.084651,-0.060012,-0.216429,-0.077299,0.064834,-0.350035,-0.008985,0.02816,-0.407709,-0.076019,-0.003988,-0.268102,-0.066262,-0.020597,-0.171632,-0.03738,0.126532,-0.300124,-0.029516,0.08619,-0.355725,-0.065645,0.053973,-0.275656,-0.053273,0.044204,-0.216906,-0.030774,T
0.0,0.0,-1e-06,-0.086464,-0.130019,-0.029997,-0.110707,-0.311306,-0.039343,-0.077905,-0.446802,-0.053458,-0.046645,-0.559165,-0.060499,-0.075518,-0.405779,0.014591,-0.11216,-0.507805,-0.045117,-0.111349,-0.408628,-0.078311,-0.10878,-0.313019,-0.086766,-0.002684,-0.386897,0.009254,-0.038374,-0.465034,-0.061285,-0.052328,-0.325632,-0.081437,-0.060105,-0.218464,-0.074137,0.064536,-0.3513,-0.007423,0.028702,-0.407556,-0.073348,-0.003992,-0.269469,-0.063817,-0.02129,-0.173267,-0.035322,0.125865,-0.301152,-0.02799,0.086266,-0.35421,-0.063453,0.052478,-0.274862,-0.051275,0.040793,-0.216686,-0.029124,T
0.0,0.0,-1e-06,-0.086557,-0.128902,-0.029816,-0.111874,-0.311284,-0.039295,-0.079521,-0.447281,-0.053808,-0.049703,-0.56009,-0.061122,-0.075902,-0.407262,0.015433,-0.113086,-0.513724,-0.04627,-0.111251,-0.4126,-0.081698,-0.107686,-0.314477,-0.091236,-0.003413,-0.387821,0.009643,-0.038793,-0.465848,-0.061564,-0.052647,-0.32427,-0.082122,-0.05964,-0.216632,-0.075222,0.063588,-0.351607,-0.00777,0.029452,-0.411356,-0.074055,-0.003748,-0.272384,-0.06341,-0.020874,-0.175678,-0.034239,0.124873,-0.301212,-0.029209,0.086745,-0.356734,-0.064738,0.051948,-0.27753,-0.051324,0.039671,-0.218544,-0.028218,T
0.0,0.0,-1e-06,-0.085985,-0.131495,-0.030891,-0.1093,-0.314567,-0.040886,-0.075624,-0.450108,-0.05547,-0.045552,-0.56226,-0.062681,-0.072916,-0.402964,0.013314,-0.108429,-0.51102,-0.049337,-0.106916,-0.408581,-0.084403,-0.103318,-0.309463,-0.093342,-0.001834,-0.380431,0.007877,-0.032112,-0.460324,-0.064666,-0.0484,-0.319155,-0.084909,-0.056659,-0.212049,-0.077411,0.064356,-0.343288,-0.009263,0.035428,-0.407714,-0.077109,-0.000321,-0.269916,-0.0663,-0.018488,-0.173566,-0.036452,0.125594,-0.292386,-0.030303,0.090011,-0.352858,-0.067306,0.053633,-0.273154,-0.053812,0.041148,-0.212355,-0.030216,T
0.0,0.0,-1e-06,-0.085683,-0.129486,-0.031211,-0.10786,-0.312586,-0.04139,-0.074688,-0.447315,-0.055765,-0.045868,-0.558682,-0.062741,-0.073207,-0.399938,0.009358,-0.108086,-0.510125,-0.053419,-0.106095,-0.407997,-0.087836,-0.102347,-0.30811,-0.096116,-0.001889,-0.377964,0.004262,-0.031414,-0.458282,-0.068106,-0.04717,-0.318608,-0.087601,-0.055568,-0.211199,-0.079548,0.064256,-0.341179,-0.012282,0.034635,-0.401448,-0.079564,-0.000377,-0.26475,-0.068998,-0.018141,-0.169387,-0.03941,0.125558,-0.290982,-0.032683,0.089475,-0.349561,-0.068814,0.05395,-0.270384,-0.055257,0.041953,-0.210083,-0.031805,T
0.0,0.0,-1e-06,-0.084232,-0.13214,-0.032714,-0.105579,-0.313699,-0.043881,-0.07236,-0.448997,-0.058982,-0.043338,-0.561703,-0.066477,-0.071414,-0.402092,0.008662,-0.105655,-0.511345,-0.053832,-0.105245,-0.407231,-0.087964,-0.103432,-0.307509,-0.096347,0.000141,-0.379545,0.004044,-0.029972,-0.462146,-0.06822,-0.046702,-0.32099,-0.088215,-0.056037,-0.214614,-0.0809,0.066609,-0.342394,-0.012037,0.036914,-0.405365,-0.079435,0.001365,-0.268561,-0.068994,-0.01772,-0.173621,-0.039768,0.12773,-0.292189,-0.032159,0.091932,-0.351071,-0.06859,0.055669,-0.272713,-0.055497,0.041898,-0.213917,-0.032595,T
0.0,0.0,-1e-06,-0.084621,-0.129428,-0.03003,-0.107985,-0.312292,-0.039943,-0.074577,-0.446603,-0.054482,-0.044026,-0.5588,-0.061859,-0.071471,-0.405841,0.012925,-0.107667,-0.509549,-0.048274,-0.106359,-0.409871,-0.082594,-0.104028,-0.312603,-0.091366,0.000297,-0.384573,0.007198,-0.032385,-0.460254,-0.063413,-0.048631,-0.320157,-0.083153,-0.057594,-0.213844,-0.075888,0.066749,-0.346896,-0.009907,0.036307,-0.408191,-0.075923,0.000795,-0.270847,-0.064936,-0.018027,-0.17485,-0.035734,0.127465,-0.29504,-0.030879,0.091191,-0.351943,-0.066887,0.055016,-0.273446,-0.053318,0.042,-0.214599,-0.030058,T
0.0,0.0,-1e-06,-0.085348,-0.129317,-0.031333,-0.10907,-0.311363,-0.041772,-0.075709,-0.446285,-0.056508,-0.045301,-0.55861,-0.063975,-0.074029,-0.404099,0.011597,-0.109004,-0.510746,-0.050097,-0.107099,-0.410766,-0.084805,-0.104224,-0.31239,-0.093855,-0.00183,-0.38271,0.006537,-0.032733,-0.460166,-0.064675,-0.048882,-0.319531,-0.084675,-0.057704,-0.212873,-0.077606,0.064888,-0.345311,-0.009976,0.036149,-0.408097,-0.076585,0.000398,-0.270666,-0.065473,-0.018675,-0.174563,-0.036116,0.125635,-0.293845,-0.030478,0.090487,-0.350959,-0.067157,0.054082,-0.271881,-0.053726,0.040824,-0.212596,-0.030487,T
0.0,0.0,-1e-06,-0.083891,-0.132003,-0.030487,-0.106869,-0.314774,-0.040861,-0.07418,-0.448862,-0.055896,-0.04334,-0.560618,-0.063596,-0.069475,-0.406827,0.01277,-0.10687,-0.510576,-0.049499,-0.106082,-0.409232,-0.084714,-0.103635,-0.311772,-0.093965,0.0018,-0.384824,0.007073,-0.032375,-0.461084,-0.064704,-0.048408,-0.320108,-0.084924,-0.057138,-0.213975,-0.07781,0.067665,-0.346997,-0.01015,0.035437,-0.408144,-0.076866,0.000764,-0.271189,-0.066022,-0.01767,-0.175509,-0.036684,0.127563,-0.295323,-0.031344,0.091112,-0.353133,-0.067412,0.055219,-0.275463,-0.05392,0.041772,-0.216703,-0.03064,T
0.0,0.0,-1e-06,-0.083944,-0.12981,-0.032685,-0.105291,-0.312334,-0.043173,-0.071505,-0.446145,-0.057498,-0.041029,-0.557062,-0.064247,-0.071618,-0.401835,0.008148,-0.10924,-0.50835,-0.052948,-0.108457,-0.405869,-0.085683,-0.105419,-0.308133,-0.093583,0.000796,-0.37977,0.003561,-0.033382,-0.460625,-0.068341,-0.048417,-0.319174,-0.087807,-0.05625,-0.214134,-0.080232,0.06771,-0.341908,-0.012358,0.035383,-0.405347,-0.079428,0.001488,-0.267702,-0.06863,-0.016778,-0.174,-0.039516,0.128619,-0.290446,-0.032319,0.092286,-0.349766,-0.068824,0.057114,-0.271484,-0.05595,0.044294,-0.214339,-0.033435,T
0.0,0.0,-1e-06,-0.085335,-0.132056,-0.032812,-0.1079,-0.315081,-0.043787,-0.074861,-0.450971,-0.058556,-0.044516,-0.561959,-0.065554,-0.072316,-0.405703,0.00773,-0.10674,-0.51658,-0.055096,-0.104394,-0.410834,-0.089751,-0.101565,-0.309784,-0.098358,3.2e-05,-0.382932,0.003492,-0.031258,-0.463028,-0.068466,-0.046997,-0.321538,-0.087991,-0.056429,-0.214565,-0.08053,0.066382,-0.345344,-0.012261,0.037146,-0.405579,-0.078981,0.001178,-0.269165,-0.067923,-0.01927,-0.173666,-0.038531,0.126763,-0.295,-0.0322,0.0915,-0.350089,-0.068569,0.053484,-0.272231,-0.055441,0.037103,-0.213276,-0.032436,T
0.0,0.0,-1e-06,-0.082993,-0.132129,-0.031205,-0.10509,-0.312631,-0.041868,-0.072013,-0.447328,-0.056782,-0.043092,-0.559245,-0.064324,-0.07206,-0.401183,0.010252,-0.107753,-0.511032,-0.052531,-0.106317,-0.408515,-0.087344,-0.103523,-0.308714,-0.096128,-0.000708,-0.37915,0.004955,-0.030592,-0.464041,-0.067439,-0.04707,-0.323664,-0.087817,-0.05611,-0.217012,-0.080532,0.065838,-0.342376,-0.01171,0.036335,-0.406313,-0.079204,0.000855,-0.270154,-0.069095,-0.018108,-0.175607,-0.039943,0.126842,-0.292562,-0.032243,0.090787,-0.351235,-0.068565,0.055461,-0.273358,-0.055453,0.042854,-0.215038,-0.032446,T
0.0,0.0,-1e-06,-0.086488,-0.129179,-0.02995,-0.108577,-0.312035,-0.039665,-0.076187,-0.447831,-0.053824,-0.047924,-0.559122,-0.060607,-0.075715,-0.397271,0.009998,-0.108428,-0.509803,-0.052712,-0.106386,-0.408662,-0.086491,-0.104272,-0.309006,-0.094011,-0.004878,-0.375377,0.004287,-0.032461,-0.458898,-0.067474,-0.047192,-0.319216,-0.086464,-0.055893,-0.211815,-0.077972,0.061369,-0.338557,-0.012759,0.033097,-0.400253,-0.079726,-0.000143,-0.263124,-0.06911,-0.017451,-0.168432,-0.039367,0.123572,-0.28867,-0.033435,0.088158,-0.350459,-0.068939,0.054144,-0.270049,-0.054615,0.042805,-0.208756,-0.030615,T
0.0,0.0,-1e-06,-0.085693,-0.13148,-0.031111,-0.108192,-0.313119,-0.041228,-0.074751,-0.448748,-0.055529,-0.046519,-0.560401,-0.062276,-0.074686,-0.400896,0.010595,-0.108193,-0.511807,-0.051642,-0.105646,-0.410224,-0.085578,-0.103393,-0.310567,-0.09363,-0.003226,-0.379461,0.005385,-0.032002,-0.461395,-0.066635,-0.047878,-0.320741,-0.086264,-0.056957,-0.213682,-0.07843,0.063212,-0.342912,-0.011267,0.034564,-0.403619,-0.078041,-0.000795,-0.267423,-0.067349,-0.019565,-0.173204,-0.03794,0.124508,-0.292837,-0.031868,0.088519,-0.34879,-0.067555,0.052747,-0.270132,-0.053989,0.040207,-0.211528,-0.030736,T
0.0,0.0,-1e-06,-0.084305,-0.131103,-0.029747,-0.106072,-0.311922,-0.039044,-0.073843,-0.447919,-0.052744,-0.046682,-0.560437,-0.058906,-0.072586,-0.39921,0.012028,-0.104461,-0.509126,-0.048959,-0.102919,-0.406758,-0.081944,-0.101619,-0.307622,-0.089387,-0.001419,-0.37722,0.00689,-0.029806,-0.459712,-0.062609,-0.045494,-0.320167,-0.081234,-0.0546,-0.214413,-0.073238,0.064853,-0.340855,-0.009494,0.035748,-0.40228,-0.07458,0.000956,-0.266941,-0.064002,-0.017649,-0.173224,-0.034928,0.126128,-0.291518,-0.029602,0.088214,-0.348746,-0.063918,0.053837,-0.270689,-0.050177,0.042058,-0.211543,-0.026967,T
0.0,0.0,-1e-06,-0.085354,-0.127872,-0.031274,-0.105925,-0.309291,-0.041323,-0.071978,-0.444256,-0.055043,-0.044319,-0.555313,-0.061179,-0.074772,-0.39497,0.00681,-0.106183,-0.508264,-0.056168,-0.103569,-0.406066,-0.089918,-0.101686,-0.305935,-0.097546,-0.002797,-0.373827,0.002203,-0.029522,-0.455437,-0.069213,-0.044983,-0.315879,-0.087622,-0.053876,-0.210419,-0.079104,0.06392,-0.337293,-0.013673,0.036135,-0.396205,-0.079561,0.001242,-0.261058,-0.068443,-0.016856,-0.169577,-0.039038,0.125761,-0.287761,-0.033396,0.089093,-0.34177,-0.068275,0.055247,-0.262549,-0.054498,0.045108,-0.205111,-0.031214,T
0.0,0.0,-1e-06,-0.08414,-0.135306,-0.030759,-0.105372,-0.31764,-0.040897,-0.0721,-0.453115,-0.055556,-0.04248,-0.565036,-0.062722,-0.068897,-0.404213,0.012319,-0.10387,-0.515868,-0.050209,-0.10286,-0.412878,-0.08493,-0.101314,-0.313201,-0.093429,0.00264,-0.380091,0.007066,-0.028636,-0.46101,-0.064725,-0.044703,-0.31988,-0.085039,-0.053429,-0.213992,-0.077998,0.069027,-0.342008,-0.00972,0.038934,-0.403597,-0.077011,0.002869,-0.268463,-0.066901,-0.016821,-0.174511,-0.037738,0.130013,-0.291485,-0.030353,0.094165,-0.350404,-0.066429,0.056551,-0.272618,-0.05275,0.041033,-0.21311,-0.029191,T
0.0,0.0,-1e-06,-0.084725,-0.132782,-0.034676,-0.105111,-0.317131,-0.046151,-0.070948,-0.452138,-0.061266,-0.040413,-0.564294,-0.068628,-0.067172,-0.410956,0.007366,-0.107292,-0.514257,-0.05499,-0.107105,-0.410675,-0.088761,-0.104337,-0.312236,-0.097259,0.005937,-0.388175,0.003449,-0.032022,-0.464912,-0.07,-0.047622,-0.322618,-0.090333,-0.055993,-0.216179,-0.083177,0.072906,-0.34932,-0.012159,0.036641,-0.406522,-0.080451,0.00187,-0.269351,-0.070178,-0.017039,-0.175379,-0.041172,0.13314,-0.296125,-0.032125,0.095007,-0.350986,-0.069085,0.057777,-0.273411,-0.056808,0.04307,-0.217138,-0.034622,T
0.0,0.0,-1e-06,-0.084222,-0.135181,-0.033863,-0.10418,-0.318391,-0.044911,-0.069413,-0.45255,-0.059882,-0.038664,-0.564383,-0.067262,-0.068412,-0.409027,0.008775,-0.10712,-0.513016,-0.052998,-0.106941,-0.410661,-0.086382,-0.104051,-0.312391,-0.094564,0.004581,-0.386443,0.004411,-0.030955,-0.464633,-0.069059,-0.046637,-0.323678,-0.089962,-0.055489,-0.216815,-0.082915,0.071638,-0.348347,-0.011545,0.03643,-0.404365,-0.08015,0.001937,-0.266942,-0.070899,-0.017233,-0.172243,-0.042191,0.132234,-0.295919,-0.03169,0.095669,-0.351561,-0.068429,0.058824,-0.273775,-0.056031,0.043599,-0.216758,-0.033644,T
0.0,0.0,-1e-06,-0.08357,-0.132525,-0.033012,-0.10344,-0.314767,-0.044166,-0.068266,-0.447662,-0.059151,-0.037349,-0.559351,-0.066573,-0.066101,-0.408446,0.008533,-0.104443,-0.51105,-0.053352,-0.1041,-0.409832,-0.087279,-0.10236,-0.312849,-0.09585,0.006603,-0.386234,0.003844,-0.03005,-0.461714,-0.068745,-0.045959,-0.320736,-0.08908,-0.055172,-0.214856,-0.081916,0.073156,-0.347226,-0.012298,0.037763,-0.404099,-0.079524,0.00331,-0.26738,-0.069305,-0.015818,-0.173645,-0.040522,0.13297,-0.294158,-0.032584,0.094987,-0.349432,-0.06882,0.058644,-0.272394,-0.055964,0.044418,-0.216317,-0.033346,T
0.0,0.0,0.0,0.057946,-0.061162,-0.021427,0.080569,-0.168524,-0.028963,0.034199,-0.23567,-0.038705,-0.023431,-0.249947,-0.046975,0.046912,-0.29189,-0.009447,0.036167,-0.408537,-0.03029,0.021884,-0.480742,-0.045501,0.005847,-0.539468,-0.056536,-0.002518,-0.281554,-0.022829,-0.015029,-0.419045,-0.051148,-0.019753,-0.501546,-0.071638,-0.031689,-0.570183,-0.082036,-0.045544,-0.244137,-0.04016,-0.037623,-0.298355,-0.089459,-0.004889,-0.232351,-0.105581,0.012102,-0.18648,-0.102605,-0.076227,-0.191679,-0.058762,-0.044026,-0.217458,-0.099977,-0.008143,-0.162907,-0.107512,0.011461,-0.121154,-0.105061,U
0.0,0.0,0.0,0.058151,-0.060382,-0.023661,0.081411,-0.171969,-0.032093,0.032224,-0.238847,-0.042371,-0.026426,-0.256717,-0.051039,0.045856,-0.301301,-0.012144,0.033721,-0.42158,-0.033429,0.018856,-0.495753,-0.048852,0.002096,-0.556186,-0.060047,-0.005952,-0.289963,-0.025103,-0.019916,-0.431931,-0.054474,-0.024172,-0.515818,-0.075278,-0.037275,-0.584046,-0.085506,-0.05064,-0.250583,-0.042114,-0.039349,-0.305271,-0.093475,-0.005632,-0.234773,-0.109138,0.009639,-0.18671,-0.105124,-0.082099,-0.196849,-0.060504,-0.045401,-0.221595,-0.103856,-0.008402,-0.164714,-0.111239,0.010353,-0.122718,-0.108059,U
0.0,0.0,0.0,0.059575,-0.061716,-0.022047,0.08245,-0.173022,-0.029382,0.033694,-0.239778,-0.038792,-0.024668,-0.25564,-0.046714,0.047542,-0.30077,-0.011331,0.035485,-0.419934,-0.032707,0.020043,-0.494182,-0.048457,0.003147,-0.554802,-0.060103,-0.004153,-0.289444,-0.025281,-0.018085,-0.430315,-0.05494,-0.022807,-0.515608,-0.076394,-0.035706,-0.58502,-0.08748,-0.048913,-0.25055,-0.04321,-0.038485,-0.308315,-0.094497,-0.004566,-0.240384,-0.110987,0.011663,-0.193104,-0.107997,-0.080096,-0.196402,-0.062462,-0.043719,-0.223287,-0.105996,-0.006161,-0.167847,-0.114347,0.013464,-0.125783,-0.112245,U
0.0,0.0,0.0,0.060178,-0.060485,-0.021847,0.083421,-0.172559,-0.028447,0.035066,-0.239171,-0.036961,-0.024541,-0.252506,-0.044114,0.046999,-0.302095,-0.010315,0.034351,-0.421084,-0.030239,0.018815,-0.495145,-0.045342,0.002218,-0.555802,-0.056894,-0.004603,-0.289798,-0.023938,-0.018542,-0.429403,-0.052626,-0.023707,-0.514996,-0.074003,-0.03717,-0.58515,-0.085327,-0.049257,-0.250311,-0.041425,-0.039605,-0.307955,-0.092553,-0.005438,-0.240394,-0.109663,0.010718,-0.192364,-0.107153,-0.080001,-0.196298,-0.060113,-0.04371,-0.223101,-0.104587,-0.005894,-0.166786,-0.113646,0.013765,-0.123075,-0.111913,U
0.0,0.0,0.0,0.059518,-0.061819,-0.020713,0.08229,-0.172031,-0.02759,0.034547,-0.238516,-0.036668,-0.023481,-0.253473,-0.044549,0.04689,-0.298428,-0.010785,0.035025,-0.418256,-0.031552,0.020025,-0.492506,-0.046923,0.003762,-0.55347,-0.058445,-0.003901,-0.286953,-0.025054,-0.017056,-0.42704,-0.054041,-0.021936,-0.513911,-0.075417,-0.03462,-0.585746,-0.086856,-0.048184,-0.248294,-0.0431,-0.039417,-0.30801,-0.093762,-0.004531,-0.243849,-0.110792,0.013486,-0.19832,-0.108578,-0.07863,-0.194775,-0.062271,-0.044169,-0.225112,-0.106106,-0.005667,-0.170361,-0.114885,0.015484,-0.126672,-0.113172,U
0.0,0.0,0.0,0.059132,-0.059911,-0.022022,0.083589,-0.172057,-0.028934,0.035321,-0.240837,-0.037821,-0.024198,-0.254825,-0.04554,0.046371,-0.300191,-0.010385,0.034437,-0.420611,-0.030386,0.020208,-0.495194,-0.045299,0.004141,-0.556337,-0.056522,-0.004568,-0.288058,-0.023725,-0.017681,-0.428983,-0.052381,-0.022784,-0.514467,-0.073485,-0.036475,-0.585294,-0.084389,-0.048667,-0.249116,-0.040885,-0.039586,-0.308204,-0.092109,-0.005173,-0.24155,-0.108914,0.011324,-0.19427,-0.105882,-0.079721,-0.196053,-0.059167,-0.045127,-0.226847,-0.103481,-0.006957,-0.170918,-0.111938,0.013059,-0.126402,-0.109545,U
0.0,0.0,0.0,0.058269,-0.058988,-0.023749,0.082361,-0.170561,-0.032441,0.033518,-0.239511,-0.042918,-0.025674,-0.255663,-0.051933,0.045096,-0.300949,-0.013694,0.032603,-0.422053,-0.034839,0.018275,-0.496512,-0.050035,0.002042,-0.55725,-0.061194,-0.006725,-0.288607,-0.026562,-0.020593,-0.431094,-0.056163,-0.024839,-0.515324,-0.076804,-0.03826,-0.584089,-0.086985,-0.051227,-0.24881,-0.043245,-0.041183,-0.304788,-0.094943,-0.007055,-0.235039,-0.110184,0.008278,-0.18624,-0.105726,-0.082586,-0.195396,-0.061212,-0.046019,-0.223263,-0.104553,-0.008346,-0.167568,-0.111421,0.010606,-0.125333,-0.107811,U
0.0,0.0,0.0,0.059177,-0.060767,-0.022338,0.083847,-0.171647,-0.02982,0.036162,-0.239719,-0.039426,-0.023267,-0.254271,-0.047642,0.04703,-0.300339,-0.010966,0.035521,-0.421234,-0.031408,0.020919,-0.495613,-0.046223,0.004679,-0.556091,-0.057054,-0.004006,-0.28947,-0.024088,-0.017214,-0.431129,-0.052901,-0.021835,-0.516776,-0.073493,-0.034781,-0.586797,-0.083821,-0.048403,-0.251422,-0.041062,-0.038176,-0.308034,-0.091597,-0.004449,-0.240298,-0.107455,0.011506,-0.191892,-0.103777,-0.079527,-0.199045,-0.059323,-0.043974,-0.226572,-0.102217,-0.006055,-0.170984,-0.109963,0.013782,-0.12752,-0.107182,U
0.0,0.0,0.0,0.059309,-0.058407,-0.023158,0.083561,-0.170328,-0.031084,0.034329,-0.238866,-0.040843,-0.025011,-0.254463,-0.049141,0.045692,-0.300955,-0.012835,0.033641,-0.421438,-0.03386,0.019105,-0.496026,-0.049093,0.002853,-0.557202,-0.060447,-0.006203,-0.289456,-0.025958,-0.019644,-0.42978,-0.055631,-0.023923,-0.514803,-0.076714,-0.037007,-0.584217,-0.08748,-0.050682,-0.250647,-0.042953,-0.04022,-0.306548,-0.094781,-0.00617,-0.238059,-0.110895,0.009641,-0.189776,-0.107325,-0.081418,-0.197893,-0.061253,-0.04456,-0.223462,-0.10571,-0.006667,-0.166969,-0.114075,0.013073,-0.123616,-0.111571,U
0.0,0.0,0.0,0.059313,-0.06171,-0.022789,0.084417,-0.174315,-0.030659,0.035683,-0.243411,-0.040605,-0.02549,-0.255135,-0.049267,0.044995,-0.304404,-0.010847,0.032381,-0.425528,-0.030593,0.017826,-0.499902,-0.045348,0.001779,-0.560818,-0.056567,-0.006008,-0.291395,-0.024179,-0.019733,-0.432736,-0.052801,-0.024559,-0.5185,-0.073921,-0.038156,-0.589328,-0.084945,-0.050187,-0.251574,-0.041318,-0.040706,-0.30861,-0.091886,-0.005838,-0.240034,-0.107873,0.010308,-0.190682,-0.104329,-0.081165,-0.198027,-0.05978,-0.046791,-0.228841,-0.102256,-0.008262,-0.173483,-0.109596,0.011493,-0.129224,-0.106712,U
0.0,0.0,0.0,0.059719,-0.060983,-0.023646,0.083332,-0.17201,-0.032447,0.034134,-0.238456,-0.043181,-0.024666,-0.255756,-0.05256,0.045263,-0.305076,-0.013857,0.032579,-0.425417,-0.035764,0.017811,-0.500136,-0.051603,0.001303,-0.561206,-0.063178,-0.006922,-0.291958,-0.027303,-0.021811,-0.434804,-0.057604,-0.02662,-0.519835,-0.078732,-0.04018,-0.589259,-0.089262,-0.051949,-0.250519,-0.044737,-0.042131,-0.307246,-0.097087,-0.007312,-0.237784,-0.113179,0.009117,-0.189006,-0.109355,-0.083932,-0.195184,-0.063475,-0.048364,-0.222233,-0.107091,-0.009595,-0.168413,-0.114768,0.01125,-0.127835,-0.111915,U
0.0,0.0,0.0,0.059833,-0.063415,-0.024552,0.082187,-0.172153,-0.034632,0.032088,-0.23746,-0.046716,-0.025811,-0.256845,-0.057228,0.044036,-0.304777,-0.01472,0.031377,-0.425118,-0.037878,0.017177,-0.500131,-0.054383,0.00103,-0.561744,-0.066221,-0.008056,-0.292059,-0.027941,-0.022744,-0.434618,-0.059834,-0.027474,-0.519605,-0.081308,-0.040681,-0.589597,-0.09163,-0.05314,-0.251504,-0.045276,-0.042734,-0.306522,-0.098635,-0.007788,-0.235342,-0.113506,0.009328,-0.186974,-0.108265,-0.085094,-0.196787,-0.064059,-0.049668,-0.224384,-0.107428,-0.010841,-0.170336,-0.113906,0.010293,-0.130116,-0.109887,U
0.0,0.0,0.0,0.058578,-0.060528,-0.023664,0.082446,-0.171602,-0.032136,0.03258,-0.239811,-0.042199,-0.026197,-0.259024,-0.050822,0.043527,-0.304174,-0.013623,0.031543,-0.424014,-0.034505,0.017217,-0.498304,-0.049207,0.001228,-0.559021,-0.059839,-0.009371,-0.291512,-0.026426,-0.023374,-0.435,-0.05561,-0.026871,-0.519791,-0.075622,-0.039767,-0.588501,-0.085171,-0.054455,-0.251041,-0.043124,-0.044766,-0.305578,-0.095118,-0.008475,-0.239002,-0.111253,0.008549,-0.192287,-0.10723,-0.08629,-0.197322,-0.060969,-0.048635,-0.224767,-0.10431,-0.009943,-0.170961,-0.111429,0.009937,-0.130202,-0.107931,U
0.0,0.0,0.0,0.059399,-0.061823,-0.023638,0.082066,-0.170553,-0.032857,0.032128,-0.236324,-0.044016,-0.026092,-0.255289,-0.053661,0.043938,-0.303875,-0.014489,0.031098,-0.424226,-0.036595,0.01669,-0.49922,-0.052288,0.000699,-0.560839,-0.06367,-0.008539,-0.291187,-0.0278,-0.023317,-0.433236,-0.058613,-0.027481,-0.518398,-0.079711,-0.040486,-0.587681,-0.090018,-0.053642,-0.250742,-0.045012,-0.043413,-0.304841,-0.097365,-0.008069,-0.236238,-0.112685,0.008761,-0.188879,-0.108093,-0.085255,-0.196101,-0.063533,-0.048454,-0.22385,-0.106294,-0.009569,-0.170835,-0.112881,0.011204,-0.13073,-0.109109,U
0.0,0.0,0.0,0.059122,-0.060921,-0.022916,0.083128,-0.1717,-0.031148,0.032871,-0.23924,-0.041329,-0.027197,-0.254537,-0.050245,0.043966,-0.305121,-0.012994,0.030566,-0.425512,-0.033872,0.016116,-0.499552,-0.048879,8.9e-05,-0.560629,-0.059906,-0.008578,-0.291768,-0.026535,-0.023145,-0.434229,-0.055781,-0.027199,-0.519169,-0.076282,-0.040431,-0.588924,-0.086351,-0.053342,-0.250324,-0.043894,-0.043993,-0.303508,-0.095697,-0.008158,-0.235193,-0.112016,0.008992,-0.187522,-0.108237,-0.085186,-0.195305,-0.062416,-0.049035,-0.223065,-0.105226,-0.010106,-0.169521,-0.112284,0.01099,-0.128357,-0.108945,U
0.0,0.0,0.0,0.059722,-0.060867,-0.023839,0.083904,-0.173052,-0.032292,0.034384,-0.242138,-0.042652,-0.025364,-0.258176,-0.051542,0.044889,-0.305577,-0.01255,0.032542,-0.426617,-0.033706,0.018497,-0.501544,-0.048943,0.002477,-0.562567,-0.060102,-0.007547,-0.292975,-0.025575,-0.021682,-0.435834,-0.055881,-0.025794,-0.520894,-0.076902,-0.039473,-0.59024,-0.087028,-0.052438,-0.252709,-0.042589,-0.042378,-0.306786,-0.095451,-0.007471,-0.236431,-0.111505,0.008585,-0.187069,-0.107013,-0.084091,-0.199016,-0.060884,-0.047453,-0.225396,-0.104629,-0.008364,-0.17117,-0.112224,0.012529,-0.130142,-0.108947,U
0.0,0.0,0.0,0.059212,-0.061872,-0.022421,0.082373,-0.171335,-0.030671,0.032405,-0.237802,-0.040865,-0.026472,-0.254505,-0.049865,0.044267,-0.304093,-0.013468,0.031069,-0.425288,-0.034998,0.016059,-0.499837,-0.050286,-0.000504,-0.560897,-0.061375,-0.008209,-0.290621,-0.027022,-0.02309,-0.433817,-0.056929,-0.027659,-0.519897,-0.07774,-0.040661,-0.590241,-0.088083,-0.053224,-0.249285,-0.044391,-0.045352,-0.305768,-0.09616,-0.009082,-0.242088,-0.112838,0.009507,-0.197132,-0.109609,-0.085067,-0.194689,-0.062862,-0.049838,-0.22289,-0.105996,-0.01069,-0.171201,-0.113648,0.011047,-0.131375,-0.110845,U
0.0,0.0,0.0,0.058676,-0.059758,-0.023443,0.082333,-0.170802,-0.031945,0.032994,-0.238917,-0.042316,-0.026268,-0.255846,-0.051351,0.043155,-0.303375,-0.013372,0.030945,-0.423787,-0.034458,0.017013,-0.498096,-0.049249,0.001355,-0.558995,-0.059976,-0.009142,-0.290693,-0.026441,-0.023144,-0.433028,-0.056158,-0.026834,-0.517938,-0.07679,-0.039576,-0.58723,-0.086743,-0.053652,-0.250292,-0.043323,-0.043946,-0.304979,-0.096205,-0.009055,-0.236312,-0.112555,0.007102,-0.187847,-0.108312,-0.085267,-0.196159,-0.061302,-0.04843,-0.22479,-0.105662,-0.009708,-0.169935,-0.113153,0.010536,-0.127338,-0.109601,U
0.0,0.0,0.0,0.060059,-0.062197,-0.023086,0.083125,-0.174229,-0.030794,0.032618,-0.241398,-0.040453,-0.027106,-0.256282,-0.048694,0.046244,-0.304951,-0.012104,0.03392,-0.426276,-0.033279,0.018856,-0.501542,-0.048659,0.001949,-0.563364,-0.060036,-0.005519,-0.293054,-0.025329,-0.019478,-0.434871,-0.055191,-0.025223,-0.520597,-0.076285,-0.039354,-0.591097,-0.086937,-0.050522,-0.253606,-0.042531,-0.041296,-0.311018,-0.094417,-0.007393,-0.2414,-0.110234,0.009029,-0.192558,-0.106249,-0.081999,-0.199415,-0.061076,-0.047128,-0.228368,-0.105128,-0.008388,-0.172608,-0.113088,0.012597,-0.129181,-0.110304,U
0.0,0.0,0.0,0.060059,-0.062197,-0.023086,0.083125,-0.174229,-0.030794,0.032618,-0.241398,-0.040453,-0.027106,-0.256282,-0.048694,0.046244,-0.304951,-0.012104,0.03392,-0.426276,-0.033279,0.018856,-0.501542,-0.048659,0.001949,-0.563364,-0.060036,-0.005519,-0.293054,-0.025329,-0.019478,-0.434871,-0.055191,-0.025223,-0.520597,-0.076285,-0.039354,-0.591097,-0.086937,-0.050522,-0.253606,-0.042531,-0.041296,-0.311018,-0.094417,-0.007393,-0.2414,-0.110234,0.009029,-0.192558,-0.106249,-0.081999,-0.199415,-0.061076,-0.047128,-0.228368,-0.105128,-0.008388,-0.172608,-0.113088,0.012597,-0.129181,-0.110304,U
0.0,0.0,0.0,0.058987,-0.062871,-0.023412,0.082001,-0.173814,-0.031901,0.032116,-0.239913,-0.042401,-0.027475,-0.255928,-0.051435,0.043391,-0.306028,-0.012594,0.030686,-0.426842,-0.034031,0.016271,-0.501299,-0.049345,-5.3e-05,-0.562403,-0.060427,-0.009054,-0.292889,-0.025855,-0.023936,-0.435697,-0.055965,-0.028139,-0.520993,-0.076909,-0.041473,-0.590923,-0.087027,-0.054248,-0.252047,-0.043072,-0.044565,-0.305342,-0.095272,-0.009065,-0.235573,-0.110929,0.007557,-0.187643,-0.106368,-0.086288,-0.197453,-0.061578,-0.049817,-0.22478,-0.104321,-0.010738,-0.170926,-0.111017,0.009919,-0.130324,-0.10724,U
0.0,0.0,0.0,0.060488,-0.062121,-0.02425,0.083546,-0.17156,-0.033416,0.033595,-0.238055,-0.044326,-0.024607,-0.256292,-0.053719,0.045223,-0.304967,-0.014753,0.03246,-0.425832,-0.037024,0.017383,-0.501142,-0.053206,0.000597,-0.563043,-0.065086,-0.006951,-0.29231,-0.027811,-0.021197,-0.434259,-0.058684,-0.026546,-0.520052,-0.079867,-0.040475,-0.590233,-0.090537,-0.052262,-0.251744,-0.044928,-0.042028,-0.309316,-0.097294,-0.006581,-0.241406,-0.112887,0.010803,-0.193461,-0.108922,-0.084147,-0.197112,-0.063489,-0.04751,-0.225398,-0.107405,-0.008146,-0.172243,-0.115166,0.013349,-0.131775,-0.112426,U
0.0,0.0,1e-06,0.057362,-0.052912,-0.028228,0.076105,-0.156381,-0.04269,0.028356,-0.223265,-0.058876,-0.025913,-0.256072,-0.073623,0.052997,-0.290081,-0.022338,0.054977,-0.406402,-0.052162,0.051729,-0.482365,-0.07171,0.04291,-0.544702,-0.083996,0.0009,-0.282283,-0.035242,0.001822,-0.419437,-0.072547,0.008523,-0.50649,-0.096343,0.00435,-0.579262,-0.106902,-0.045891,-0.246005,-0.052543,-0.04165,-0.303341,-0.111145,-0.008859,-0.23402,-0.125901,0.008201,-0.18572,-0.118535,-0.084568,-0.192962,-0.071247,-0.05561,-0.227067,-0.117399,-0.019279,-0.174011,-0.121719,0.000659,-0.133236,-0.114366,U
0.0,0.0,1e-06,0.055999,-0.053682,-0.027904,0.074159,-0.156767,-0.042129,0.025574,-0.223297,-0.058163,-0.029688,-0.255454,-0.073084,0.05036,-0.289362,-0.021649,0.051733,-0.406332,-0.050551,0.048724,-0.481868,-0.069776,0.040305,-0.544437,-0.081894,-0.000951,-0.280588,-0.034453,-0.001028,-0.417323,-0.070466,0.004553,-0.503555,-0.094006,-0.000549,-0.576762,-0.104525,-0.046824,-0.243532,-0.051567,-0.042934,-0.298906,-0.109137,-0.01051,-0.229993,-0.124411,0.005603,-0.182402,-0.117468,-0.084885,-0.189641,-0.070014,-0.058393,-0.226738,-0.115009,-0.021812,-0.174874,-0.119057,-0.001653,-0.133265,-0.111631,U
0.0,0.0,1e-06,0.056127,-0.054819,-0.027532,0.07676,-0.15716,-0.040925,0.026632,-0.220293,-0.055882,-0.027944,-0.249955,-0.069513,0.051074,-0.295298,-0.021667,0.047957,-0.413607,-0.04954,0.040465,-0.489162,-0.067728,0.028631,-0.550772,-0.079229,-0.001858,-0.284454,-0.034233,-0.006774,-0.423378,-0.069233,-0.00534,-0.511667,-0.092107,-0.013403,-0.585,-0.102611,-0.0487,-0.245296,-0.051079,-0.045045,-0.300694,-0.107533,-0.010643,-0.235557,-0.123303,0.007478,-0.190215,-0.117619,-0.086879,-0.190779,-0.069278,-0.058028,-0.222817,-0.114126,-0.020254,-0.171476,-0.119286,0.001069,-0.132268,-0.11325,U
0.0,0.0,0.0,-0.059379,-0.065778,-0.041139,-0.085135,-0.170193,-0.05837,-0.04271,-0.24724,-0.075371,0.018754,-0.275324,-0.089226,-0.060818,-0.299695,-0.022497,-0.062784,-0.426028,-0.053894,-0.061761,-0.50213,-0.072382,-0.055279,-0.568393,-0.083353,-0.008853,-0.301257,-0.0245,-0.014666,-0.443552,-0.060421,-0.015069,-0.53233,-0.079569,-0.008981,-0.608636,-0.086831,0.038301,-0.271835,-0.032433,0.02939,-0.316754,-0.090425,0.002146,-0.232266,-0.099493,-0.01092,-0.168415,-0.087838,0.077616,-0.224527,-0.043627,0.044167,-0.240868,-0.09214,0.013473,-0.174851,-0.096425,-0.000285,-0.118163,-0.087223,U
0.0,0.0,0.0,-0.059604,-0.0657,-0.040994,-0.085074,-0.17051,-0.057485,-0.042358,-0.247135,-0.073705,0.019484,-0.274123,-0.086819,-0.061246,-0.298965,-0.02167,-0.063414,-0.426361,-0.051939,-0.062397,-0.502163,-0.069231,-0.056043,-0.568203,-0.079464,-0.00875,-0.301526,-0.023524,-0.015129,-0.444462,-0.058752,-0.016062,-0.532577,-0.077305,-0.010394,-0.608153,-0.084101,0.038508,-0.27268,-0.031302,0.028971,-0.316743,-0.088787,0.001919,-0.231198,-0.097874,-0.010316,-0.16744,-0.086384,0.077928,-0.225743,-0.042323,0.042662,-0.239013,-0.090849,0.012501,-0.172285,-0.09566,-9e-06,-0.115974,-0.086914,U
0.0,0.0,0.0,-0.060425,-0.065019,-0.043067,-0.084086,-0.169431,-0.060346,-0.040776,-0.248541,-0.077065,0.02085,-0.280181,-0.090513,-0.062997,-0.299501,-0.023282,-0.064778,-0.428849,-0.054389,-0.062374,-0.505768,-0.071369,-0.054038,-0.571686,-0.081237,-0.009945,-0.302834,-0.024321,-0.015354,-0.448068,-0.060688,-0.015117,-0.536339,-0.079015,-0.008655,-0.609849,-0.085156,0.037441,-0.274311,-0.0316,0.030593,-0.317668,-0.090179,0.003264,-0.233553,-0.099567,-0.00899,-0.17113,-0.088042,0.076971,-0.227936,-0.042287,0.042582,-0.23737,-0.09198,0.012204,-0.170786,-0.098071,-0.000123,-0.116044,-0.089996,U
0.0,0.0,0.0,-0.060456,-0.063334,-0.04266,-0.08737,-0.169798,-0.059158,-0.045897,-0.24836,-0.075027,0.015964,-0.276537,-0.087758,-0.063443,-0.297837,-0.023787,-0.065864,-0.425312,-0.054136,-0.064247,-0.500468,-0.071013,-0.056375,-0.566281,-0.081171,-0.01032,-0.302097,-0.024554,-0.017052,-0.446823,-0.059668,-0.017808,-0.533974,-0.07785,-0.011418,-0.608351,-0.084673,0.037695,-0.274876,-0.031293,0.028994,-0.320239,-0.089272,0.001296,-0.233895,-0.099128,-0.011267,-0.169203,-0.088456,0.077319,-0.229664,-0.041371,0.038395,-0.237014,-0.091466,0.008876,-0.169628,-0.098549,-0.001941,-0.113005,-0.091503,U
0.0,0.0,0.0,-0.062145,-0.061264,-0.04251,-0.088417,-0.169906,-0.057915,-0.045196,-0.249781,-0.072609,0.018285,-0.277146,-0.084213,-0.065251,-0.294735,-0.022287,-0.066412,-0.422632,-0.051429,-0.064518,-0.497577,-0.066994,-0.057427,-0.562825,-0.076142,-0.01219,-0.29754,-0.022885,-0.017448,-0.443478,-0.057934,-0.018666,-0.531572,-0.075705,-0.013758,-0.606077,-0.081698,0.035698,-0.268836,-0.02954,0.027923,-0.312866,-0.088791,0.00086,-0.226119,-0.098869,-0.011537,-0.161662,-0.087463,0.075798,-0.22283,-0.039297,0.041711,-0.236593,-0.090043,0.011796,-0.170078,-0.096344,-0.000782,-0.113661,-0.088393,U
0.0,0.0,0.0,-0.059988,-0.064053,-0.041188,-0.085696,-0.16928,-0.057293,-0.04195,-0.245842,-0.072961,0.019432,-0.273559,-0.085566,-0.061885,-0.296383,-0.023339,-0.065272,-0.42284,-0.054039,-0.064624,-0.4979,-0.071244,-0.058024,-0.564005,-0.081257,-0.009146,-0.299454,-0.025091,-0.015369,-0.446445,-0.060172,-0.015571,-0.533768,-0.078003,-0.008936,-0.608546,-0.084141,0.039019,-0.270202,-0.032729,0.029072,-0.313308,-0.090911,0.002426,-0.2278,-0.100666,-0.009791,-0.164568,-0.089397,0.078659,-0.222638,-0.043531,0.043823,-0.234097,-0.092502,0.01406,-0.167817,-0.097808,0.001817,-0.112104,-0.089458,U
0.0,0.0,0.0,-0.060367,-0.062438,-0.043231,-0.086107,-0.168514,-0.060737,-0.043005,-0.247726,-0.077408,0.019564,-0.27723,-0.090846,-0.06447,-0.296516,-0.025329,-0.067898,-0.426105,-0.056654,-0.066623,-0.503426,-0.073825,-0.059332,-0.570628,-0.083842,-0.011121,-0.301252,-0.026106,-0.018666,-0.447448,-0.062296,-0.019732,-0.535849,-0.080352,-0.014004,-0.610763,-0.086353,0.037329,-0.273745,-0.032877,0.029348,-0.318744,-0.09195,0.001882,-0.232246,-0.101144,-0.011186,-0.166587,-0.089126,0.078022,-0.227889,-0.043006,0.042009,-0.238884,-0.093572,0.011512,-0.170641,-0.099435,-0.001537,-0.112584,-0.090878,U
0.0,0.0,0.0,-0.059983,-0.061991,-0.043074,-0.084962,-0.167287,-0.06026,-0.041585,-0.245933,-0.076609,0.019744,-0.276551,-0.089752,-0.063486,-0.296994,-0.025308,-0.067323,-0.426356,-0.05655,-0.066222,-0.503223,-0.073649,-0.059099,-0.570252,-0.083414,-0.010266,-0.301673,-0.026116,-0.018074,-0.447983,-0.062094,-0.018992,-0.536472,-0.079949,-0.013355,-0.611378,-0.085582,0.038166,-0.274045,-0.032938,0.028786,-0.315826,-0.091833,0.002151,-0.229507,-0.101464,-0.01046,-0.164159,-0.089592,0.078705,-0.228092,-0.043111,0.043643,-0.238364,-0.093049,0.013138,-0.170686,-0.098687,-0.000223,-0.113375,-0.089976,U
0.0,0.0,0.0,-0.060138,-0.063106,-0.04222,-0.084594,-0.168597,-0.059164,-0.041609,-0.246795,-0.075442,0.020397,-0.27559,-0.088466,-0.063211,-0.297765,-0.024052,-0.066841,-0.427404,-0.055317,-0.065994,-0.504538,-0.072675,-0.059236,-0.571558,-0.082773,-0.010232,-0.302097,-0.025092,-0.019104,-0.446112,-0.061224,-0.020957,-0.534388,-0.079336,-0.015964,-0.609862,-0.085347,0.038096,-0.27458,-0.032139,0.029581,-0.317385,-0.090817,0.00253,-0.229842,-0.099851,-0.010438,-0.164117,-0.087714,0.078882,-0.228603,-0.042546,0.043195,-0.239404,-0.092546,0.012318,-0.17149,-0.098184,-0.001127,-0.114363,-0.089501,U
0.0,0.0,0.0,-0.059832,-0.063922,-0.041738,-0.085845,-0.169528,-0.059028,-0.043621,-0.248023,-0.075931,0.018714,-0.276056,-0.08954,-0.063186,-0.297493,-0.023656,-0.067329,-0.426752,-0.05512,-0.067084,-0.503696,-0.072817,-0.060712,-0.570665,-0.08329,-0.010441,-0.301604,-0.025135,-0.019268,-0.445357,-0.061442,-0.021218,-0.534441,-0.080097,-0.01591,-0.610879,-0.086812,0.037659,-0.274032,-0.032544,0.02876,-0.318469,-0.090807,0.001649,-0.230359,-0.099189,-0.010956,-0.164217,-0.086906,0.078474,-0.228068,-0.043344,0.042335,-0.239946,-0.092456,0.011699,-0.172584,-0.097395,-0.001183,-0.115663,-0.088516,U
0.0,0.0,0.0,-0.060205,-0.064118,-0.04112,-0.084108,-0.169068,-0.05786,-0.040986,-0.246663,-0.074302,0.020289,-0.275537,-0.087678,-0.062712,-0.298521,-0.021947,-0.066259,-0.425591,-0.053136,-0.066191,-0.502285,-0.070988,-0.060259,-0.568644,-0.081492,-0.010405,-0.301326,-0.023951,-0.018218,-0.444381,-0.059568,-0.020541,-0.532149,-0.077542,-0.016064,-0.60683,-0.083646,0.037407,-0.272534,-0.032038,0.029904,-0.318863,-0.090307,0.002408,-0.232485,-0.098886,-0.010511,-0.167779,-0.086612,0.077441,-0.225594,-0.043406,0.04303,-0.239699,-0.092942,0.012058,-0.17202,-0.097836,-0.000866,-0.115237,-0.088756,U
0.0,0.0,0.0,-0.059993,-0.063885,-0.040305,-0.083868,-0.169209,-0.056463,-0.040703,-0.246616,-0.072458,0.020363,-0.274735,-0.085529,-0.061989,-0.295828,-0.022427,-0.066571,-0.423406,-0.053445,-0.066737,-0.500239,-0.071107,-0.060896,-0.566979,-0.081589,-0.009567,-0.299774,-0.024511,-0.018622,-0.442726,-0.060449,-0.021149,-0.53123,-0.079047,-0.016504,-0.606649,-0.085753,0.038504,-0.272136,-0.032397,0.030084,-0.317379,-0.090443,0.003246,-0.228758,-0.099053,-0.009078,-0.161922,-0.086972,0.079215,-0.226469,-0.04351,0.042696,-0.239084,-0.092715,0.011641,-0.171198,-0.097719,-0.001373,-0.113929,-0.088918,U
0.0,0.0,0.0,-0.059581,-0.064558,-0.040584,-0.084636,-0.169208,-0.057247,-0.042197,-0.246081,-0.073785,0.018809,-0.273448,-0.087252,-0.062587,-0.297991,-0.022857,-0.06701,-0.425354,-0.054342,-0.067349,-0.501802,-0.072526,-0.061878,-0.568727,-0.083344,-0.010118,-0.30189,-0.024909,-0.018951,-0.443524,-0.061177,-0.021391,-0.531501,-0.080183,-0.016755,-0.607603,-0.087185,0.038028,-0.274415,-0.032755,0.027664,-0.316769,-0.090627,0.000763,-0.228382,-0.099142,-0.011391,-0.162906,-0.087038,0.078461,-0.22854,-0.04393,0.042194,-0.238722,-0.0924,0.011953,-0.170742,-0.097033,-0.000171,-0.114154,-0.088023,U
0.0,0.0,0.0,-0.059766,-0.06456,-0.040149,-0.084955,-0.169613,-0.056451,-0.0414,-0.246242,-0.0727,0.019476,-0.273729,-0.085891,-0.062438,-0.297867,-0.02267,-0.066257,-0.425249,-0.054023,-0.066195,-0.501877,-0.072299,-0.060517,-0.569019,-0.083209,-0.01024,-0.301246,-0.024927,-0.018929,-0.442677,-0.060999,-0.021425,-0.531467,-0.080071,-0.016754,-0.607795,-0.087248,0.037787,-0.273233,-0.032914,0.028648,-0.316296,-0.09054,0.001765,-0.227503,-0.098844,-0.010742,-0.160755,-0.08664,0.078413,-0.22677,-0.044205,0.043452,-0.23875,-0.092449,0.012772,-0.171388,-0.096688,-0.000227,-0.114437,-0.087431,U
0.0,0.0,0.0,-0.05946,-0.064157,-0.041064,-0.083988,-0.169506,-0.05775,-0.040737,-0.246783,-0.074216,0.020782,-0.274538,-0.08765,-0.061976,-0.297963,-0.022752,-0.066173,-0.426118,-0.05392,-0.066323,-0.502693,-0.07176,-0.060437,-0.569808,-0.082418,-0.009464,-0.301557,-0.024669,-0.017973,-0.444529,-0.060887,-0.020449,-0.533434,-0.079745,-0.01575,-0.610056,-0.086659,0.038508,-0.27369,-0.032475,0.029876,-0.319149,-0.091011,0.002896,-0.230568,-0.09979,-0.009444,-0.164539,-0.087747,0.079021,-0.227624,-0.043566,0.043194,-0.240569,-0.09308,0.012295,-0.172428,-0.098129,-0.000395,-0.115307,-0.089314,U
0.0,0.0,0.0,-0.060758,-0.063777,-0.040542,-0.085193,-0.170586,-0.056738,-0.042107,-0.248469,-0.072699,0.019171,-0.276946,-0.085611,-0.063062,-0.297867,-0.022427,-0.067048,-0.42564,-0.053525,-0.067182,-0.502531,-0.071198,-0.061525,-0.569249,-0.081615,-0.010988,-0.301374,-0.024394,-0.019251,-0.444116,-0.060113,-0.022073,-0.532829,-0.078397,-0.017735,-0.608426,-0.084857,0.036792,-0.27359,-0.032243,0.028585,-0.31945,-0.089944,0.001476,-0.231304,-0.098376,-0.010825,-0.164933,-0.086226,0.077282,-0.22791,-0.043391,0.041211,-0.240572,-0.092307,0.010475,-0.17285,-0.097299,-0.00198,-0.116124,-0.088507,U
0.0,0.0,0.0,-0.059936,-0.063116,-0.041563,-0.085444,-0.169432,-0.058575,-0.042426,-0.24807,-0.075245,0.019435,-0.276783,-0.08881,-0.062896,-0.297119,-0.023739,-0.067477,-0.425312,-0.055238,-0.067624,-0.501995,-0.073152,-0.061691,-0.569137,-0.083843,-0.010527,-0.300768,-0.025509,-0.019426,-0.443868,-0.062145,-0.021998,-0.532812,-0.081064,-0.017286,-0.609317,-0.08799,0.037441,-0.272903,-0.033181,0.028614,-0.318648,-0.092097,0.001949,-0.229125,-0.100572,-0.010029,-0.162106,-0.088229,0.078273,-0.226822,-0.044171,0.042557,-0.240938,-0.093777,0.011691,-0.172774,-0.098482,-0.001222,-0.115432,-0.089415,U
0.0,0.0,0.0,-0.05906,-0.06428,-0.040474,-0.085264,-0.167066,-0.057578,-0.044528,-0.244826,-0.074575,0.015564,-0.273332,-0.088457,-0.06277,-0.297029,-0.022879,-0.066668,-0.424419,-0.054496,-0.066504,-0.50121,-0.072686,-0.060771,-0.5678,-0.083132,-0.009991,-0.300573,-0.024844,-0.018627,-0.442987,-0.060793,-0.020437,-0.532609,-0.079642,-0.015623,-0.609604,-0.08629,0.038542,-0.272664,-0.032602,0.025767,-0.312992,-0.090197,-0.001197,-0.227206,-0.09933,-0.014076,-0.162274,-0.087386,0.0789,-0.226593,-0.043631,0.04182,-0.23898,-0.091372,0.011485,-0.172699,-0.095698,-0.00171,-0.115689,-0.08637,U
0.0,0.0,0.0,-0.059969,-0.065338,-0.038633,-0.084108,-0.171242,-0.053914,-0.040266,-0.247186,-0.069354,0.020357,-0.273657,-0.081879,-0.061513,-0.296012,-0.02178,-0.064827,-0.423174,-0.05289,-0.064752,-0.499944,-0.071417,-0.059102,-0.567669,-0.082681,-0.009685,-0.299001,-0.024474,-0.017203,-0.439266,-0.05967,-0.020073,-0.528864,-0.078683,-0.015895,-0.606481,-0.086326,0.037858,-0.271055,-0.03274,0.031002,-0.316945,-0.089137,0.003451,-0.228739,-0.097204,-0.00967,-0.162396,-0.085402,0.077723,-0.224858,-0.044264,0.04344,-0.23764,-0.091729,0.012607,-0.170977,-0.096033,-0.000101,-0.114414,-0.087191,U
0.0,0.0,0.0,-0.059861,-0.063953,-0.040333,-0.084572,-0.169735,-0.056601,-0.041216,-0.246894,-0.072764,0.019538,-0.274827,-0.085788,-0.0626,-0.297464,-0.022947,-0.06539,-0.425412,-0.054347,-0.064875,-0.502152,-0.072463,-0.058993,-0.569299,-0.083258,-0.010188,-0.300707,-0.024915,-0.017993,-0.441523,-0.061076,-0.02028,-0.530473,-0.080029,-0.01575,-0.607208,-0.087145,0.038098,-0.273028,-0.032646,0.028667,-0.316099,-0.090078,0.001914,-0.226726,-0.098181,-0.010368,-0.159826,-0.085941,0.078905,-0.227345,-0.043745,0.043025,-0.238442,-0.091894,0.012555,-0.170989,-0.096393,8.5e-05,-0.114466,-0.087411,U
0.0,0.0,0.0,-0.058878,-0.065895,-0.039947,-0.084221,-0.171661,-0.05603,-0.041297,-0.248318,-0.072027,0.02005,-0.2751,-0.08495,-0.061257,-0.298428,-0.021522,-0.065037,-0.424296,-0.052472,-0.065142,-0.499996,-0.070519,-0.059553,-0.566528,-0.081275,-0.008848,-0.301922,-0.023787,-0.016862,-0.444352,-0.059571,-0.018567,-0.5325,-0.078557,-0.013088,-0.608833,-0.085648,0.039394,-0.273896,-0.031813,0.028977,-0.317143,-0.089633,0.002023,-0.228727,-0.098232,-0.010233,-0.163101,-0.086194,0.079777,-0.227394,-0.043061,0.044055,-0.239635,-0.091299,0.013344,-0.171866,-0.095539,0.000735,-0.115043,-0.086341,U
0.0,0.0,0.0,-0.057436,-0.064526,-0.038796,-0.080822,-0.169548,-0.053396,-0.038868,-0.243468,-0.068067,0.02126,-0.268366,-0.080181,-0.058767,-0.292874,-0.021015,-0.061668,-0.417884,-0.049865,-0.061053,-0.49217,-0.065808,-0.054469,-0.5577,-0.075285,-0.006722,-0.296476,-0.023211,-0.014304,-0.438996,-0.057506,-0.015766,-0.525219,-0.075323,-0.010868,-0.599295,-0.081575,0.040817,-0.268797,-0.030996,0.032229,-0.311228,-0.088141,0.006895,-0.225206,-0.098155,-0.005296,-0.161404,-0.087355,0.080352,-0.223536,-0.041692,0.045081,-0.235034,-0.089897,0.015947,-0.168985,-0.095533,0.003394,-0.11338,-0.087632,U
0.0,0.0,0.0,-0.058431,-0.065943,-0.038857,-0.082357,-0.171393,-0.053843,-0.040197,-0.247035,-0.068803,0.02111,-0.271624,-0.081165,-0.059237,-0.291932,-0.020423,-0.063187,-0.41626,-0.049637,-0.062955,-0.491232,-0.066209,-0.05624,-0.556801,-0.076149,-0.007999,-0.296222,-0.022588,-0.016235,-0.43787,-0.05668,-0.01846,-0.523612,-0.074377,-0.013794,-0.596828,-0.080623,0.038917,-0.26904,-0.030383,0.031078,-0.313431,-0.086995,0.004491,-0.227729,-0.095998,-0.008064,-0.164075,-0.084607,0.078292,-0.223448,-0.041172,0.043747,-0.238063,-0.088956,0.013002,-0.172244,-0.093561,-0.000563,-0.116485,-0.084871,U
0.0,0.0,0.0,-0.057818,-0.065388,-0.038381,-0.081505,-0.168348,-0.054025,-0.040532,-0.244837,-0.069931,0.019321,-0.272928,-0.08329,-0.058271,-0.291272,-0.019511,-0.062439,-0.414917,-0.049144,-0.062421,-0.48984,-0.066021,-0.05555,-0.554617,-0.076132,-0.006927,-0.295572,-0.022105,-0.015266,-0.438212,-0.056493,-0.017731,-0.524551,-0.074579,-0.013377,-0.596606,-0.080966,0.039929,-0.268511,-0.030374,0.029143,-0.313501,-0.086336,0.002662,-0.230175,-0.095728,-0.008764,-0.1676,-0.084929,0.079472,-0.223255,-0.041668,0.042411,-0.237566,-0.088643,0.010968,-0.171418,-0.093535,-0.001988,-0.11545,-0.085286,U
0.0,0.0,0.0,-0.057814,-0.064831,-0.038613,-0.083645,-0.167146,-0.053481,-0.044066,-0.244419,-0.068662,0.016093,-0.272338,-0.081308,-0.060517,-0.29335,-0.016804,-0.063914,-0.416739,-0.044462,-0.063954,-0.490835,-0.059627,-0.057496,-0.554336,-0.068495,-0.008042,-0.297456,-0.018654,-0.016464,-0.439089,-0.051151,-0.019367,-0.524131,-0.067806,-0.015548,-0.594457,-0.07309,0.039387,-0.270237,-0.026401,0.027768,-0.31184,-0.082162,0.00088,-0.227943,-0.092368,-0.010699,-0.163974,-0.081987,0.0789,-0.225474,-0.037083,0.040134,-0.234188,-0.085276,0.008999,-0.167338,-0.091719,-0.003912,-0.110575,-0.084243,U
0.0,0.0,0.0,0.045352,-0.052513,-0.023044,0.064821,-0.135748,-0.03541,0.029252,-0.197084,-0.050171,-0.009313,-0.240498,-0.064664,0.057075,-0.252842,-0.019578,0.088183,-0.34863,-0.037033,0.106783,-0.411159,-0.046749,0.115919,-0.4624,-0.053232,0.008171,-0.245113,-0.027197,-0.026528,-0.365149,-0.058178,-0.04915,-0.438669,-0.076748,-0.071658,-0.500494,-0.083628,-0.031962,-0.210109,-0.037001,-0.025373,-0.245673,-0.084717,0.00517,-0.182896,-0.096662,0.020784,-0.14212,-0.090097,-0.059062,-0.163569,-0.046862,-0.042073,-0.197057,-0.083174,-0.014205,-0.148868,-0.082617,0.002239,-0.111489,-0.072384,V
0.0,0.0,0.0,0.04486,-0.048857,-0.024178,0.062711,-0.131131,-0.036939,0.024559,-0.189845,-0.051652,-0.016308,-0.230922,-0.066232,0.053453,-0.249302,-0.022457,0.083508,-0.344396,-0.041112,0.101879,-0.408083,-0.051145,0.110221,-0.459617,-0.05747,0.003862,-0.240633,-0.029377,-0.032269,-0.359233,-0.061302,-0.055128,-0.43107,-0.079869,-0.07748,-0.491035,-0.08633,-0.036216,-0.204921,-0.038479,-0.030878,-0.238711,-0.086883,0.001333,-0.176624,-0.099283,0.018424,-0.136933,-0.092649,-0.063614,-0.158358,-0.047685,-0.047444,-0.191587,-0.084567,-0.017859,-0.14326,-0.084231,0.000623,-0.10604,-0.073875,V
0.0,0.0,0.0,0.044146,-0.051052,-0.024426,0.062136,-0.132736,-0.037069,0.023577,-0.189565,-0.051606,-0.018042,-0.22908,-0.065866,0.054191,-0.25161,-0.022028,0.084669,-0.346192,-0.040852,0.102607,-0.409668,-0.051196,0.110633,-0.461657,-0.057728,0.003927,-0.242837,-0.02918,-0.031304,-0.361364,-0.060697,-0.054791,-0.43302,-0.079303,-0.077799,-0.493139,-0.085781,-0.03651,-0.207002,-0.038631,-0.03257,-0.239143,-0.086575,-0.001604,-0.176695,-0.098779,0.014569,-0.137457,-0.091908,-0.063786,-0.159757,-0.048314,-0.048999,-0.190625,-0.084051,-0.02058,-0.143113,-0.083132,-0.003313,-0.107061,-0.072425,V
0.0,0.0,0.0,0.045709,-0.049481,-0.025155,0.064077,-0.131272,-0.038745,0.029006,-0.191153,-0.054291,-0.009936,-0.233702,-0.069705,0.05521,-0.251659,-0.024248,0.08565,-0.34659,-0.04291,0.104178,-0.409765,-0.053313,0.112862,-0.461731,-0.06004,0.005652,-0.243243,-0.03086,-0.030579,-0.361246,-0.063263,-0.053798,-0.43475,-0.082415,-0.076643,-0.495729,-0.089493,-0.034876,-0.207839,-0.039573,-0.027315,-0.239499,-0.088334,0.004889,-0.177368,-0.101104,0.021286,-0.135945,-0.094814,-0.061775,-0.161841,-0.048494,-0.042378,-0.194555,-0.085734,-0.012392,-0.146464,-0.085684,0.00594,-0.107089,-0.07555,V
0.0,0.0,0.0,0.045835,-0.050893,-0.024281,0.06446,-0.132017,-0.03704,0.027978,-0.189644,-0.051748,-0.011542,-0.230272,-0.066113,0.055532,-0.25248,-0.022626,0.086739,-0.346854,-0.041184,0.105348,-0.410141,-0.05129,0.114401,-0.461883,-0.05777,0.005828,-0.243863,-0.029888,-0.029688,-0.361763,-0.061872,-0.053021,-0.434964,-0.080671,-0.075127,-0.495668,-0.087447,-0.034577,-0.208489,-0.039368,-0.027655,-0.240007,-0.087502,0.003673,-0.178487,-0.099947,0.020695,-0.139352,-0.09353,-0.061758,-0.161764,-0.049091,-0.044299,-0.1929,-0.085471,-0.0152,-0.144846,-0.085046,0.002847,-0.107631,-0.074756,V
0.0,0.0,0.0,0.046008,-0.049923,-0.024034,0.065753,-0.131168,-0.037353,0.027609,-0.190615,-0.052839,-0.013504,-0.23068,-0.068251,0.055159,-0.250569,-0.023713,0.086439,-0.345641,-0.042357,0.10493,-0.408871,-0.052563,0.113569,-0.460766,-0.059246,0.005683,-0.242325,-0.030981,-0.030073,-0.36014,-0.063123,-0.053694,-0.433815,-0.081952,-0.076061,-0.495458,-0.089016,-0.034326,-0.207535,-0.040298,-0.026351,-0.240414,-0.088335,0.006201,-0.179779,-0.100858,0.023519,-0.139521,-0.094873,-0.060897,-0.161841,-0.049817,-0.041715,-0.193812,-0.086537,-0.011425,-0.145771,-0.086472,0.007476,-0.106655,-0.076602,V
0.0,0.0,0.0,0.044694,-0.048555,-0.024559,0.065077,-0.128629,-0.037467,0.027026,-0.186778,-0.052308,-0.014813,-0.227073,-0.067022,0.055406,-0.249763,-0.02249,0.086678,-0.344374,-0.040773,0.10541,-0.407325,-0.050732,0.114448,-0.458539,-0.0571,0.005667,-0.24098,-0.029546,-0.029859,-0.35983,-0.061504,-0.053175,-0.431999,-0.08052,-0.07512,-0.492576,-0.087315,-0.034288,-0.205535,-0.038744,-0.027822,-0.237771,-0.087203,0.003226,-0.175727,-0.099823,0.019838,-0.136626,-0.093384,-0.061406,-0.159264,-0.048099,-0.044358,-0.191068,-0.084775,-0.015514,-0.142472,-0.084142,0.002211,-0.105178,-0.073625,V
0.0,0.0,0.0,0.044416,-0.048122,-0.024684,0.064291,-0.12902,-0.037034,0.026191,-0.187374,-0.051244,-0.014322,-0.227794,-0.065393,0.055231,-0.248885,-0.021342,0.085903,-0.343028,-0.03914,0.104765,-0.405843,-0.048938,0.113925,-0.4569,-0.055126,0.005696,-0.240122,-0.027866,-0.030441,-0.358589,-0.059266,-0.053432,-0.431011,-0.078325,-0.075704,-0.490802,-0.085089,-0.034186,-0.20475,-0.036616,-0.0283,-0.235797,-0.085552,0.003036,-0.173021,-0.099133,0.019619,-0.132677,-0.09298,-0.061077,-0.159293,-0.045407,-0.043759,-0.191354,-0.083135,-0.014642,-0.141796,-0.083383,0.00353,-0.103167,-0.073188,V
0.0,0.0,0.0,0.045751,-0.04731,-0.025285,0.064674,-0.128072,-0.03876,0.027077,-0.188236,-0.054052,-0.01279,-0.229001,-0.069137,0.054283,-0.24665,-0.0249,0.085421,-0.340924,-0.044228,0.104237,-0.404051,-0.054477,0.113104,-0.455677,-0.06088,0.005644,-0.239445,-0.030874,-0.030576,-0.356625,-0.064228,-0.054094,-0.429788,-0.083272,-0.076275,-0.490667,-0.089925,-0.033753,-0.205082,-0.038862,-0.027426,-0.234776,-0.087644,0.004506,-0.173318,-0.100283,0.02172,-0.132707,-0.093863,-0.060262,-0.160287,-0.047094,-0.041985,-0.188891,-0.084471,-0.012519,-0.139889,-0.084793,0.006522,-0.101309,-0.0748,V
0.0,0.0,0.0,0.045543,-0.046932,-0.026018,0.065415,-0.125245,-0.039845,0.028778,-0.184848,-0.055294,-0.010864,-0.226971,-0.070598,0.054816,-0.246551,-0.02543,0.086214,-0.339796,-0.044517,0.104799,-0.402904,-0.054837,0.113791,-0.455025,-0.061302,0.006654,-0.239256,-0.031061,-0.030765,-0.357528,-0.064551,-0.054985,-0.430443,-0.083992,-0.076674,-0.491053,-0.090744,-0.032626,-0.204692,-0.038608,-0.026818,-0.232461,-0.087587,0.004819,-0.170168,-0.100614,0.022229,-0.129562,-0.094312,-0.058985,-0.160268,-0.046404,-0.041843,-0.187963,-0.083759,-0.012663,-0.13827,-0.083739,0.006799,-0.0996,-0.073362,V
0.0,0.0,0.0,0.045293,-0.04676,-0.025344,0.064216,-0.126295,-0.038552,0.027789,-0.184951,-0.053451,-0.011519,-0.227157,-0.068169,0.054127,-0.246645,-0.024468,0.085532,-0.340389,-0.043338,0.10444,-0.403253,-0.05347,0.113634,-0.454682,-0.059725,0.005496,-0.238669,-0.030392,-0.030908,-0.355386,-0.063633,-0.054512,-0.428339,-0.083202,-0.076586,-0.488672,-0.090151,-0.033845,-0.20387,-0.038278,-0.026652,-0.231206,-0.0875,0.004962,-0.168493,-0.100609,0.021931,-0.12803,-0.094239,-0.060336,-0.159159,-0.046304,-0.041985,-0.188835,-0.083797,-0.012628,-0.139403,-0.083738,0.006002,-0.100774,-0.073321,V
0.0,0.0,0.0,0.045324,-0.049868,-0.024105,0.064709,-0.129186,-0.037081,0.029698,-0.186847,-0.052163,-0.008719,-0.228935,-0.066961,0.054801,-0.250352,-0.022405,0.08598,-0.343441,-0.040366,0.10473,-0.405615,-0.050145,0.114025,-0.45658,-0.056432,0.005286,-0.241858,-0.029177,-0.032213,-0.358685,-0.061392,-0.055465,-0.43126,-0.080653,-0.07752,-0.491331,-0.087668,-0.034654,-0.206067,-0.037865,-0.0272,-0.233576,-0.085773,0.005285,-0.171309,-0.098227,0.022243,-0.131317,-0.091806,-0.061447,-0.160523,-0.046681,-0.042962,-0.189842,-0.082743,-0.014241,-0.141814,-0.081928,0.003264,-0.105037,-0.07128,V
0.0,0.0,0.0,0.044419,-0.051186,-0.023995,0.062749,-0.132273,-0.036707,0.027366,-0.190541,-0.05159,-0.011989,-0.232528,-0.066177,0.054515,-0.25279,-0.021394,0.085797,-0.346131,-0.039534,0.104838,-0.409131,-0.049518,0.11382,-0.460219,-0.055924,0.004862,-0.243888,-0.028479,-0.031545,-0.360995,-0.060495,-0.054954,-0.433493,-0.07963,-0.077528,-0.492828,-0.086522,-0.035311,-0.207872,-0.037672,-0.028791,-0.238863,-0.085723,0.002548,-0.177097,-0.098002,0.018807,-0.136958,-0.091341,-0.062245,-0.16112,-0.047039,-0.044746,-0.191853,-0.08337,-0.016214,-0.144056,-0.082821,0.001056,-0.107293,-0.072318,V
0.0,0.0,0.0,0.043894,-0.050563,-0.025367,0.064349,-0.130385,-0.039395,0.024236,-0.19003,-0.055461,-0.018775,-0.22868,-0.071521,0.051502,-0.251589,-0.024822,0.081684,-0.347061,-0.04414,0.099596,-0.410211,-0.054717,0.108377,-0.46227,-0.061437,0.002381,-0.242362,-0.031522,-0.037212,-0.359903,-0.065436,-0.063333,-0.433229,-0.085422,-0.086745,-0.495037,-0.092578,-0.036608,-0.206008,-0.040112,-0.03149,-0.233752,-0.089481,0.001866,-0.171553,-0.10239,0.02081,-0.13161,-0.095949,-0.06192,-0.159869,-0.048941,-0.045341,-0.187979,-0.085999,-0.01499,-0.139324,-0.085517,0.005138,-0.101795,-0.074903,V
0.0,0.0,0.0,0.044352,-0.049308,-0.025712,0.065116,-0.128139,-0.039804,0.02605,-0.187222,-0.055812,-0.016242,-0.225618,-0.071862,0.051291,-0.250633,-0.025179,0.081317,-0.347369,-0.043916,0.098722,-0.410151,-0.054237,0.107189,-0.462506,-0.060894,0.002532,-0.241235,-0.031443,-0.037312,-0.358131,-0.064743,-0.063791,-0.430423,-0.084538,-0.08718,-0.491805,-0.091769,-0.036369,-0.205481,-0.039573,-0.030838,-0.234326,-0.088442,0.002023,-0.174768,-0.101639,0.020654,-0.13611,-0.095717,-0.061352,-0.160212,-0.047945,-0.043835,-0.18901,-0.084852,-0.01357,-0.141774,-0.084603,0.006416,-0.10478,-0.074301,V
0.0,0.0,0.0,0.044175,-0.048159,-0.025678,0.066848,-0.126968,-0.038672,0.025553,-0.187433,-0.053618,-0.018993,-0.223463,-0.068769,0.05279,-0.248282,-0.023546,0.083465,-0.346274,-0.041498,0.101288,-0.409226,-0.051347,0.11001,-0.461891,-0.057735,0.003849,-0.239906,-0.029739,-0.034592,-0.356871,-0.061321,-0.06007,-0.428915,-0.080718,-0.082734,-0.489856,-0.087894,-0.034653,-0.205894,-0.038001,-0.030204,-0.232896,-0.08643,0.000737,-0.174606,-0.10102,0.017929,-0.13638,-0.096155,-0.059391,-0.161672,-0.046502,-0.043187,-0.186111,-0.083795,-0.013578,-0.139208,-0.085106,0.006112,-0.101721,-0.075925,V
0.0,0.0,0.0,0.043386,-0.048534,-0.026138,0.064447,-0.126366,-0.039633,0.025269,-0.185344,-0.055007,-0.016993,-0.224726,-0.070301,0.051427,-0.2502,-0.02317,0.081274,-0.347905,-0.041405,0.099152,-0.41078,-0.051466,0.108203,-0.462835,-0.057864,0.00227,-0.240366,-0.02926,-0.036501,-0.357556,-0.061188,-0.060943,-0.428683,-0.08047,-0.08275,-0.489013,-0.087401,-0.036288,-0.204907,-0.037609,-0.030176,-0.231508,-0.086403,0.001834,-0.171831,-0.100017,0.019648,-0.134697,-0.09418,-0.061358,-0.160135,-0.046246,-0.04487,-0.187694,-0.083348,-0.015703,-0.140528,-0.083538,0.003154,-0.10389,-0.073427,V
0.0,0.0,0.0,0.044599,-0.050571,-0.02456,0.065053,-0.128805,-0.037628,0.025312,-0.187432,-0.052853,-0.016525,-0.225415,-0.067931,0.051567,-0.251296,-0.02293,0.081809,-0.347751,-0.041313,0.099454,-0.410648,-0.051556,0.108118,-0.462674,-0.058203,0.002353,-0.241547,-0.029856,-0.036463,-0.357885,-0.061396,-0.061599,-0.430357,-0.080628,-0.083725,-0.491849,-0.08793,-0.036433,-0.205439,-0.038821,-0.030557,-0.232635,-0.086268,0.001938,-0.173894,-0.099302,0.020122,-0.136732,-0.09371,-0.061652,-0.159228,-0.048063,-0.045111,-0.187585,-0.083874,-0.015519,-0.141378,-0.083509,0.003883,-0.105128,-0.073376,V
0.0,0.0,0.0,0.043692,-0.047614,-0.026903,0.065397,-0.124887,-0.041168,0.025027,-0.183882,-0.057198,-0.019476,-0.220567,-0.073331,0.05152,-0.246812,-0.025462,0.081224,-0.344462,-0.044806,0.098679,-0.407663,-0.055516,0.107414,-0.459774,-0.062232,0.002597,-0.237824,-0.03126,-0.036254,-0.35486,-0.063879,-0.06141,-0.427159,-0.083335,-0.083593,-0.48841,-0.09034,-0.035862,-0.202986,-0.039263,-0.031142,-0.230552,-0.08812,0.001209,-0.170918,-0.101646,0.019716,-0.132635,-0.095813,-0.061029,-0.158782,-0.047673,-0.045199,-0.185765,-0.084486,-0.015876,-0.13965,-0.084591,0.003584,-0.103767,-0.074549,V
0.0,0.0,0.0,0.043352,-0.049072,-0.024979,0.064054,-0.126818,-0.038447,0.025021,-0.184846,-0.053838,-0.01785,-0.222048,-0.06922,0.050594,-0.248197,-0.02443,0.080755,-0.343869,-0.042844,0.098021,-0.407257,-0.052609,0.106429,-0.459385,-0.058648,0.002371,-0.240066,-0.030505,-0.037055,-0.357175,-0.063344,-0.062908,-0.430282,-0.082757,-0.085493,-0.491119,-0.089453,-0.036082,-0.205339,-0.038322,-0.03064,-0.231914,-0.086422,0.001605,-0.171539,-0.099468,0.019929,-0.132202,-0.093245,-0.061299,-0.160918,-0.046338,-0.043985,-0.187361,-0.082137,-0.0146,-0.140177,-0.081577,0.004862,-0.103074,-0.07099,V
0.0,0.0,0.0,0.044656,-0.047154,-0.025412,0.06754,-0.124177,-0.038195,0.027209,-0.183257,-0.053056,-0.016165,-0.219567,-0.067976,0.053342,-0.247282,-0.022137,0.083154,-0.344738,-0.039967,0.100445,-0.406683,-0.049798,0.109277,-0.458595,-0.056091,0.004097,-0.238792,-0.028463,-0.033911,-0.354927,-0.059728,-0.059179,-0.42658,-0.079005,-0.081558,-0.487454,-0.086023,-0.034475,-0.204665,-0.036965,-0.030266,-0.229927,-0.08495,0.000806,-0.170607,-0.099069,0.018568,-0.132642,-0.093826,-0.059381,-0.160559,-0.045751,-0.043598,-0.184285,-0.082,-0.015084,-0.138025,-0.082511,0.003718,-0.102509,-0.072853,V
0.0,0.0,0.0,0.043682,-0.047858,-0.026223,0.064947,-0.125623,-0.039758,0.024865,-0.185724,-0.055117,-0.017936,-0.222471,-0.070474,0.051743,-0.247565,-0.024041,0.08173,-0.344061,-0.042631,0.099366,-0.407427,-0.052559,0.107814,-0.459516,-0.058634,0.003329,-0.239968,-0.029525,-0.035735,-0.356782,-0.062219,-0.061267,-0.42931,-0.081723,-0.083726,-0.490028,-0.088266,-0.034782,-0.205686,-0.037037,-0.03052,-0.23006,-0.085619,0.001538,-0.170254,-0.099626,0.020492,-0.131636,-0.093786,-0.059677,-0.16181,-0.044834,-0.043373,-0.185829,-0.081366,-0.013947,-0.139289,-0.081823,0.006745,-0.103204,-0.071745,V
0.0,0.0,0.0,0.043955,-0.04786,-0.025117,0.065267,-0.125882,-0.038506,0.024646,-0.18494,-0.05402,-0.020208,-0.22117,-0.069774,0.052203,-0.248573,-0.023435,0.081651,-0.346412,-0.041507,0.098842,-0.40888,-0.051494,0.107449,-0.460976,-0.057976,0.003399,-0.24008,-0.030222,-0.035005,-0.357567,-0.061875,-0.060655,-0.429475,-0.08107,-0.083353,-0.490717,-0.088124,-0.035202,-0.205615,-0.03907,-0.031049,-0.233173,-0.087375,0.000391,-0.173634,-0.101228,0.01853,-0.135343,-0.09588,-0.060147,-0.161103,-0.048163,-0.044474,-0.188197,-0.08504,-0.014928,-0.141245,-0.085546,0.004951,-0.104148,-0.075893,V
0.0,0.0,0.0,0.043509,-0.048728,-0.025499,0.064235,-0.126004,-0.039298,0.024112,-0.184053,-0.055072,-0.019662,-0.220474,-0.070978,0.050785,-0.247759,-0.024929,0.08056,-0.344982,-0.043647,0.097756,-0.407984,-0.053816,0.10599,-0.460105,-0.060215,0.001972,-0.238546,-0.031311,-0.036396,-0.356336,-0.063606,-0.061737,-0.429324,-0.082818,-0.08441,-0.490543,-0.089723,-0.036789,-0.203168,-0.039685,-0.031014,-0.231678,-0.087947,0.001733,-0.173618,-0.101398,0.020364,-0.135788,-0.095676,-0.062052,-0.158259,-0.048309,-0.044989,-0.186532,-0.084518,-0.014979,-0.141347,-0.0844,0.005085,-0.105339,-0.074336,V
0.0,0.0,0.0,0.045037,-0.047791,-0.024909,0.065932,-0.124914,-0.038067,0.026017,-0.1823,-0.05315,-0.016657,-0.218045,-0.068387,0.052631,-0.247465,-0.024618,0.082585,-0.344012,-0.042645,0.099907,-0.406883,-0.05234,0.108338,-0.459763,-0.058585,0.003825,-0.239294,-0.030929,-0.034643,-0.356119,-0.063036,-0.06036,-0.428645,-0.081965,-0.083071,-0.489318,-0.088607,-0.035207,-0.204993,-0.0391,-0.030138,-0.231232,-0.08667,0.001388,-0.172699,-0.100231,0.01975,-0.135329,-0.094774,-0.060336,-0.160707,-0.047537,-0.042655,-0.1854,-0.08317,-0.0134,-0.139723,-0.083259,0.006761,-0.10477,-0.073458,V
0.0,0.0,0.0,0.045093,-0.045267,-0.026997,0.065215,-0.123819,-0.040438,0.023672,-0.18158,-0.055346,-0.019957,-0.217265,-0.070382,0.050614,-0.24642,-0.025566,0.079872,-0.341964,-0.044418,0.096939,-0.405577,-0.054572,0.105044,-0.457954,-0.060854,0.001956,-0.237378,-0.030675,-0.036894,-0.354485,-0.06318,-0.0618,-0.426403,-0.082357,-0.084257,-0.485878,-0.08891,-0.036677,-0.202149,-0.037915,-0.030188,-0.228695,-0.086911,0.001618,-0.168828,-0.100917,0.018821,-0.130185,-0.095083,-0.062017,-0.157648,-0.045475,-0.043472,-0.1838,-0.083094,-0.013875,-0.136196,-0.083745,0.00518,-0.099285,-0.073765,V
0.0,0.0,0.0,-0.052198,-0.063197,-0.041568,-0.063635,-0.162506,-0.060338,-0.006471,-0.228131,-0.078558,0.048096,-0.271838,-0.094583,-0.054201,-0.304526,-0.029129,-0.086085,-0.428084,-0.063874,-0.101856,-0.506088,-0.085979,-0.113042,-0.57329,-0.097412,0.003616,-0.299973,-0.031645,0.03451,-0.436283,-0.064454,0.058849,-0.525707,-0.081973,0.080075,-0.597729,-0.087507,0.048429,-0.257341,-0.040121,0.05487,-0.290563,-0.093767,0.025956,-0.214908,-0.102037,0.010996,-0.158008,-0.089864,0.081318,-0.196358,-0.051493,0.077873,-0.224046,-0.092882,0.044468,-0.168746,-0.088748,0.024662,-0.120387,-0.073876,V
0.0,0.0,0.0,-0.052205,-0.061232,-0.042678,-0.064855,-0.159086,-0.062207,-0.008687,-0.225397,-0.081041,0.045334,-0.271597,-0.097504,-0.054488,-0.30255,-0.029513,-0.086894,-0.42461,-0.064098,-0.102748,-0.502321,-0.085984,-0.113521,-0.569752,-0.097257,0.003241,-0.297733,-0.031562,0.032561,-0.431899,-0.065037,0.056815,-0.521359,-0.08313,0.078489,-0.594315,-0.089016,0.047793,-0.25632,-0.039736,0.053248,-0.287127,-0.094263,0.025079,-0.212254,-0.103637,0.009939,-0.155303,-0.092081,0.080574,-0.197763,-0.050888,0.076577,-0.22323,-0.092935,0.043283,-0.1684,-0.089961,0.02244,-0.120473,-0.075946,V
0.0,0.0,0.0,-0.053127,-0.064842,-0.04221,-0.065491,-0.163502,-0.06157,-0.008864,-0.229165,-0.080277,0.045593,-0.273632,-0.096636,-0.055013,-0.30476,-0.028945,-0.086005,-0.427817,-0.063851,-0.102012,-0.50515,-0.086318,-0.113218,-0.572046,-0.097991,0.002363,-0.300486,-0.031023,0.032467,-0.43576,-0.064347,0.05734,-0.525214,-0.082557,0.07937,-0.597794,-0.088593,0.046954,-0.258867,-0.039196,0.052757,-0.289541,-0.09326,0.024836,-0.213399,-0.102195,0.009567,-0.155249,-0.090382,0.080139,-0.199565,-0.050329,0.076748,-0.226158,-0.091804,0.043799,-0.17139,-0.088063,0.023319,-0.12305,-0.073497,V
0.0,0.0,0.0,-0.052751,-0.062335,-0.04337,-0.065112,-0.160423,-0.063357,-0.008816,-0.226057,-0.082475,0.044966,-0.272254,-0.099286,-0.05479,-0.302977,-0.031102,-0.08642,-0.425337,-0.066395,-0.101641,-0.503775,-0.088872,-0.11198,-0.571715,-0.100692,0.002834,-0.298165,-0.033043,0.0323,-0.432854,-0.067222,0.056547,-0.52302,-0.085586,0.077989,-0.596047,-0.091692,0.047472,-0.256181,-0.041129,0.053057,-0.288438,-0.096181,0.024722,-0.213108,-0.105336,0.009713,-0.155658,-0.093614,0.080382,-0.19675,-0.052255,0.077031,-0.224355,-0.095041,0.043705,-0.169409,-0.09213,0.023341,-0.121144,-0.078072,V
0.0,0.0,0.0,-0.05269,-0.063779,-0.041897,-0.064052,-0.162522,-0.060672,-0.007127,-0.227386,-0.078777,0.047191,-0.271579,-0.094561,-0.053452,-0.302802,-0.028303,-0.083965,-0.424496,-0.062849,-0.100007,-0.500787,-0.08517,-0.111418,-0.566783,-0.09672,0.00392,-0.297968,-0.030259,0.033932,-0.432841,-0.062993,0.058615,-0.521528,-0.080911,0.080213,-0.593294,-0.086901,0.048232,-0.256011,-0.038334,0.054611,-0.287457,-0.091913,0.026891,-0.212569,-0.101021,0.011326,-0.155356,-0.089571,0.081001,-0.196673,-0.049322,0.077768,-0.22362,-0.090564,0.044819,-0.169551,-0.087106,0.024077,-0.121527,-0.072951,V
0.0,0.0,0.0,-0.053145,-0.064706,-0.039393,-0.066471,-0.164626,-0.057452,-0.010973,-0.231039,-0.075376,0.042929,-0.273453,-0.091069,-0.055145,-0.30245,-0.02587,-0.086896,-0.422836,-0.058969,-0.102543,-0.499587,-0.080137,-0.113037,-0.566581,-0.091162,0.001672,-0.297733,-0.029098,0.031544,-0.430534,-0.061058,0.055507,-0.519666,-0.078207,0.077001,-0.592441,-0.083697,0.046215,-0.256961,-0.038196,0.052667,-0.288685,-0.090667,0.023305,-0.213449,-0.098196,0.007323,-0.156482,-0.085752,0.07968,-0.198593,-0.050137,0.076753,-0.226145,-0.089903,0.043441,-0.171421,-0.085034,0.022938,-0.123337,-0.070011,V
0.0,0.0,0.0,-0.052181,-0.068067,-0.040359,-0.06394,-0.167852,-0.059204,-0.007722,-0.233794,-0.077707,0.046287,-0.27573,-0.09372,-0.052712,-0.304119,-0.025647,-0.082172,-0.425244,-0.059756,-0.096984,-0.501582,-0.082026,-0.107319,-0.566936,-0.093624,0.003584,-0.298,-0.028484,0.034775,-0.432176,-0.061263,0.05977,-0.521735,-0.079349,0.082026,-0.59363,-0.085454,0.048198,-0.255397,-0.037263,0.055446,-0.289994,-0.09052,0.025085,-0.216117,-0.097795,0.007816,-0.158473,-0.084942,0.081626,-0.19517,-0.048896,0.078732,-0.22735,-0.08941,0.045418,-0.173844,-0.083833,0.024519,-0.124882,-0.067977,V
0.0,0.0,0.0,-0.053251,-0.068809,-0.039987,-0.064852,-0.168458,-0.058248,-0.009619,-0.23336,-0.076205,0.042897,-0.275922,-0.091727,-0.052036,-0.304463,-0.026142,-0.079098,-0.4273,-0.06016,-0.093837,-0.504566,-0.082508,-0.104292,-0.570524,-0.094419,0.004784,-0.29828,-0.02905,0.035169,-0.431439,-0.061892,0.060315,-0.521735,-0.080763,0.083203,-0.594308,-0.087761,0.049517,-0.255733,-0.037738,0.053601,-0.288266,-0.090313,0.02368,-0.21421,-0.097952,0.007368,-0.156453,-0.085876,0.082964,-0.195822,-0.049368,0.076122,-0.224574,-0.090136,0.04333,-0.170639,-0.085644,0.023787,-0.121426,-0.070787,V
0.0,0.0,0.0,-0.052653,-0.068895,-0.039952,-0.063447,-0.168888,-0.057583,-0.008221,-0.233798,-0.074997,0.045042,-0.275447,-0.089942,-0.051455,-0.305703,-0.025002,-0.07843,-0.42953,-0.05836,-0.093541,-0.50544,-0.080157,-0.10412,-0.570943,-0.091615,0.005179,-0.29992,-0.027494,0.035686,-0.433736,-0.058968,0.061416,-0.52106,-0.076696,0.084678,-0.591254,-0.083046,0.049582,-0.257796,-0.036012,0.055463,-0.287704,-0.087652,0.02625,-0.212286,-0.095661,0.010101,-0.154609,-0.083994,0.082983,-0.198813,-0.047525,0.077551,-0.223296,-0.087459,0.045258,-0.169264,-0.083766,0.025758,-0.121243,-0.069753,V
0.0,0.0,0.0,-0.053156,-0.069013,-0.038192,-0.064341,-0.170942,-0.054862,-0.010086,-0.236018,-0.071579,0.043244,-0.276925,-0.085927,-0.051615,-0.306379,-0.02348,-0.078192,-0.43011,-0.056009,-0.093679,-0.505468,-0.077217,-0.104569,-0.570369,-0.088355,0.00508,-0.300091,-0.026457,0.035868,-0.433292,-0.057142,0.061201,-0.520075,-0.074702,0.084392,-0.589638,-0.081156,0.049783,-0.257805,-0.03521,0.053977,-0.287801,-0.085998,0.024696,-0.213493,-0.094237,0.008827,-0.156145,-0.083109,0.083504,-0.199064,-0.046793,0.074642,-0.222632,-0.086339,0.04266,-0.168431,-0.082968,0.024061,-0.119751,-0.069404,V
0.0,0.0,0.0,-0.052325,-0.068673,-0.038944,-0.06411,-0.168174,-0.056985,-0.009643,-0.233563,-0.075118,0.044204,-0.273043,-0.090846,-0.05133,-0.304949,-0.024871,-0.080099,-0.427097,-0.058523,-0.095251,-0.502974,-0.080535,-0.105661,-0.568057,-0.09197,0.005004,-0.29909,-0.028116,0.035941,-0.432634,-0.059581,0.061059,-0.520756,-0.076863,0.083205,-0.591041,-0.082703,0.049569,-0.256572,-0.037263,0.05487,-0.288056,-0.088831,0.025224,-0.213556,-0.096206,0.008601,-0.155361,-0.083841,0.08291,-0.196717,-0.049278,0.078211,-0.224539,-0.088145,0.045544,-0.171483,-0.082964,0.025404,-0.122475,-0.067802,V
0.0,0.0,0.0,-0.053042,-0.068655,-0.039559,-0.065026,-0.169599,-0.057453,-0.010268,-0.235587,-0.075209,0.042769,-0.276901,-0.090695,-0.052713,-0.3055,-0.025231,-0.081898,-0.42893,-0.058765,-0.096852,-0.505012,-0.0807,-0.106934,-0.570389,-0.092175,0.003959,-0.300042,-0.02801,0.034642,-0.433921,-0.059711,0.05925,-0.521764,-0.077395,0.081298,-0.5928,-0.08354,0.048512,-0.258627,-0.036716,0.054616,-0.289542,-0.088635,0.024619,-0.214371,-0.096346,0.007968,-0.156896,-0.084243,0.081782,-0.200078,-0.048313,0.076398,-0.226019,-0.08793,0.043725,-0.171575,-0.083368,0.023802,-0.122738,-0.068601,V
0.0,0.0,0.0,-0.05206,-0.068127,-0.040781,-0.063732,-0.167494,-0.059384,-0.008205,-0.232387,-0.077597,0.045277,-0.273015,-0.093364,-0.051378,-0.303243,-0.026451,-0.079485,-0.426507,-0.060695,-0.094632,-0.503456,-0.083146,-0.105242,-0.568763,-0.094984,0.004919,-0.297089,-0.028803,0.035135,-0.430006,-0.061371,0.059897,-0.518286,-0.079588,0.082155,-0.589419,-0.086091,0.049248,-0.254898,-0.037186,0.055453,-0.286742,-0.089909,0.025683,-0.211943,-0.097582,0.009069,-0.154424,-0.085376,0.082458,-0.195435,-0.048557,0.077983,-0.223549,-0.089037,0.045127,-0.170069,-0.084607,0.024933,-0.121751,-0.069822,V
0.0,0.0,0.0,-0.053129,-0.068305,-0.040465,-0.064218,-0.168405,-0.058317,-0.009038,-0.234055,-0.075758,0.043688,-0.276942,-0.090711,-0.052641,-0.304815,-0.025797,-0.079212,-0.429261,-0.059289,-0.094441,-0.505315,-0.081259,-0.105401,-0.570517,-0.092812,0.003873,-0.2983,-0.027959,0.034355,-0.432589,-0.059629,0.060291,-0.519947,-0.077626,0.083413,-0.589865,-0.084201,0.048152,-0.255865,-0.036109,0.053742,-0.287038,-0.088112,0.025334,-0.212565,-0.096387,0.009209,-0.15466,-0.084887,0.081489,-0.196859,-0.047212,0.076208,-0.223605,-0.087845,0.044552,-0.169842,-0.084264,0.024967,-0.120878,-0.070224,V
0.0,0.0,0.0,-0.052564,-0.068345,-0.040362,-0.0636,-0.168764,-0.058482,-0.007103,-0.234104,-0.076153,0.046659,-0.275557,-0.091334,-0.051932,-0.305106,-0.025749,-0.078358,-0.428335,-0.059762,-0.092969,-0.505278,-0.082013,-0.103599,-0.570664,-0.093698,0.004911,-0.298526,-0.028216,0.036459,-0.433081,-0.060495,0.061679,-0.522155,-0.078511,0.084464,-0.593438,-0.084848,0.049914,-0.255466,-0.036632,0.056649,-0.288697,-0.088836,0.025974,-0.214992,-0.095976,0.008865,-0.157642,-0.083526,0.083579,-0.195374,-0.048038,0.078241,-0.224556,-0.088435,0.044785,-0.170985,-0.083708,0.024483,-0.122634,-0.068698,V
0.0,0.0,0.0,-0.052816,-0.07075,-0.040036,-0.063369,-0.171276,-0.058326,-0.007531,-0.235334,-0.076314,0.045333,-0.276712,-0.091874,-0.051354,-0.306542,-0.025897,-0.077201,-0.430183,-0.060051,-0.091324,-0.50747,-0.082451,-0.101448,-0.573145,-0.094307,0.005884,-0.299875,-0.028841,0.037407,-0.435202,-0.061524,0.063069,-0.52428,-0.08035,0.086678,-0.59598,-0.087405,0.051139,-0.256784,-0.037612,0.057511,-0.289879,-0.090024,0.026885,-0.216116,-0.097798,0.009703,-0.158669,-0.085923,0.085123,-0.196664,-0.049325,0.078375,-0.224673,-0.089659,0.045286,-0.17095,-0.085232,0.025316,-0.122113,-0.070571,V
0.0,0.0,0.0,-0.05247,-0.067034,-0.040558,-0.064017,-0.167983,-0.059004,-0.008445,-0.232551,-0.0771,0.044658,-0.274897,-0.092853,-0.052029,-0.303581,-0.027574,-0.080486,-0.426689,-0.062167,-0.094525,-0.505233,-0.084303,-0.104054,-0.571851,-0.095851,0.004786,-0.297843,-0.030343,0.036023,-0.43144,-0.063648,0.061379,-0.52073,-0.081569,0.084242,-0.591996,-0.087584,0.04957,-0.256231,-0.039056,0.055323,-0.287851,-0.092736,0.024808,-0.213882,-0.100588,0.007976,-0.155958,-0.08823,0.083066,-0.197806,-0.050725,0.077287,-0.22355,-0.092415,0.043995,-0.169421,-0.08862,0.023939,-0.120432,-0.074037,V
0.0,0.0,0.0,-0.053588,-0.0695,-0.040085,-0.06553,-0.169769,-0.058079,-0.011045,-0.234705,-0.075831,0.040472,-0.277632,-0.091095,-0.053132,-0.305402,-0.02536,-0.081146,-0.429781,-0.058882,-0.096231,-0.506108,-0.080696,-0.10672,-0.571415,-0.092125,0.003767,-0.300806,-0.027723,0.032786,-0.433984,-0.060112,0.057322,-0.522304,-0.078744,0.079909,-0.593426,-0.085604,0.048674,-0.260759,-0.035988,0.052697,-0.290487,-0.08803,0.023568,-0.216346,-0.096639,0.007275,-0.158729,-0.085339,0.082628,-0.203863,-0.047267,0.074079,-0.22592,-0.087505,0.042401,-0.171647,-0.084394,0.023144,-0.122753,-0.070672,V
0.0,0.0,0.0,-0.053297,-0.0695,-0.03858,-0.063799,-0.169808,-0.055341,-0.008181,-0.234422,-0.071898,0.043646,-0.277621,-0.086026,-0.052065,-0.303857,-0.023577,-0.078032,-0.426037,-0.056554,-0.092993,-0.501728,-0.078364,-0.103655,-0.566569,-0.089901,0.00407,-0.297942,-0.026324,0.034489,-0.430046,-0.057496,0.059822,-0.517233,-0.075404,0.08327,-0.586913,-0.082059,0.048524,-0.25612,-0.034891,0.054359,-0.286368,-0.085507,0.024746,-0.213389,-0.093035,0.008419,-0.156793,-0.081542,0.082256,-0.19752,-0.046399,0.075298,-0.22241,-0.085841,0.042786,-0.169393,-0.081929,0.023633,-0.122054,-0.067946,V
0.0,0.0,0.0,-0.053622,-0.068754,-0.040096,-0.06513,-0.168904,-0.057515,-0.009121,-0.233853,-0.074576,0.043459,-0.27806,-0.089107,-0.052259,-0.305074,-0.02424,-0.077739,-0.428169,-0.05778,-0.092169,-0.504413,-0.079833,-0.102473,-0.569215,-0.091474,0.004702,-0.298266,-0.026517,0.035224,-0.43166,-0.058866,0.060781,-0.519875,-0.077598,0.084155,-0.590171,-0.084631,0.049458,-0.255809,-0.03479,0.054317,-0.287624,-0.086954,0.024569,-0.214647,-0.09539,0.00806,-0.157309,-0.084112,0.083299,-0.197018,-0.046045,0.074969,-0.223033,-0.086863,0.042433,-0.169922,-0.083801,0.023196,-0.121951,-0.070179,V
0.0,0.0,0.0,-0.052997,-0.070577,-0.040715,-0.06312,-0.170858,-0.058607,-0.00817,-0.236189,-0.076015,0.042757,-0.281393,-0.090829,-0.051502,-0.307278,-0.024795,-0.077269,-0.431205,-0.058478,-0.091773,-0.507683,-0.080834,-0.102503,-0.572508,-0.092569,0.00501,-0.300384,-0.026796,0.035533,-0.434216,-0.058982,0.061752,-0.52192,-0.077835,0.085351,-0.592512,-0.085004,0.049648,-0.258185,-0.034869,0.054887,-0.289376,-0.086688,0.025851,-0.216072,-0.095241,0.009068,-0.158894,-0.084063,0.083441,-0.199916,-0.045982,0.076472,-0.226266,-0.08602,0.044383,-0.1731,-0.082558,0.024648,-0.1251,-0.068767,V
0.0,0.0,0.0,-0.052608,-0.068795,-0.041284,-0.062713,-0.16912,-0.059173,-0.006437,-0.233451,-0.076378,0.04489,-0.279013,-0.091025,-0.050029,-0.306835,-0.026171,-0.074928,-0.43116,-0.05983,-0.089138,-0.507734,-0.081998,-0.099224,-0.572957,-0.093725,0.0071,-0.29916,-0.027969,0.03824,-0.433659,-0.060387,0.064673,-0.52138,-0.079197,0.088592,-0.591738,-0.086356,0.051762,-0.256121,-0.035761,0.057183,-0.28762,-0.088128,0.027098,-0.214267,-0.096643,0.009677,-0.157019,-0.085475,0.085561,-0.197045,-0.046594,0.078067,-0.223131,-0.087803,0.045062,-0.169575,-0.084702,0.02489,-0.121286,-0.071035,V
0.0,0.0,0.0,-0.052719,-0.069907,-0.038912,-0.063785,-0.170282,-0.056656,-0.009584,-0.235279,-0.074196,0.042374,-0.277489,-0.089368,-0.051076,-0.30545,-0.024594,-0.077254,-0.428827,-0.058151,-0.091722,-0.504821,-0.080199,-0.102126,-0.568783,-0.091617,0.005497,-0.298622,-0.027387,0.037245,-0.431781,-0.058861,0.063171,-0.518286,-0.076664,0.08663,-0.587101,-0.082982,0.050481,-0.256171,-0.035985,0.054558,-0.287375,-0.086986,0.02423,-0.214675,-0.09448,0.007568,-0.157806,-0.082652,0.084405,-0.19749,-0.047458,0.075795,-0.224643,-0.086482,0.042953,-0.171379,-0.081797,0.023469,-0.122623,-0.067127,V
0.0,0.0,0.0,-0.052706,-0.071036,-0.038777,-0.064502,-0.171662,-0.05617,-0.011093,-0.237876,-0.073683,0.040369,-0.281228,-0.088768,-0.05162,-0.306805,-0.023121,-0.080574,-0.429513,-0.056161,-0.094713,-0.506259,-0.077553,-0.104182,-0.571927,-0.088457,0.004678,-0.30084,-0.02613,0.035459,-0.433417,-0.057698,0.060666,-0.52158,-0.075153,0.083338,-0.591322,-0.080866,0.04897,-0.25953,-0.035137,0.052454,-0.29081,-0.087021,0.022566,-0.217241,-0.095307,0.006679,-0.158752,-0.083311,0.082264,-0.202078,-0.047003,0.074318,-0.227742,-0.086341,0.04247,-0.174194,-0.082346,0.02417,-0.124644,-0.067863,V
0.0,0.0,1e-06,0.065941,-0.054941,-0.035088,0.088489,-0.157775,-0.044492,0.046084,-0.231218,-0.04983,-0.009157,-0.27582,-0.05633,0.083477,-0.32835,-0.031776,0.114879,-0.45586,-0.044118,0.127912,-0.533518,-0.053887,0.13575,-0.605516,-0.062729,0.026152,-0.34027,-0.035023,0.02195,-0.491663,-0.044611,0.015006,-0.583267,-0.064207,0.003775,-0.656922,-0.080069,-0.024514,-0.311635,-0.041863,-0.054738,-0.442021,-0.076829,-0.078779,-0.521954,-0.117597,-0.104079,-0.588879,-0.142929,-0.062313,-0.252092,-0.049465,-0.047213,-0.281113,-0.090554,-0.017817,-0.231333,-0.112925,-0.001298,-0.177971,-0.125203,W
0.0,0.0,1e-06,0.066655,-0.05512,-0.033799,0.089842,-0.160069,-0.042258,0.046493,-0.237165,-0.04678,-0.008925,-0.283646,-0.052273,0.085827,-0.330587,-0.028205,0.115235,-0.459163,-0.038223,0.127456,-0.537205,-0.046789,0.13481,-0.608989,-0.055123,0.027925,-0.342825,-0.031133,0.023862,-0.494933,-0.039094,0.017633,-0.585855,-0.058262,0.007346,-0.658292,-0.073823,-0.022658,-0.312997,-0.037452,-0.054997,-0.445381,-0.071301,-0.079451,-0.525003,-0.110998,-0.104424,-0.59117,-0.135504,-0.060947,-0.253457,-0.044317,-0.04674,-0.290448,-0.084077,-0.018067,-0.241785,-0.10491,-0.000713,-0.188649,-0.116112,W
0.0,0.0,1e-06,0.065028,-0.051185,-0.033499,0.087543,-0.157337,-0.040936,0.046104,-0.236932,-0.044299,-0.006223,-0.288133,-0.048494,0.085084,-0.327414,-0.027814,0.114261,-0.455988,-0.037874,0.127205,-0.533546,-0.046121,0.135296,-0.605789,-0.054087,0.0279,-0.339723,-0.030765,0.023249,-0.491679,-0.039085,0.016931,-0.582092,-0.057834,0.00675,-0.654942,-0.07279,-0.022526,-0.310774,-0.037135,-0.05304,-0.442239,-0.072236,-0.077211,-0.520008,-0.111511,-0.102577,-0.586595,-0.135238,-0.061376,-0.252293,-0.043928,-0.043948,-0.289288,-0.085291,-0.014666,-0.238674,-0.106024,0.001528,-0.185739,-0.116687,W
0.0,0.0,1e-06,0.065964,-0.051333,-0.032166,0.089302,-0.158969,-0.038589,0.045749,-0.238846,-0.040997,-0.009366,-0.286838,-0.044362,0.084691,-0.32737,-0.026576,0.113931,-0.45643,-0.035865,0.126601,-0.533443,-0.043636,0.134808,-0.60577,-0.05141,0.02779,-0.339248,-0.030137,0.0237,-0.490744,-0.037447,0.017463,-0.581193,-0.055925,0.00769,-0.655302,-0.070915,-0.022357,-0.310161,-0.036977,-0.052639,-0.443319,-0.071563,-0.076765,-0.521546,-0.110935,-0.101816,-0.589694,-0.134961,-0.060991,-0.251286,-0.044079,-0.043094,-0.291327,-0.085122,-0.01428,-0.238502,-0.105092,0.000962,-0.183043,-0.115329,W
0.0,0.0,1e-06,0.066375,-0.05332,-0.034645,0.089521,-0.158606,-0.042644,0.046401,-0.235801,-0.046135,-0.007817,-0.283344,-0.050519,0.085212,-0.325678,-0.030476,0.115792,-0.453907,-0.041203,0.128072,-0.531925,-0.049739,0.13547,-0.604225,-0.057848,0.027799,-0.337518,-0.033098,0.022843,-0.48962,-0.041504,0.015808,-0.579854,-0.060039,0.00517,-0.652154,-0.075014,-0.022606,-0.309181,-0.039208,-0.053642,-0.44187,-0.073715,-0.077612,-0.520125,-0.112856,-0.102548,-0.586694,-0.13675,-0.060676,-0.250588,-0.045933,-0.045458,-0.286533,-0.08659,-0.016877,-0.236109,-0.107084,-0.001609,-0.182887,-0.117738,W
0.0,0.0,1e-06,0.065368,-0.050299,-0.03251,0.087474,-0.157045,-0.039572,0.044171,-0.237117,-0.042502,-0.008963,-0.288082,-0.046362,0.083267,-0.324351,-0.028356,0.112781,-0.45365,-0.0381,0.126077,-0.531273,-0.045823,0.13466,-0.60381,-0.053519,0.026722,-0.337361,-0.031509,0.023252,-0.488353,-0.039478,0.017899,-0.578924,-0.057797,0.008723,-0.651899,-0.072627,-0.023383,-0.308895,-0.037869,-0.053662,-0.441467,-0.072342,-0.077798,-0.519348,-0.11125,-0.103094,-0.585928,-0.13509,-0.061884,-0.250854,-0.044513,-0.044375,-0.28797,-0.085439,-0.014671,-0.23755,-0.105953,0.001953,-0.184713,-0.116711,W
0.0,0.0,1e-06,0.065209,-0.052194,-0.032677,0.088137,-0.157583,-0.04077,0.044658,-0.236724,-0.044781,-0.010296,-0.286327,-0.049714,0.083684,-0.32606,-0.029008,0.11323,-0.454362,-0.039259,0.125859,-0.532198,-0.047507,0.133591,-0.603922,-0.055561,0.026664,-0.339149,-0.032314,0.022969,-0.490321,-0.040488,0.017608,-0.580261,-0.059077,0.007957,-0.652339,-0.074157,-0.023371,-0.30996,-0.038805,-0.054269,-0.442975,-0.072872,-0.077781,-0.520826,-0.111893,-0.102618,-0.586204,-0.135946,-0.061254,-0.251102,-0.045641,-0.044521,-0.286225,-0.085864,-0.014899,-0.237407,-0.106682,0.001875,-0.185878,-0.117834,W
0.0,0.0,1e-06,0.066869,-0.055619,-0.030898,0.09086,-0.161852,-0.038563,0.045507,-0.23875,-0.042977,-0.012506,-0.283964,-0.048481,0.086135,-0.332231,-0.025315,0.115154,-0.460527,-0.035436,0.126661,-0.538222,-0.043944,0.133157,-0.60954,-0.052226,0.027704,-0.344437,-0.029904,0.023449,-0.495662,-0.03842,0.017352,-0.58531,-0.057993,0.006795,-0.65706,-0.073844,-0.023156,-0.314341,-0.037756,-0.05429,-0.445051,-0.072267,-0.077144,-0.523093,-0.112539,-0.101559,-0.588189,-0.137376,-0.061076,-0.254487,-0.045869,-0.043785,-0.287937,-0.08583,-0.013588,-0.238587,-0.107255,0.004374,-0.18591,-0.119032,W
0.0,0.0,1e-06,0.066671,-0.053624,-0.034622,0.090897,-0.157577,-0.043703,0.048543,-0.234703,-0.048685,-0.006554,-0.282254,-0.054738,0.085546,-0.329126,-0.030281,0.115518,-0.457553,-0.041802,0.127554,-0.535407,-0.051102,0.134504,-0.607581,-0.05976,0.028135,-0.340909,-0.03331,0.022872,-0.492578,-0.042928,0.015597,-0.583258,-0.062822,0.004416,-0.656588,-0.078829,-0.022189,-0.31196,-0.039835,-0.05266,-0.442657,-0.075262,-0.076523,-0.522293,-0.115831,-0.101853,-0.589349,-0.140799,-0.059943,-0.253393,-0.046944,-0.042742,-0.284762,-0.088432,-0.012995,-0.234657,-0.110531,0.003849,-0.18207,-0.122465,W
0.0,0.0,1e-06,0.06655,-0.052755,-0.032726,0.08998,-0.159533,-0.040231,0.046257,-0.239059,-0.043731,-0.010389,-0.287303,-0.048147,0.08527,-0.331038,-0.026614,0.114156,-0.459636,-0.036261,0.12569,-0.5382,-0.044421,0.132221,-0.610497,-0.052541,0.027483,-0.342607,-0.0299,0.022595,-0.493798,-0.037959,0.016089,-0.583852,-0.057104,0.005442,-0.655764,-0.072647,-0.022927,-0.312251,-0.036557,-0.054619,-0.444396,-0.071224,-0.0788,-0.521984,-0.111291,-0.104003,-0.587462,-0.135939,-0.060641,-0.25237,-0.043529,-0.043911,-0.289115,-0.084235,-0.013501,-0.239787,-0.105633,0.004509,-0.187394,-0.11722,W
0.0,0.0,1e-06,0.066554,-0.056729,-0.032698,0.08992,-0.160238,-0.041553,0.045664,-0.237462,-0.046855,-0.0118,-0.283856,-0.053135,0.084652,-0.332709,-0.026852,0.114068,-0.461461,-0.03758,0.125079,-0.539874,-0.046601,0.131007,-0.61205,-0.055383,0.026456,-0.344649,-0.030509,0.019947,-0.49666,-0.039687,0.011844,-0.587313,-0.059876,0.000306,-0.660679,-0.076429,-0.023595,-0.315062,-0.037597,-0.055265,-0.444772,-0.071732,-0.079106,-0.525426,-0.112448,-0.103424,-0.593043,-0.138003,-0.059725,-0.255619,-0.04519,-0.043984,-0.287241,-0.084681,-0.013216,-0.241597,-0.10696,0.00656,-0.192301,-0.119645,W
0.0,0.0,1e-06,0.068248,-0.054658,-0.035084,0.090881,-0.159049,-0.043923,0.047289,-0.235049,-0.048418,-0.0087,-0.280449,-0.05397,0.084747,-0.329596,-0.031003,0.114391,-0.458584,-0.042788,0.125346,-0.537617,-0.052164,0.131511,-0.610649,-0.060912,0.026884,-0.340531,-0.033903,0.019584,-0.492456,-0.043245,0.010913,-0.58375,-0.063086,-0.000389,-0.657494,-0.079358,-0.023856,-0.311552,-0.040469,-0.055937,-0.442225,-0.075721,-0.0818,-0.522845,-0.117089,-0.107526,-0.591219,-0.142786,-0.060891,-0.252179,-0.047679,-0.046203,-0.28376,-0.088519,-0.015963,-0.235737,-0.111232,0.002282,-0.184563,-0.123952,W
0.0,0.0,1e-06,0.066854,-0.059125,-0.031696,0.08957,-0.163863,-0.039773,0.043382,-0.241079,-0.04456,-0.015518,-0.286322,-0.0504,0.084507,-0.333493,-0.024054,0.112414,-0.462694,-0.033782,0.12309,-0.541155,-0.042516,0.12949,-0.613619,-0.051351,0.026097,-0.345387,-0.028421,0.019553,-0.497395,-0.036379,0.011233,-0.587589,-0.056263,0.000176,-0.660197,-0.072708,-0.0243,-0.315718,-0.036258,-0.058737,-0.447342,-0.069532,-0.083235,-0.527954,-0.109631,-0.107178,-0.5956,-0.134998,-0.06126,-0.255793,-0.044616,-0.05024,-0.292691,-0.083186,-0.020932,-0.245394,-0.104031,-0.001612,-0.192964,-0.115847,W
0.0,0.0,1e-06,0.066682,-0.055702,-0.031327,0.089157,-0.162574,-0.03819,0.043796,-0.240113,-0.04138,-0.014156,-0.285115,-0.045473,0.083255,-0.331517,-0.024138,0.111068,-0.46064,-0.033099,0.122157,-0.538078,-0.041162,0.128845,-0.609566,-0.049357,0.025235,-0.342914,-0.027902,0.020471,-0.493412,-0.034941,0.014205,-0.583546,-0.054077,0.003662,-0.655167,-0.069954,-0.025111,-0.312494,-0.034985,-0.057765,-0.445963,-0.067997,-0.082261,-0.52364,-0.107738,-0.107868,-0.587783,-0.132649,-0.062464,-0.25222,-0.04239,-0.047524,-0.291409,-0.081471,-0.017761,-0.242881,-0.102236,-0.00028,-0.189569,-0.11373,W
0.0,0.0,1e-06,0.067303,-0.054101,-0.031785,0.089969,-0.159956,-0.039202,0.045745,-0.237602,-0.042852,-0.01162,-0.28297,-0.047364,0.083705,-0.328523,-0.026039,0.112137,-0.45789,-0.035811,0.123083,-0.536847,-0.044178,0.129267,-0.608906,-0.052449,0.025692,-0.340083,-0.029547,0.020024,-0.491905,-0.037411,0.013301,-0.582571,-0.056613,0.003212,-0.654441,-0.07242,-0.024396,-0.310243,-0.036302,-0.056843,-0.441702,-0.069424,-0.081164,-0.519293,-0.10848,-0.10548,-0.583915,-0.132734,-0.061267,-0.25061,-0.043447,-0.04661,-0.291055,-0.0818,-0.016134,-0.245118,-0.102,0.003109,-0.193989,-0.113118,W
0.0,0.0,1e-06,0.065771,-0.056168,-0.031089,0.087783,-0.16166,-0.038528,0.04391,-0.23738,-0.042356,-0.012649,-0.282456,-0.047052,0.082666,-0.328097,-0.025773,0.110695,-0.45598,-0.035581,0.122123,-0.533773,-0.044181,0.128926,-0.605616,-0.052724,0.024937,-0.339486,-0.029778,0.019849,-0.489462,-0.037733,0.013195,-0.579351,-0.057115,0.003108,-0.651041,-0.073118,-0.025021,-0.309354,-0.036967,-0.05696,-0.440876,-0.069869,-0.080991,-0.518696,-0.10876,-0.105065,-0.583238,-0.133047,-0.062025,-0.249662,-0.044482,-0.046234,-0.291651,-0.082428,-0.015421,-0.247436,-0.102329,0.004295,-0.197388,-0.113364,W
0.0,0.0,1e-06,0.065316,-0.049525,-0.034023,0.087288,-0.154886,-0.04186,0.045338,-0.233584,-0.045092,-0.008482,-0.283911,-0.048801,0.083003,-0.321133,-0.028957,0.111022,-0.449186,-0.038823,0.122712,-0.525692,-0.046389,0.12967,-0.59644,-0.053933,0.026227,-0.333021,-0.031049,0.020663,-0.48204,-0.039206,0.014318,-0.569811,-0.057186,0.004439,-0.639991,-0.071793,-0.023415,-0.30477,-0.036666,-0.055744,-0.436519,-0.071094,-0.081486,-0.512252,-0.109512,-0.107399,-0.576452,-0.132882,-0.060365,-0.247355,-0.042694,-0.043604,-0.28722,-0.082864,-0.013024,-0.24046,-0.10333,0.005108,-0.190829,-0.114198,W
0.0,0.0,1e-06,0.065506,-0.055953,-0.031681,0.086756,-0.162843,-0.038364,0.042045,-0.239878,-0.040725,-0.015432,-0.284925,-0.043762,0.080156,-0.322952,-0.026257,0.108761,-0.451146,-0.034859,0.118914,-0.528237,-0.042106,0.125349,-0.599452,-0.049677,0.022424,-0.333627,-0.029288,0.016446,-0.482319,-0.035675,0.010132,-0.569442,-0.053641,0.001445,-0.640121,-0.068732,-0.027721,-0.304925,-0.035559,-0.060956,-0.438052,-0.067681,-0.085005,-0.515048,-0.105531,-0.108146,-0.58212,-0.129173,-0.064089,-0.246981,-0.04213,-0.051435,-0.292538,-0.078966,-0.022219,-0.246069,-0.097174,-0.004643,-0.195559,-0.107134,W
0.0,0.0,1e-06,0.065979,-0.056008,-0.03233,0.088477,-0.162558,-0.039309,0.043985,-0.238925,-0.04204,-0.014179,-0.283335,-0.045287,0.083243,-0.322432,-0.024733,0.111513,-0.449955,-0.033887,0.122013,-0.526883,-0.041706,0.128142,-0.597682,-0.049657,0.025714,-0.334043,-0.027778,0.020248,-0.48359,-0.035079,0.01354,-0.570446,-0.053601,0.003786,-0.640393,-0.068792,-0.024288,-0.306271,-0.034358,-0.057025,-0.43856,-0.067256,-0.080914,-0.515186,-0.105511,-0.104506,-0.580987,-0.129108,-0.060578,-0.249134,-0.041388,-0.046822,-0.291133,-0.079066,-0.017895,-0.244374,-0.098091,-0.000893,-0.194169,-0.108418,W
0.0,0.0,1e-06,0.066886,-0.053792,-0.03435,0.088837,-0.157369,-0.043024,0.046619,-0.232874,-0.04736,-0.008789,-0.277752,-0.052512,0.083145,-0.323609,-0.029296,0.112474,-0.449532,-0.040411,0.123174,-0.526837,-0.049629,0.128896,-0.598099,-0.058368,0.026449,-0.335594,-0.031813,0.019699,-0.483803,-0.040546,0.011529,-0.571489,-0.059734,0.000683,-0.642106,-0.075568,-0.023207,-0.307696,-0.037907,-0.056179,-0.437623,-0.071597,-0.082734,-0.515403,-0.110453,-0.108534,-0.580405,-0.134523,-0.059794,-0.249467,-0.044656,-0.045205,-0.287358,-0.083636,-0.014809,-0.242329,-0.104119,0.004113,-0.192424,-0.115276,W
0.0,0.0,1e-06,0.064649,-0.057106,-0.032199,0.08441,-0.165095,-0.039426,0.038945,-0.239139,-0.042285,-0.019291,-0.282639,-0.045814,0.078446,-0.323699,-0.026421,0.105711,-0.451729,-0.035546,0.116121,-0.528407,-0.043307,0.122832,-0.599563,-0.051257,0.020968,-0.334758,-0.029381,0.014389,-0.48326,-0.036346,0.007695,-0.570334,-0.054598,-0.001497,-0.641499,-0.069757,-0.02865,-0.306175,-0.035667,-0.062355,-0.438046,-0.067862,-0.086471,-0.514103,-0.105789,-0.110359,-0.580128,-0.129572,-0.063931,-0.248085,-0.042409,-0.050394,-0.29017,-0.079924,-0.020484,-0.242846,-0.098748,-0.0025,-0.191919,-0.109032,W
0.0,0.0,1e-06,0.065752,-0.055967,-0.032492,0.086748,-0.160273,-0.040562,0.042735,-0.234236,-0.044591,-0.013593,-0.277661,-0.049704,0.080198,-0.321903,-0.028001,0.108726,-0.448099,-0.039157,0.118611,-0.525712,-0.048231,0.123526,-0.596585,-0.056782,0.023185,-0.332295,-0.031439,0.014747,-0.480356,-0.040554,0.004895,-0.566998,-0.059984,-0.007015,-0.636467,-0.075797,-0.026621,-0.303684,-0.038281,-0.060046,-0.433574,-0.072283,-0.086129,-0.510588,-0.111318,-0.111484,-0.575768,-0.135493,-0.063065,-0.245451,-0.045534,-0.049179,-0.283906,-0.084512,-0.018935,-0.237454,-0.104702,-0.000139,-0.186828,-0.115672,W
0.0,0.0,1e-06,0.064551,-0.058407,-0.03135,0.084965,-0.166051,-0.038383,0.038861,-0.241418,-0.041305,-0.018552,-0.286656,-0.045077,0.078341,-0.32245,-0.026585,0.105525,-0.450238,-0.036151,0.115546,-0.526997,-0.044331,0.121887,-0.598116,-0.052507,0.020485,-0.332473,-0.030035,0.014273,-0.480769,-0.037265,0.007306,-0.569007,-0.055881,-0.002348,-0.640165,-0.071489,-0.029544,-0.302975,-0.03667,-0.062111,-0.43512,-0.068683,-0.085815,-0.511262,-0.106648,-0.109547,-0.57643,-0.130752,-0.065756,-0.244507,-0.043675,-0.051974,-0.288258,-0.080962,-0.021858,-0.24224,-0.099799,-0.003598,-0.191283,-0.110294,W
0.0,0.0,1e-06,0.06556,-0.057036,-0.032959,0.085782,-0.162975,-0.040355,0.041678,-0.237173,-0.043334,-0.014431,-0.281668,-0.047002,0.079319,-0.323434,-0.027555,0.107604,-0.450536,-0.037873,0.117627,-0.527599,-0.046332,0.123416,-0.598664,-0.054424,0.022391,-0.333649,-0.030638,0.015059,-0.482643,-0.038198,0.006342,-0.569908,-0.056744,-0.00461,-0.640376,-0.072117,-0.027454,-0.305003,-0.037293,-0.059814,-0.435372,-0.07081,-0.084663,-0.51192,-0.110014,-0.109081,-0.578076,-0.134288,-0.063675,-0.246553,-0.044386,-0.04802,-0.289009,-0.082931,-0.017072,-0.242201,-0.102656,0.001378,-0.190566,-0.113374,W
0.0,0.0,1e-06,0.06503,-0.056221,-0.032871,0.085761,-0.163441,-0.039886,0.041243,-0.240574,-0.042232,-0.014539,-0.286285,-0.045396,0.078422,-0.318668,-0.027698,0.106813,-0.445304,-0.037268,0.116516,-0.522506,-0.045152,0.122577,-0.593593,-0.053025,0.021684,-0.329126,-0.029966,0.014082,-0.47694,-0.037144,0.00579,-0.563037,-0.055394,-0.004645,-0.632731,-0.070642,-0.027896,-0.301667,-0.035594,-0.06016,-0.432888,-0.068695,-0.08432,-0.508324,-0.107096,-0.108585,-0.574047,-0.130932,-0.064085,-0.245376,-0.041561,-0.04946,-0.288759,-0.079986,-0.020142,-0.240809,-0.099315,-0.003581,-0.189384,-0.109742,W
0.0,0.0,-0.0,-0.061629,-0.070782,-0.047817,-0.0683,-0.190509,-0.049397,-0.008199,-0.277491,-0.040173,0.048938,-0.332756,-0.030532,-0.087295,-0.330777,-0.018064,-0.120348,-0.465063,-0.027981,-0.134464,-0.547843,-0.038219,-0.140611,-0.620558,-0.048124,-0.031589,-0.33621,-0.012226,-0.029266,-0.491351,-0.01539,-0.023309,-0.577463,-0.024401,-0.012717,-0.648058,-0.031441,0.017126,-0.310883,-0.013873,0.05003,-0.433563,-0.044269,0.069296,-0.52082,-0.078883,0.093432,-0.606576,-0.102555,0.059218,-0.251834,-0.017644,0.04982,-0.296011,-0.056955,0.025605,-0.247083,-0.068667,0.010689,-0.194015,-0.074028,W
0.0,0.0,-0.0,-0.061588,-0.070106,-0.047387,-0.068525,-0.189044,-0.049397,-0.008943,-0.276183,-0.040807,0.048933,-0.331741,-0.031749,-0.086597,-0.331402,-0.018524,-0.118803,-0.467459,-0.028665,-0.133228,-0.550519,-0.038548,-0.139745,-0.622772,-0.048189,-0.0305,-0.336924,-0.012759,-0.027073,-0.493118,-0.016828,-0.021519,-0.579026,-0.025549,-0.011674,-0.649173,-0.032188,0.018639,-0.311225,-0.014341,0.052483,-0.435055,-0.045176,0.071248,-0.522058,-0.078755,0.09522,-0.607201,-0.101621,0.060251,-0.251412,-0.017974,0.049797,-0.296186,-0.05716,0.024952,-0.247546,-0.068255,0.010377,-0.194209,-0.073211,W
0.0,0.0,-0.0,-0.062221,-0.069376,-0.048271,-0.067588,-0.188381,-0.050373,-0.007858,-0.275495,-0.041411,0.049394,-0.33165,-0.031834,-0.08601,-0.329837,-0.020962,-0.117566,-0.464653,-0.03112,-0.132751,-0.547252,-0.040765,-0.139158,-0.619466,-0.050206,-0.030258,-0.336404,-0.014479,-0.026125,-0.492514,-0.01824,-0.020398,-0.578144,-0.02611,-0.010183,-0.648269,-0.032169,0.018917,-0.311443,-0.015307,0.053815,-0.435527,-0.046155,0.073071,-0.521862,-0.079509,0.096922,-0.606663,-0.102105,0.060397,-0.251906,-0.018214,0.050896,-0.296178,-0.056797,0.025129,-0.24768,-0.067558,0.008975,-0.194334,-0.072395,W
0.0,0.0,-0.0,-0.062362,-0.069976,-0.048611,-0.068224,-0.189339,-0.050983,-0.007898,-0.276611,-0.042274,0.050082,-0.331686,-0.032969,-0.084548,-0.329138,-0.021358,-0.116919,-0.464064,-0.031592,-0.132351,-0.546796,-0.041353,-0.138524,-0.618878,-0.050887,-0.029128,-0.33522,-0.014693,-0.024816,-0.491608,-0.01855,-0.019005,-0.577491,-0.026404,-0.00859,-0.647231,-0.032506,0.019676,-0.310033,-0.015349,0.054897,-0.434888,-0.046293,0.073876,-0.521547,-0.079695,0.097745,-0.605863,-0.102299,0.060832,-0.25025,-0.018118,0.05171,-0.296569,-0.057007,0.025586,-0.248837,-0.067983,0.0093,-0.195266,-0.072934,W
0.0,0.0,-0.0,-0.061801,-0.07008,-0.048493,-0.067244,-0.188929,-0.051461,-0.007259,-0.276469,-0.043534,0.050856,-0.332002,-0.035222,-0.085522,-0.328833,-0.021728,-0.117964,-0.463063,-0.032387,-0.133337,-0.545588,-0.042517,-0.139834,-0.617469,-0.052339,-0.029811,-0.335024,-0.015186,-0.025618,-0.490731,-0.019735,-0.019673,-0.576618,-0.028228,-0.009412,-0.646713,-0.034707,0.019493,-0.309601,-0.015828,0.054456,-0.433744,-0.046832,0.073228,-0.520026,-0.080174,0.096859,-0.604163,-0.102826,0.061018,-0.249813,-0.018542,0.050721,-0.294043,-0.057647,0.024886,-0.24641,-0.068851,0.009562,-0.193757,-0.073905,W
0.0,0.0,-0.0,-0.060869,-0.069698,-0.049567,-0.066207,-0.188921,-0.051506,-0.006256,-0.276584,-0.042119,0.0513,-0.330472,-0.031938,-0.083742,-0.330375,-0.022269,-0.116476,-0.464208,-0.032997,-0.13357,-0.546373,-0.043196,-0.140302,-0.61666,-0.05275,-0.028166,-0.335604,-0.014642,-0.023452,-0.492121,-0.017961,-0.018051,-0.577707,-0.02499,-0.00803,-0.646546,-0.030497,0.0213,-0.310245,-0.014537,0.055676,-0.434951,-0.044883,0.074155,-0.520793,-0.077762,0.097652,-0.604006,-0.099941,0.062225,-0.2503,-0.016748,0.052846,-0.294738,-0.054835,0.028214,-0.247398,-0.065771,0.012989,-0.193744,-0.070707,W
0.0,0.0,-0.0,-0.062182,-0.070671,-0.049071,-0.067662,-0.189791,-0.051631,-0.007127,-0.277247,-0.042926,0.050114,-0.332035,-0.033555,-0.085701,-0.32855,-0.022038,-0.118495,-0.463513,-0.032721,-0.134888,-0.546759,-0.042792,-0.141706,-0.618605,-0.052354,-0.030213,-0.334072,-0.014981,-0.025926,-0.490373,-0.018291,-0.020257,-0.575877,-0.025601,-0.00977,-0.645313,-0.031342,0.019026,-0.308838,-0.015315,0.053699,-0.434015,-0.04555,0.072344,-0.520482,-0.078404,0.096063,-0.604911,-0.100743,0.060594,-0.248865,-0.017881,0.050491,-0.294317,-0.056261,0.024862,-0.246992,-0.066995,0.009155,-0.194083,-0.071789,W
0.0,0.0,-0.0,-0.060945,-0.068368,-0.0487,-0.067347,-0.186196,-0.052105,-0.008054,-0.274547,-0.044574,0.049482,-0.331054,-0.036464,-0.08516,-0.327794,-0.022924,-0.117906,-0.46228,-0.034116,-0.13386,-0.544824,-0.044462,-0.140518,-0.616018,-0.054305,-0.029359,-0.333804,-0.01626,-0.025201,-0.489811,-0.02038,-0.019799,-0.5752,-0.028095,-0.010038,-0.644514,-0.034192,0.020109,-0.308368,-0.016823,0.054862,-0.433801,-0.047295,0.073273,-0.519889,-0.079774,0.09629,-0.603521,-0.102027,0.061577,-0.248234,-0.019558,0.051377,-0.293635,-0.05826,0.025893,-0.246868,-0.069146,0.010237,-0.194398,-0.074102,W
0.0,0.0,-0.0,-0.060316,-0.06939,-0.048007,-0.065807,-0.18834,-0.049724,-0.006621,-0.275497,-0.040443,0.050396,-0.329163,-0.030498,-0.084761,-0.328314,-0.021383,-0.11747,-0.461636,-0.031779,-0.134024,-0.543468,-0.04174,-0.140615,-0.614256,-0.051192,-0.029209,-0.334026,-0.014743,-0.024545,-0.489108,-0.017909,-0.018555,-0.574267,-0.025134,-0.008054,-0.643581,-0.030798,0.020068,-0.30869,-0.015405,0.055043,-0.432432,-0.045475,0.073743,-0.517922,-0.078272,0.096761,-0.601822,-0.10039,0.061215,-0.248665,-0.018155,0.053093,-0.2954,-0.055745,0.028054,-0.249439,-0.065942,0.011729,-0.197573,-0.07036,W
0.0,0.0,-0.0,-0.060879,-0.070237,-0.049015,-0.066566,-0.188726,-0.050897,-0.007053,-0.276149,-0.041544,0.049772,-0.330754,-0.031491,-0.085146,-0.32878,-0.02107,-0.11824,-0.462364,-0.031262,-0.134476,-0.544678,-0.041314,-0.141257,-0.616104,-0.050934,-0.029746,-0.334529,-0.013831,-0.025407,-0.489167,-0.017335,-0.019424,-0.574669,-0.025441,-0.009164,-0.644624,-0.03177,0.019121,-0.309712,-0.013966,0.053311,-0.432638,-0.044287,0.072368,-0.518122,-0.07781,0.095609,-0.602051,-0.100438,0.06026,-0.250713,-0.016268,0.05155,-0.297198,-0.054462,0.027025,-0.250783,-0.065324,0.011028,-0.198605,-0.070098,W
0.0,0.0,-0.0,-0.060547,-0.069049,-0.046463,-0.06668,-0.188386,-0.048293,-0.007308,-0.275344,-0.039479,0.050164,-0.329611,-0.030392,-0.085187,-0.327118,-0.020986,-0.11775,-0.460719,-0.030673,-0.133441,-0.542788,-0.040357,-0.139678,-0.614255,-0.049935,-0.029975,-0.332836,-0.015134,-0.025719,-0.487669,-0.018186,-0.019645,-0.573395,-0.02621,-0.009246,-0.643524,-0.032778,0.019001,-0.307262,-0.016218,0.053817,-0.431177,-0.046166,0.0728,-0.516716,-0.079407,0.095836,-0.600396,-0.102108,0.060824,-0.247373,-0.019128,0.053295,-0.29556,-0.056781,0.027372,-0.249338,-0.067104,0.01009,-0.197432,-0.071779,W
0.0,0.0,-0.0,-0.059627,-0.069937,-0.044293,-0.065691,-0.190065,-0.044103,-0.006999,-0.276335,-0.033687,0.049588,-0.329035,-0.022855,-0.081737,-0.325842,-0.017177,-0.112828,-0.457961,-0.025875,-0.128089,-0.539469,-0.03514,-0.133661,-0.610229,-0.044295,-0.027393,-0.330076,-0.011959,-0.021703,-0.483115,-0.013722,-0.014775,-0.56841,-0.02089,-0.003699,-0.638589,-0.02683,0.020576,-0.304373,-0.013827,0.0565,-0.427571,-0.042676,0.075974,-0.511777,-0.075253,0.098657,-0.594501,-0.097217,0.061658,-0.244641,-0.017544,0.057177,-0.295293,-0.053842,0.030967,-0.250488,-0.063427,0.011446,-0.198781,-0.067512,W
0.0,0.0,-0.0,-0.059622,-0.068853,-0.044022,-0.065475,-0.18831,-0.044944,-0.007081,-0.274106,-0.035832,0.049929,-0.32745,-0.026534,-0.082195,-0.323956,-0.018759,-0.113829,-0.456118,-0.028227,-0.12874,-0.537317,-0.037824,-0.134537,-0.608349,-0.047234,-0.028142,-0.328891,-0.014029,-0.022394,-0.481691,-0.01706,-0.015265,-0.566863,-0.024864,-0.004415,-0.636982,-0.031138,0.019827,-0.30345,-0.016142,0.056164,-0.425862,-0.045722,0.07598,-0.51011,-0.078126,0.099009,-0.59254,-0.099957,0.061166,-0.244149,-0.019975,0.056336,-0.294456,-0.056617,0.029708,-0.249294,-0.065899,0.010488,-0.197591,-0.069772,W
0.0,0.0,-0.0,-0.058973,-0.069461,-0.045256,-0.064923,-0.188361,-0.045853,-0.006283,-0.273891,-0.035946,0.050003,-0.327019,-0.025465,-0.081229,-0.325933,-0.018777,-0.113037,-0.458179,-0.028215,-0.128663,-0.539662,-0.037924,-0.134524,-0.610478,-0.047235,-0.027126,-0.329849,-0.01316,-0.021654,-0.48287,-0.015616,-0.014734,-0.567444,-0.022867,-0.003548,-0.63717,-0.028688,0.020517,-0.303812,-0.014634,0.056343,-0.426005,-0.043854,0.075918,-0.510064,-0.075965,0.099042,-0.592906,-0.097418,0.061406,-0.243618,-0.018024,0.057186,-0.294207,-0.054113,0.030766,-0.249435,-0.06302,0.011433,-0.197793,-0.06653,W
0.0,0.0,-0.0,-0.059101,-0.070406,-0.046046,-0.064844,-0.18969,-0.04611,-0.006815,-0.27591,-0.03541,0.049099,-0.328739,-0.023949,-0.081887,-0.326415,-0.018046,-0.113904,-0.459089,-0.027281,-0.130596,-0.540704,-0.036773,-0.136877,-0.610965,-0.045737,-0.027647,-0.330456,-0.011528,-0.02254,-0.483033,-0.013547,-0.016067,-0.567612,-0.020326,-0.005081,-0.637098,-0.025616,0.020669,-0.304918,-0.012286,0.056473,-0.427027,-0.041422,0.075775,-0.511218,-0.073353,0.098802,-0.594232,-0.094356,0.061894,-0.245228,-0.015032,0.057045,-0.296134,-0.051052,0.0303,-0.251047,-0.059781,0.010572,-0.198834,-0.062884,W
0.0,0.0,-0.0,-0.060272,-0.069783,-0.043717,-0.066868,-0.188941,-0.044885,-0.008699,-0.276012,-0.035993,0.049013,-0.327739,-0.02694,-0.084217,-0.323533,-0.017862,-0.116174,-0.455443,-0.026878,-0.130948,-0.536253,-0.036077,-0.137204,-0.607275,-0.045231,-0.03001,-0.328676,-0.013117,-0.025252,-0.482156,-0.016331,-0.018239,-0.5677,-0.024402,-0.007471,-0.638111,-0.030649,0.018415,-0.303189,-0.015027,0.053174,-0.425556,-0.045059,0.073008,-0.511188,-0.077894,0.096456,-0.594615,-0.099801,0.060053,-0.244149,-0.018458,0.052602,-0.294473,-0.055553,0.026896,-0.248713,-0.064974,0.00951,-0.196551,-0.068757,W
0.0,0.0,-0.0,-0.059711,-0.07067,-0.046175,-0.065996,-0.18934,-0.047578,-0.007245,-0.275746,-0.038369,0.050563,-0.326433,-0.028514,-0.082634,-0.324132,-0.018773,-0.11427,-0.456138,-0.028,-0.130059,-0.53706,-0.037228,-0.136566,-0.607018,-0.046251,-0.028623,-0.328355,-0.012614,-0.023143,-0.481683,-0.014943,-0.01648,-0.566324,-0.021964,-0.005572,-0.635067,-0.027631,0.01936,-0.302503,-0.01359,0.054451,-0.42453,-0.043104,0.074193,-0.510776,-0.076183,0.098082,-0.593946,-0.098519,0.059951,-0.243025,-0.016482,0.051848,-0.290029,-0.053978,0.026666,-0.244656,-0.06469,0.010047,-0.192395,-0.069502,W
0.0,0.0,-0.0,-0.059399,-0.069593,-0.046702,-0.066016,-0.188921,-0.04848,-0.007846,-0.27642,-0.039269,0.049795,-0.328332,-0.029394,-0.082627,-0.323876,-0.020656,-0.114879,-0.456599,-0.030643,-0.131571,-0.537698,-0.040243,-0.138554,-0.607755,-0.049465,-0.028427,-0.327994,-0.014285,-0.023321,-0.481375,-0.017627,-0.017336,-0.56621,-0.025051,-0.006935,-0.635071,-0.030713,0.020015,-0.301726,-0.014916,0.054837,-0.424167,-0.04541,0.073702,-0.510728,-0.078337,0.097295,-0.594954,-0.100279,0.061,-0.241496,-0.017365,0.051244,-0.289123,-0.055635,0.024737,-0.24385,-0.066029,0.007438,-0.19233,-0.070366,W
0.0,0.0,-0.0,-0.05892,-0.071229,-0.046017,-0.065117,-0.190384,-0.04774,-0.006775,-0.2769,-0.038976,0.051151,-0.327947,-0.029695,-0.082532,-0.324255,-0.018972,-0.114609,-0.456683,-0.028907,-0.130748,-0.53786,-0.038603,-0.137338,-0.607691,-0.047908,-0.028267,-0.328261,-0.012967,-0.023084,-0.481481,-0.016105,-0.016803,-0.566183,-0.023563,-0.006096,-0.634618,-0.029351,0.02019,-0.302071,-0.014023,0.054979,-0.424056,-0.044036,0.074136,-0.510348,-0.076891,0.09798,-0.593546,-0.098991,0.060956,-0.242413,-0.016936,0.050815,-0.288747,-0.054834,0.024695,-0.24384,-0.065414,0.008102,-0.19258,-0.070038,W
0.0,0.0,-0.0,-0.058538,-0.070947,-0.046431,-0.064641,-0.188558,-0.047865,-0.006388,-0.274279,-0.038568,0.051014,-0.325094,-0.028666,-0.081488,-0.323647,-0.019271,-0.113418,-0.455945,-0.029013,-0.130125,-0.536687,-0.038714,-0.136652,-0.606187,-0.047986,-0.027153,-0.327637,-0.012844,-0.022043,-0.479932,-0.015848,-0.015792,-0.564303,-0.023509,-0.005101,-0.63275,-0.029483,0.021046,-0.301522,-0.013515,0.056764,-0.423828,-0.043768,0.076099,-0.509113,-0.077164,0.099634,-0.592155,-0.099439,0.061325,-0.241687,-0.015974,0.053374,-0.290315,-0.053833,0.028494,-0.24577,-0.064469,0.011902,-0.194704,-0.069014,W
0.0,0.0,-0.0,-0.05876,-0.070615,-0.046996,-0.064297,-0.188207,-0.048307,-0.006764,-0.273733,-0.038692,0.050191,-0.324307,-0.028286,-0.081256,-0.32435,-0.020501,-0.112188,-0.457055,-0.031142,-0.129044,-0.53797,-0.041179,-0.135241,-0.607023,-0.050275,-0.02647,-0.328228,-0.013488,-0.021013,-0.481381,-0.016116,-0.015285,-0.565042,-0.022533,-0.004596,-0.632764,-0.02739,0.02242,-0.302208,-0.01372,0.057545,-0.425061,-0.043086,0.076076,-0.509416,-0.074651,0.099228,-0.591759,-0.095494,0.062994,-0.24179,-0.015995,0.055007,-0.29002,-0.052274,0.028486,-0.245135,-0.06124,0.010148,-0.193214,-0.064539,W
0.0,0.0,-0.0,-0.057839,-0.071084,-0.044021,-0.06325,-0.188577,-0.043685,-0.00596,-0.272385,-0.033105,0.049019,-0.324861,-0.022024,-0.081368,-0.320529,-0.01603,-0.112294,-0.450734,-0.02487,-0.127464,-0.531389,-0.034345,-0.133028,-0.601891,-0.04357,-0.027896,-0.323867,-0.010733,-0.022402,-0.474212,-0.013607,-0.015345,-0.558348,-0.021785,-0.003866,-0.627917,-0.028159,0.01893,-0.298646,-0.012509,0.054955,-0.419791,-0.042086,0.073888,-0.502519,-0.074769,0.096282,-0.584798,-0.096332,0.059257,-0.240304,-0.016066,0.055643,-0.292757,-0.052152,0.028824,-0.248878,-0.061198,0.00849,-0.198783,-0.064682,W
0.0,0.0,-0.0,-0.058665,-0.07022,-0.044414,-0.063736,-0.186983,-0.044255,-0.005385,-0.270575,-0.03385,0.050825,-0.321653,-0.023055,-0.079041,-0.321499,-0.016863,-0.110849,-0.451078,-0.026109,-0.127591,-0.530908,-0.035977,-0.133449,-0.599749,-0.045306,-0.02534,-0.324649,-0.011207,-0.019539,-0.475794,-0.01353,-0.013444,-0.560071,-0.020812,-0.002706,-0.629249,-0.026575,0.021635,-0.298729,-0.012664,0.058005,-0.420382,-0.041404,0.076153,-0.502804,-0.072933,0.098359,-0.583876,-0.093798,0.06087,-0.239438,-0.016043,0.056256,-0.291324,-0.051511,0.029572,-0.247745,-0.060023,0.010142,-0.197123,-0.063134,W
0.0,0.0,-0.0,-0.057081,-0.0698,-0.042552,-0.062673,-0.18724,-0.04289,-0.005702,-0.27042,-0.033363,0.050098,-0.321536,-0.023429,-0.07962,-0.31856,-0.016561,-0.109948,-0.447762,-0.025269,-0.124746,-0.527289,-0.034407,-0.130243,-0.596586,-0.043395,-0.026633,-0.321893,-0.011899,-0.020358,-0.471565,-0.01483,-0.012983,-0.555029,-0.022483,-0.001718,-0.623295,-0.0284,0.020573,-0.295695,-0.013921,0.056248,-0.415424,-0.04307,0.075688,-0.498147,-0.074741,0.098465,-0.578797,-0.09564,0.061295,-0.236414,-0.017542,0.056843,-0.288408,-0.053245,0.029309,-0.245444,-0.061804,0.009094,-0.195268,-0.06496,W
0.0,0.0,-0.0,-0.057651,-0.067698,-0.041746,-0.063908,-0.185573,-0.042126,-0.006482,-0.269594,-0.032878,0.049543,-0.319791,-0.023373,-0.080018,-0.316139,-0.015913,-0.109874,-0.445152,-0.024069,-0.124228,-0.523821,-0.032688,-0.129823,-0.592423,-0.041521,-0.027681,-0.31961,-0.011837,-0.021135,-0.46762,-0.015002,-0.01401,-0.550959,-0.02317,-0.003362,-0.619157,-0.029448,0.018925,-0.293981,-0.014321,0.054941,-0.413029,-0.043827,0.074244,-0.495734,-0.076147,0.096917,-0.576306,-0.097548,0.059324,-0.23578,-0.018231,0.054595,-0.287268,-0.054839,0.028356,-0.243556,-0.064387,0.010154,-0.193116,-0.068223,W
0.0,0.0,0.0,0.064961,-0.058201,-0.017368,0.102443,-0.195968,-0.035653,0.072679,-0.290576,-0.056465,0.025614,-0.338283,-0.073982,0.035689,-0.325771,-0.031242,0.019906,-0.44492,-0.071012,0.054494,-0.493384,-0.090368,0.083366,-0.507082,-0.101076,-0.015953,-0.312648,-0.047476,0.050427,-0.36246,-0.108439,0.086977,-0.256803,-0.119034,0.080048,-0.191058,-0.112016,-0.053172,-0.274634,-0.06705,0.025333,-0.290448,-0.126807,0.0495,-0.19241,-0.117079,0.029084,-0.158554,-0.097295,-0.081712,-0.219672,-0.08792,0.004229,-0.196091,-0.127227,0.018626,-0.132705,-0.119995,-0.009656,-0.123561,-0.107245,X
0.0,0.0,0.0,0.066096,-0.06275,-0.016519,0.10238,-0.201883,-0.036152,0.075006,-0.297944,-0.058722,0.027958,-0.346415,-0.077865,0.033908,-0.335389,-0.031616,0.016434,-0.454483,-0.073425,0.05245,-0.505185,-0.093728,0.082531,-0.518013,-0.104492,-0.019702,-0.320757,-0.048743,0.050306,-0.364835,-0.110489,0.085304,-0.25563,-0.119757,0.076191,-0.192847,-0.111532,-0.056843,-0.280388,-0.069389,0.024201,-0.292175,-0.130055,0.048808,-0.194413,-0.119288,0.026436,-0.16353,-0.098801,-0.085029,-0.222725,-0.091306,0.003186,-0.195383,-0.130702,0.01889,-0.13206,-0.122617,-0.010281,-0.1246,-0.109216,X
0.0,0.0,0.0,0.067385,-0.062772,-0.017772,0.10212,-0.202174,-0.037397,0.072588,-0.300047,-0.059484,0.026622,-0.352948,-0.078106,0.035236,-0.33229,-0.032924,0.018897,-0.451433,-0.074254,0.052827,-0.502494,-0.094546,0.081365,-0.518383,-0.105798,-0.017539,-0.31773,-0.049177,0.051056,-0.362735,-0.110295,0.08591,-0.255553,-0.119959,0.077494,-0.19319,-0.112605,-0.054905,-0.277283,-0.0689,0.023716,-0.289074,-0.129369,0.048126,-0.192131,-0.119025,0.026924,-0.16144,-0.099053,-0.083194,-0.220047,-0.08993,0.002432,-0.194476,-0.12985,0.018152,-0.132053,-0.122376,-0.010017,-0.12498,-0.109484,X
0.0,0.0,0.0,0.067209,-0.064878,-0.017357,0.102244,-0.206341,-0.035957,0.071871,-0.305238,-0.057153,0.026332,-0.358814,-0.074994,0.033771,-0.33195,-0.031925,0.017378,-0.451506,-0.072812,0.050051,-0.505033,-0.093181,0.078496,-0.526856,-0.105107,-0.02074,-0.31816,-0.048521,0.047639,-0.366155,-0.110105,0.083936,-0.258927,-0.120425,0.076345,-0.195402,-0.113485,-0.058063,-0.277071,-0.068523,0.021161,-0.290456,-0.129073,0.046799,-0.192908,-0.118917,0.025974,-0.161477,-0.09913,-0.085375,-0.219049,-0.089902,0.002,-0.192699,-0.129903,0.016454,-0.130345,-0.123179,-0.012892,-0.124233,-0.111054,X
0.0,0.0,0.0,0.067028,-0.064788,-0.01753,0.101049,-0.204109,-0.036288,0.070527,-0.300924,-0.057411,0.024167,-0.352243,-0.075264,0.031893,-0.331998,-0.032849,0.014441,-0.45089,-0.073998,0.046512,-0.504319,-0.094894,0.074892,-0.525363,-0.107087,-0.021164,-0.316983,-0.049564,0.047104,-0.365157,-0.110852,0.084677,-0.25879,-0.121031,0.078666,-0.194093,-0.11412,-0.058922,-0.27539,-0.069681,0.020694,-0.28722,-0.129643,0.046034,-0.19079,-0.119314,0.025719,-0.159109,-0.099533,-0.086851,-0.215819,-0.091206,-0.000638,-0.191518,-0.130486,0.015036,-0.130377,-0.122982,-0.013176,-0.123396,-0.110319,X
0.0,0.0,0.0,0.065807,-0.063901,-0.017408,0.099588,-0.205339,-0.036564,0.07041,-0.303208,-0.058356,0.022498,-0.353849,-0.076773,0.030676,-0.334144,-0.032025,0.012653,-0.454308,-0.073859,0.04659,-0.508335,-0.093742,0.07502,-0.52633,-0.104439,-0.022415,-0.318955,-0.048905,0.0459,-0.368308,-0.11102,0.08259,-0.258733,-0.119695,0.074944,-0.194952,-0.110847,-0.05992,-0.278031,-0.069472,0.020516,-0.290335,-0.131195,0.045603,-0.191695,-0.120277,0.023641,-0.160843,-0.09933,-0.088175,-0.219391,-0.091294,-0.000485,-0.194161,-0.131554,0.015158,-0.130945,-0.12363,-0.014483,-0.123668,-0.110235,X
0.0,0.0,0.0,0.066592,-0.06472,-0.018243,0.101243,-0.203783,-0.038523,0.072223,-0.300715,-0.061272,0.024635,-0.351335,-0.080576,0.0319,-0.333517,-0.03461,0.013266,-0.454602,-0.076782,0.046955,-0.507796,-0.097337,0.075925,-0.526895,-0.108858,-0.021854,-0.318282,-0.051407,0.046421,-0.367335,-0.11415,0.083148,-0.259351,-0.123635,0.075809,-0.196155,-0.115694,-0.059517,-0.27728,-0.071728,0.021033,-0.289387,-0.13345,0.046029,-0.191708,-0.122584,0.024324,-0.160843,-0.101979,-0.087443,-0.219039,-0.093478,0.00064,-0.191845,-0.134257,0.016306,-0.129247,-0.126917,-0.012905,-0.122925,-0.114013,X
0.0,0.0,0.0,0.067112,-0.064587,-0.0176,0.100955,-0.205267,-0.036771,0.070488,-0.304409,-0.058523,0.025078,-0.359515,-0.076837,0.032897,-0.331169,-0.03329,0.014482,-0.45341,-0.074457,0.047401,-0.505961,-0.094879,0.076311,-0.526229,-0.106783,-0.021249,-0.316985,-0.049888,0.046625,-0.365435,-0.112047,0.08443,-0.258427,-0.122579,0.078148,-0.193927,-0.11584,-0.059322,-0.275949,-0.069828,0.020236,-0.287639,-0.130465,0.045608,-0.190702,-0.120135,0.024643,-0.159267,-0.100311,-0.087557,-0.217903,-0.091182,-0.000213,-0.190559,-0.131334,0.015431,-0.129222,-0.124595,-0.013267,-0.12348,-0.112426,X
0.0,0.0,0.0,0.067502,-0.064222,-0.017058,0.102753,-0.203466,-0.035949,0.075656,-0.300919,-0.057502,0.030045,-0.353644,-0.07572,0.034893,-0.332214,-0.032941,0.016654,-0.453081,-0.073506,0.049459,-0.505115,-0.093741,0.077711,-0.525519,-0.105634,-0.018548,-0.318324,-0.049806,0.049285,-0.368269,-0.111001,0.086495,-0.262689,-0.12146,0.079722,-0.199428,-0.114933,-0.056549,-0.277772,-0.069893,0.022853,-0.290833,-0.130171,0.047823,-0.193972,-0.119997,0.02674,-0.162441,-0.10031,-0.084935,-0.220255,-0.091339,0.002038,-0.194074,-0.131663,0.017565,-0.132571,-0.124941,-0.010776,-0.126182,-0.112715,X
0.0,0.0,0.0,0.066609,-0.062343,-0.017378,0.101807,-0.201359,-0.036205,0.071901,-0.297371,-0.057666,0.025793,-0.348066,-0.075877,0.032564,-0.328369,-0.033507,0.014726,-0.451447,-0.074008,0.048151,-0.503875,-0.094201,0.0772,-0.523758,-0.105987,-0.020397,-0.313005,-0.050078,0.047343,-0.363633,-0.111867,0.085494,-0.257715,-0.122412,0.079065,-0.192399,-0.115739,-0.058071,-0.272026,-0.069887,0.02106,-0.288051,-0.129919,0.04705,-0.191179,-0.119551,0.02692,-0.157695,-0.099756,-0.08666,-0.214269,-0.091095,0.000191,-0.189549,-0.13092,0.016745,-0.128241,-0.124114,-0.010941,-0.120801,-0.111918,X
0.0,0.0,0.0,0.067388,-0.06307,-0.017746,0.103235,-0.202677,-0.036663,0.073151,-0.299308,-0.057848,0.026682,-0.34945,-0.075578,0.033259,-0.330339,-0.035161,0.016452,-0.455124,-0.075587,0.051039,-0.506914,-0.0951,0.080662,-0.526074,-0.106383,-0.019676,-0.315323,-0.051605,0.049824,-0.366633,-0.113527,0.087435,-0.259985,-0.123747,0.080266,-0.194191,-0.116892,-0.057304,-0.274744,-0.071231,0.023521,-0.28955,-0.130962,0.048397,-0.193135,-0.120571,0.027885,-0.160551,-0.100964,-0.085714,-0.216638,-0.092297,0.001639,-0.191366,-0.131751,0.018514,-0.130929,-0.125061,-0.008643,-0.124473,-0.113163,X
0.0,0.0,0.0,0.06702,-0.062494,-0.017405,0.101488,-0.201019,-0.036452,0.072096,-0.296716,-0.058067,0.026559,-0.346753,-0.076344,0.032611,-0.32886,-0.033848,0.014488,-0.451699,-0.074623,0.048289,-0.504381,-0.094669,0.077659,-0.524156,-0.106286,-0.020435,-0.31402,-0.050473,0.047528,-0.36477,-0.11242,0.085128,-0.25769,-0.122542,0.078487,-0.192188,-0.115472,-0.057927,-0.272735,-0.070393,0.022225,-0.288048,-0.13041,0.047021,-0.191573,-0.119839,0.025868,-0.159084,-0.099991,-0.086447,-0.214257,-0.091724,0.001019,-0.188266,-0.131527,0.017412,-0.127974,-0.124853,-0.010399,-0.122144,-0.112866,X
0.0,0.0,0.0,0.067193,-0.064415,-0.018044,0.10042,-0.205668,-0.037369,0.070445,-0.303727,-0.059098,0.024603,-0.357198,-0.077408,0.030781,-0.332806,-0.034908,0.013316,-0.456184,-0.076764,0.048299,-0.509025,-0.096912,0.078206,-0.527999,-0.108087,-0.022292,-0.316571,-0.051458,0.047946,-0.366383,-0.113361,0.084459,-0.258731,-0.122658,0.076579,-0.195899,-0.114936,-0.059679,-0.274816,-0.071499,0.021743,-0.289512,-0.132684,0.047095,-0.191626,-0.121787,0.025984,-0.160494,-0.101328,-0.088051,-0.216045,-0.092872,-0.000343,-0.191649,-0.133105,0.016636,-0.129833,-0.125509,-0.011295,-0.123343,-0.112643,X
0.0,0.0,0.0,0.068479,-0.066234,-0.017766,0.102976,-0.207559,-0.037213,0.072742,-0.304443,-0.059218,0.027972,-0.358891,-0.077624,0.032483,-0.336393,-0.033595,0.014202,-0.458402,-0.074795,0.049466,-0.509069,-0.095369,0.079378,-0.528399,-0.107204,-0.021103,-0.320199,-0.050002,0.049139,-0.368892,-0.11104,0.085621,-0.261498,-0.121258,0.076527,-0.199852,-0.114782,-0.057888,-0.278205,-0.069842,0.023566,-0.292769,-0.130548,0.049071,-0.194534,-0.120175,0.026312,-0.163877,-0.100383,-0.085036,-0.221064,-0.091047,0.004497,-0.19531,-0.131087,0.020616,-0.132429,-0.123788,-0.009582,-0.126016,-0.111382,X
0.0,0.0,0.0,0.067256,-0.064453,-0.018181,0.099895,-0.204846,-0.037798,0.070024,-0.301375,-0.059762,0.024858,-0.35359,-0.078262,0.029787,-0.333267,-0.035055,0.01264,-0.455351,-0.076738,0.048052,-0.507402,-0.096888,0.078313,-0.526661,-0.108256,-0.022986,-0.316603,-0.051546,0.048811,-0.366025,-0.112864,0.08497,-0.257689,-0.122021,0.07602,-0.196154,-0.114595,-0.059534,-0.273969,-0.071527,0.021644,-0.289922,-0.132165,0.047953,-0.192254,-0.12113,0.026401,-0.161607,-0.100925,-0.086892,-0.214604,-0.092917,0.000833,-0.191325,-0.13283,0.01838,-0.130345,-0.125349,-0.010475,-0.124469,-0.112821,X
0.0,0.0,0.0,0.066693,-0.066328,-0.018429,0.100584,-0.20884,-0.039343,0.068545,-0.307258,-0.062672,0.022329,-0.361342,-0.082439,0.030224,-0.338347,-0.035097,0.012356,-0.457986,-0.077601,0.047797,-0.510592,-0.098161,0.077818,-0.529634,-0.109732,-0.023927,-0.322044,-0.051901,0.048146,-0.371247,-0.114132,0.083966,-0.260837,-0.123085,0.07422,-0.199194,-0.115142,-0.060376,-0.279811,-0.072279,0.021076,-0.295307,-0.133943,0.046914,-0.196707,-0.122491,0.023891,-0.166763,-0.10182,-0.087032,-0.221217,-0.09407,0.002215,-0.1956,-0.13462,0.018743,-0.132616,-0.12695,-0.01141,-0.127,-0.114222,X
0.0,0.0,0.0,0.066702,-0.066424,-0.017826,0.100533,-0.208785,-0.038132,0.068627,-0.306297,-0.060951,0.021871,-0.358056,-0.080259,0.030237,-0.33802,-0.034252,0.012477,-0.457874,-0.07648,0.048423,-0.510442,-0.097134,0.078931,-0.530034,-0.108811,-0.023646,-0.321477,-0.051262,0.048084,-0.370254,-0.113061,0.084105,-0.260456,-0.122121,0.074188,-0.19895,-0.11438,-0.060095,-0.279096,-0.071824,0.021136,-0.294666,-0.133058,0.047353,-0.195883,-0.121773,0.024515,-0.165455,-0.10128,-0.086555,-0.220182,-0.093789,0.002808,-0.194957,-0.133949,0.019114,-0.131774,-0.12621,-0.011498,-0.125561,-0.113479,X
0.0,0.0,0.0,0.067431,-0.064536,-0.017674,0.103214,-0.204792,-0.037157,0.072776,-0.301385,-0.058967,0.027032,-0.352669,-0.077227,0.032211,-0.335553,-0.035071,0.01367,-0.45657,-0.076538,0.048806,-0.507488,-0.097112,0.079226,-0.526507,-0.108972,-0.022602,-0.320144,-0.051761,0.048178,-0.366671,-0.112757,0.083985,-0.258992,-0.122533,0.074444,-0.197076,-0.115842,-0.060199,-0.277924,-0.071841,0.022157,-0.291393,-0.132752,0.047288,-0.193447,-0.122609,0.024331,-0.163486,-0.103192,-0.087786,-0.219473,-0.093242,0.00301,-0.191533,-0.133679,0.018762,-0.128866,-0.126895,-0.011684,-0.123719,-0.115023,X
0.0,0.0,0.0,0.067756,-0.06574,-0.017934,0.103707,-0.205638,-0.037463,0.073374,-0.301855,-0.059279,0.026948,-0.351389,-0.077585,0.032265,-0.337658,-0.034327,0.014346,-0.458196,-0.075232,0.049114,-0.508751,-0.095808,0.078919,-0.528698,-0.107867,-0.021537,-0.321658,-0.050693,0.048879,-0.368609,-0.111099,0.084411,-0.260116,-0.120975,0.07454,-0.199391,-0.114486,-0.058269,-0.279549,-0.070436,0.022132,-0.293553,-0.130555,0.048153,-0.195442,-0.120332,0.025999,-0.165228,-0.100899,-0.085448,-0.221438,-0.09155,0.00267,-0.196499,-0.131032,0.019597,-0.134182,-0.123776,-0.009719,-0.128237,-0.111578,X
0.0,0.0,0.0,0.068162,-0.065688,-0.018618,0.101579,-0.20825,-0.038845,0.067866,-0.306496,-0.06131,0.022039,-0.360531,-0.080211,0.031081,-0.335754,-0.035296,0.013278,-0.456384,-0.077266,0.048348,-0.50758,-0.09802,0.07853,-0.526912,-0.110031,-0.023135,-0.319044,-0.051739,0.048906,-0.36652,-0.113764,0.08481,-0.257708,-0.123689,0.075119,-0.195982,-0.116818,-0.059811,-0.276707,-0.071684,0.02164,-0.290926,-0.132815,0.047818,-0.19316,-0.122194,0.025756,-0.163199,-0.102383,-0.086433,-0.218347,-0.093088,0.00274,-0.192051,-0.133471,0.01934,-0.129474,-0.126458,-0.010317,-0.124084,-0.114367,X
0.0,0.0,0.0,0.066113,-0.067209,-0.019041,0.099328,-0.210288,-0.040419,0.066268,-0.310503,-0.064093,0.019909,-0.366916,-0.084126,0.029639,-0.339528,-0.035381,0.011707,-0.458015,-0.078705,0.047426,-0.510783,-0.099727,0.077892,-0.529473,-0.111332,-0.024991,-0.322444,-0.052035,0.04675,-0.368991,-0.11458,0.082294,-0.257387,-0.123188,0.072701,-0.19675,-0.114698,-0.061037,-0.279122,-0.07239,0.019569,-0.29336,-0.134829,0.046617,-0.194144,-0.123025,0.024223,-0.164464,-0.101757,-0.087489,-0.21985,-0.094173,0.001172,-0.194,-0.135066,0.018403,-0.130264,-0.126776,-0.011228,-0.124057,-0.113281,X
0.0,0.0,0.0,0.066842,-0.067226,-0.017814,0.100973,-0.207148,-0.038113,0.069589,-0.302727,-0.060853,0.022371,-0.351078,-0.08018,0.031274,-0.338972,-0.034173,0.013095,-0.456268,-0.07597,0.047261,-0.508835,-0.096812,0.076366,-0.528951,-0.108783,-0.023008,-0.322763,-0.051087,0.047161,-0.367439,-0.112112,0.082491,-0.257087,-0.121074,0.073081,-0.197087,-0.113379,-0.059935,-0.279675,-0.071506,0.019595,-0.291813,-0.13239,0.046104,-0.19328,-0.121573,0.023723,-0.164139,-0.101369,-0.087413,-0.220391,-0.093277,-0.000662,-0.19524,-0.13285,0.016545,-0.132656,-0.124784,-0.012755,-0.127016,-0.111793,X
0.0,0.0,0.0,0.067369,-0.064227,-0.017533,0.103819,-0.203036,-0.036557,0.076194,-0.298873,-0.05783,0.03199,-0.349827,-0.075552,0.032836,-0.333274,-0.034578,0.014986,-0.45506,-0.075458,0.049719,-0.506218,-0.095315,0.079599,-0.525398,-0.106533,-0.021431,-0.31843,-0.051032,0.049534,-0.365572,-0.111379,0.084445,-0.258031,-0.120651,0.074457,-0.19649,-0.113505,-0.058864,-0.277336,-0.070881,0.02366,-0.29008,-0.131652,0.048162,-0.192118,-0.121593,0.025411,-0.162338,-0.10201,-0.086208,-0.220021,-0.091957,0.003752,-0.193067,-0.132179,0.019926,-0.130337,-0.125187,-0.009835,-0.124742,-0.112985,X
0.0,0.0,0.0,0.066519,-0.064834,-0.016737,0.10306,-0.205457,-0.035413,0.072891,-0.301668,-0.056575,0.026003,-0.350479,-0.074331,0.031807,-0.335583,-0.033017,0.013952,-0.455676,-0.073757,0.048311,-0.507259,-0.093987,0.077892,-0.527041,-0.105678,-0.022878,-0.320729,-0.049963,0.047106,-0.366804,-0.110507,0.082774,-0.258176,-0.120168,0.073175,-0.196217,-0.11325,-0.060388,-0.279168,-0.070265,0.021654,-0.291669,-0.131003,0.046624,-0.192881,-0.121052,0.023551,-0.163008,-0.101571,-0.087942,-0.22112,-0.091757,0.002031,-0.194442,-0.131679,0.017924,-0.131407,-0.124599,-0.01243,-0.125962,-0.112459,X
0.0,0.0,0.0,0.066166,-0.063971,-0.018487,0.101073,-0.204998,-0.038591,0.070563,-0.303619,-0.060813,0.024947,-0.357243,-0.079571,0.030055,-0.334465,-0.035315,0.012563,-0.454606,-0.076732,0.047398,-0.506309,-0.096763,0.077681,-0.525145,-0.108074,-0.024023,-0.318292,-0.051486,0.04722,-0.366119,-0.112308,0.082585,-0.257063,-0.121201,0.073127,-0.194931,-0.113662,-0.061134,-0.276219,-0.071124,0.020462,-0.290232,-0.131824,0.046022,-0.19243,-0.120963,0.023997,-0.162039,-0.100947,-0.088703,-0.217473,-0.092097,0.000378,-0.193196,-0.132195,0.017286,-0.130539,-0.124784,-0.011933,-0.124049,-0.11231,X
0.0,0.0,0.0,0.065781,-0.066694,-0.018168,0.098727,-0.20931,-0.039321,0.065503,-0.307703,-0.063033,0.01873,-0.362092,-0.08315,0.029188,-0.337524,-0.035019,0.010731,-0.457149,-0.077962,0.046965,-0.508595,-0.098431,0.0776,-0.524725,-0.109586,-0.025162,-0.320352,-0.051952,0.046049,-0.368698,-0.114823,0.083041,-0.257172,-0.12348,0.074311,-0.19455,-0.114921,-0.061222,-0.277353,-0.072457,0.019448,-0.292786,-0.134159,0.046436,-0.194225,-0.122193,0.02423,-0.163681,-0.10103,-0.087553,-0.218159,-0.094374,0.001013,-0.192884,-0.134594,0.017805,-0.130177,-0.126416,-0.012114,-0.124191,-0.113183,X
0.0,0.0,-1e-06,-0.08902,-0.112519,0.000399,-0.139682,-0.209863,-0.022414,-0.183705,-0.282903,-0.050157,-0.179443,-0.305747,-0.07575,-0.068921,-0.344361,-0.029096,-0.095787,-0.475913,-0.063935,-0.155272,-0.49163,-0.083014,-0.199042,-0.472695,-0.094916,-0.047535,-0.315446,-0.046207,-0.164747,-0.342446,-0.068054,-0.174111,-0.265842,-0.062645,-0.137063,-0.231723,-0.06203,-0.048354,-0.258635,-0.065147,-0.166477,-0.27194,-0.074722,-0.164638,-0.20922,-0.052488,-0.126058,-0.195475,-0.044674,-0.066797,-0.195303,-0.086176,-0.172919,-0.190492,-0.089023,-0.165029,-0.150569,-0.074035,-0.12511,-0.141701,-0.066209,X
0.0,0.0,-1e-06,-0.081602,-0.097525,0.007607,-0.131962,-0.191267,-0.01061,-0.181894,-0.259248,-0.034374,-0.189219,-0.277649,-0.056387,-0.07397,-0.323446,-0.024066,-0.099669,-0.45565,-0.057928,-0.162307,-0.471912,-0.075692,-0.206947,-0.455431,-0.087191,-0.054838,-0.29792,-0.0433,-0.172166,-0.328269,-0.062928,-0.182869,-0.252006,-0.053784,-0.146308,-0.221087,-0.051443,-0.057343,-0.24444,-0.064227,-0.175169,-0.25908,-0.072466,-0.172623,-0.194196,-0.047894,-0.134557,-0.182241,-0.039487,-0.075847,-0.183543,-0.086749,-0.181312,-0.169768,-0.09068,-0.173921,-0.128208,-0.077612,-0.135711,-0.123964,-0.072158,X
0.0,0.0,-1e-06,-0.078788,-0.098352,0.007411,-0.129267,-0.191463,-0.011406,-0.181021,-0.258042,-0.036013,-0.191741,-0.277162,-0.05885,-0.074723,-0.325077,-0.023558,-0.100894,-0.456678,-0.057906,-0.163414,-0.47326,-0.076211,-0.207999,-0.457277,-0.088084,-0.056098,-0.300061,-0.043307,-0.174358,-0.327764,-0.063485,-0.183802,-0.251522,-0.054974,-0.146602,-0.22173,-0.053082,-0.058669,-0.246768,-0.064883,-0.176905,-0.259302,-0.073088,-0.173012,-0.19493,-0.048331,-0.134886,-0.184275,-0.039997,-0.07675,-0.185804,-0.088258,-0.181732,-0.169653,-0.092024,-0.173949,-0.12809,-0.078795,-0.136405,-0.124887,-0.073282,X
0.0,0.0,-1e-06,-0.078788,-0.098352,0.007411,-0.129267,-0.191463,-0.011406,-0.181021,-0.258042,-0.036013,-0.191741,-0.277162,-0.05885,-0.074723,-0.325077,-0.023558,-0.100894,-0.456678,-0.057906,-0.163414,-0.47326,-0.076211,-0.207999,-0.457277,-0.088084,-0.056098,-0.300061,-0.043307,-0.174358,-0.327764,-0.063485,-0.183802,-0.251522,-0.054974,-0.146602,-0.22173,-0.053082,-0.058669,-0.246768,-0.064883,-0.176905,-0.259302,-0.073088,-0.173012,-0.19493,-0.048331,-0.134886,-0.184275,-0.039997,-0.07675,-0.185804,-0.088258,-0.181732,-0.169653,-0.092024,-0.173949,-0.12809,-0.078795,-0.136405,-0.124887,-0.073282,X
0.0,0.0,-1e-06,-0.080571,-0.09487,0.010481,-0.131391,-0.190108,-0.00614,-0.180372,-0.260094,-0.028324,-0.186882,-0.279992,-0.04886,-0.074372,-0.32772,-0.025125,-0.099865,-0.458755,-0.056442,-0.161971,-0.474648,-0.072494,-0.206216,-0.454939,-0.08299,-0.053333,-0.302414,-0.044769,-0.168777,-0.327954,-0.061137,-0.177677,-0.254902,-0.051475,-0.14095,-0.222169,-0.049781,-0.05481,-0.247267,-0.065289,-0.170947,-0.261315,-0.071432,-0.168014,-0.198447,-0.047866,-0.129968,-0.184967,-0.040971,-0.072788,-0.186044,-0.086848,-0.177685,-0.172842,-0.089569,-0.169234,-0.131772,-0.076744,-0.130861,-0.126116,-0.072,X
0.0,0.0,-1e-06,-0.083532,-0.097225,0.006526,-0.134129,-0.192076,-0.011924,-0.182236,-0.261724,-0.035806,-0.187173,-0.280236,-0.057941,-0.074038,-0.325362,-0.023727,-0.098351,-0.456255,-0.058032,-0.160528,-0.47268,-0.077043,-0.205058,-0.456348,-0.089521,-0.05359,-0.300531,-0.042624,-0.16944,-0.329266,-0.062384,-0.180069,-0.25456,-0.054274,-0.144013,-0.223445,-0.052869,-0.055582,-0.246886,-0.063441,-0.172139,-0.261864,-0.072295,-0.170481,-0.197924,-0.04846,-0.132962,-0.185536,-0.040503,-0.074,-0.185977,-0.085945,-0.179512,-0.171792,-0.089907,-0.172764,-0.130656,-0.077113,-0.135056,-0.12641,-0.072015,X
0.0,0.0,-1e-06,-0.082651,-0.094729,0.010489,-0.133507,-0.190834,-0.006497,-0.181436,-0.260967,-0.029095,-0.187289,-0.281462,-0.050161,-0.074755,-0.328972,-0.024622,-0.100494,-0.458943,-0.05614,-0.161974,-0.474607,-0.073014,-0.205619,-0.455809,-0.084388,-0.052692,-0.302939,-0.044494,-0.167697,-0.329771,-0.060775,-0.176835,-0.255582,-0.051664,-0.140153,-0.223233,-0.050599,-0.053323,-0.247313,-0.065278,-0.17004,-0.264252,-0.071298,-0.167938,-0.199788,-0.047318,-0.129565,-0.186113,-0.040367,-0.070885,-0.185701,-0.087105,-0.177822,-0.17518,-0.089417,-0.170274,-0.133128,-0.075975,-0.131696,-0.127289,-0.071038,X
0.0,0.0,-1e-06,-0.082596,-0.100537,0.009957,-0.132115,-0.19518,-0.008734,-0.180204,-0.264483,-0.033704,-0.186366,-0.287305,-0.05708,-0.073326,-0.328049,-0.023215,-0.100246,-0.458331,-0.055925,-0.162058,-0.47461,-0.073116,-0.206463,-0.455885,-0.084466,-0.052493,-0.302558,-0.044557,-0.168044,-0.328869,-0.062798,-0.176619,-0.253581,-0.054397,-0.139643,-0.222278,-0.05306,-0.053644,-0.247323,-0.067103,-0.17111,-0.259257,-0.074093,-0.16771,-0.194982,-0.04972,-0.129654,-0.183244,-0.042011,-0.071841,-0.184947,-0.091022,-0.17796,-0.171895,-0.094233,-0.169763,-0.13092,-0.080444,-0.131322,-0.12658,-0.074679,X
0.0,0.0,-1e-06,-0.079544,-0.099911,0.006808,-0.13034,-0.19209,-0.012666,-0.182168,-0.258382,-0.037945,-0.190537,-0.277393,-0.061395,-0.073336,-0.322376,-0.023482,-0.100586,-0.454684,-0.057585,-0.162756,-0.470652,-0.07559,-0.206886,-0.454195,-0.087329,-0.055906,-0.297043,-0.04327,-0.172831,-0.327256,-0.06374,-0.182463,-0.251689,-0.055754,-0.145726,-0.221136,-0.054065,-0.059673,-0.244015,-0.064856,-0.176722,-0.255356,-0.073003,-0.172942,-0.191165,-0.048724,-0.135048,-0.181275,-0.040631,-0.079216,-0.183637,-0.0883,-0.18292,-0.165732,-0.092176,-0.174604,-0.124414,-0.079233,-0.136581,-0.122151,-0.073813,X
0.0,0.0,-1e-06,-0.08118,-0.100957,0.008545,-0.131911,-0.19341,-0.010124,-0.18287,-0.260516,-0.034688,-0.189732,-0.281854,-0.057318,-0.074493,-0.324795,-0.024616,-0.101696,-0.458188,-0.057764,-0.164377,-0.472716,-0.074643,-0.209035,-0.453059,-0.085423,-0.055595,-0.29998,-0.044781,-0.172488,-0.326389,-0.063987,-0.180647,-0.25117,-0.055653,-0.143692,-0.219692,-0.05391,-0.058481,-0.246325,-0.066216,-0.17561,-0.25322,-0.073213,-0.170602,-0.190178,-0.049439,-0.132664,-0.180368,-0.041823,-0.078181,-0.185762,-0.089214,-0.181629,-0.167717,-0.092406,-0.17322,-0.127195,-0.079415,-0.135919,-0.124432,-0.073891,X
0.0,0.0,-1e-06,-0.077569,-0.102858,0.00784,-0.129122,-0.193237,-0.012719,-0.183167,-0.258212,-0.03964,-0.192763,-0.278797,-0.064419,-0.073462,-0.323356,-0.024636,-0.102948,-0.458461,-0.058829,-0.165353,-0.47302,-0.075555,-0.209517,-0.453456,-0.086185,-0.057502,-0.297989,-0.045615,-0.175395,-0.327585,-0.066464,-0.182557,-0.250537,-0.057974,-0.144619,-0.220751,-0.055652,-0.061471,-0.245496,-0.068101,-0.179252,-0.252084,-0.075364,-0.171734,-0.188024,-0.050273,-0.132965,-0.180125,-0.041809,-0.081005,-0.185466,-0.092528,-0.183335,-0.165483,-0.096105,-0.17347,-0.124326,-0.082629,-0.135488,-0.122944,-0.076601,X
0.0,0.0,-1e-06,-0.0754,-0.104481,0.007467,-0.126274,-0.195196,-0.012842,-0.181818,-0.258365,-0.03952,-0.192866,-0.275164,-0.06398,-0.073501,-0.325013,-0.023825,-0.104412,-0.459044,-0.057111,-0.166747,-0.47211,-0.073079,-0.210552,-0.45063,-0.083284,-0.056167,-0.299631,-0.044674,-0.175789,-0.325324,-0.065303,-0.181936,-0.247618,-0.057307,-0.143871,-0.218454,-0.055256,-0.05911,-0.246858,-0.067006,-0.178713,-0.25046,-0.07429,-0.170306,-0.186838,-0.050169,-0.13139,-0.179745,-0.042176,-0.078415,-0.186554,-0.091263,-0.182245,-0.16656,-0.095087,-0.172654,-0.125702,-0.082091,-0.135545,-0.124395,-0.07619,X
0.0,0.0,-1e-06,-0.072709,-0.100561,0.008289,-0.122385,-0.191875,-0.011177,-0.179515,-0.254655,-0.036441,-0.19236,-0.266939,-0.060033,-0.074806,-0.324104,-0.025432,-0.104106,-0.455366,-0.057259,-0.165701,-0.469036,-0.072676,-0.209036,-0.449473,-0.08288,-0.056787,-0.299893,-0.045502,-0.175065,-0.324675,-0.063162,-0.182209,-0.248446,-0.053826,-0.145027,-0.219535,-0.051754,-0.058826,-0.246272,-0.066723,-0.17732,-0.254017,-0.071787,-0.170448,-0.190967,-0.047822,-0.131882,-0.182292,-0.040771,-0.077154,-0.18491,-0.089577,-0.182279,-0.167603,-0.092084,-0.17268,-0.127322,-0.079413,-0.134789,-0.12495,-0.074453,X
0.0,0.0,-1e-06,-0.075926,-0.101321,0.005862,-0.126482,-0.191292,-0.014636,-0.181873,-0.25417,-0.041036,-0.192841,-0.268205,-0.065483,-0.074352,-0.322828,-0.02447,-0.103264,-0.455422,-0.057984,-0.165197,-0.469432,-0.074687,-0.208695,-0.450232,-0.085594,-0.056748,-0.298606,-0.044198,-0.175015,-0.325379,-0.064482,-0.183008,-0.248019,-0.056282,-0.145786,-0.219172,-0.054307,-0.059436,-0.246141,-0.065702,-0.177688,-0.253228,-0.073425,-0.171352,-0.189145,-0.049582,-0.133101,-0.180827,-0.041765,-0.078262,-0.1857,-0.089203,-0.182343,-0.166129,-0.093383,-0.173255,-0.125345,-0.081,-0.135779,-0.123835,-0.075723,X
0.0,0.0,-1e-06,-0.071419,-0.100448,0.005236,-0.121405,-0.191329,-0.015135,-0.179626,-0.25299,-0.040932,-0.194335,-0.263982,-0.065031,-0.076048,-0.3212,-0.026353,-0.105712,-0.452054,-0.059441,-0.167412,-0.466128,-0.075983,-0.211031,-0.448342,-0.086813,-0.059125,-0.296302,-0.045155,-0.177865,-0.321247,-0.064584,-0.184759,-0.244573,-0.056157,-0.147674,-0.216373,-0.054243,-0.061662,-0.242655,-0.065529,-0.180206,-0.250262,-0.072453,-0.173225,-0.187309,-0.049044,-0.135031,-0.179149,-0.041637,-0.080186,-0.180912,-0.087789,-0.184264,-0.164058,-0.091231,-0.17468,-0.124494,-0.078737,-0.137227,-0.122517,-0.073517,X
0.0,0.0,-1e-06,-0.075225,-0.102148,0.006173,-0.125639,-0.192359,-0.014458,-0.181627,-0.256006,-0.040959,-0.1927,-0.26897,-0.06554,-0.074001,-0.323282,-0.025639,-0.102524,-0.457523,-0.0589,-0.164522,-0.471576,-0.075179,-0.208188,-0.452719,-0.085752,-0.056907,-0.299076,-0.045205,-0.176463,-0.326392,-0.064858,-0.184301,-0.249316,-0.056104,-0.147254,-0.220303,-0.053916,-0.059983,-0.246825,-0.066335,-0.179337,-0.254031,-0.072504,-0.172341,-0.190534,-0.048301,-0.133874,-0.182024,-0.040673,-0.079051,-0.186494,-0.089516,-0.183699,-0.168176,-0.092423,-0.174171,-0.127876,-0.07975,-0.136486,-0.125691,-0.074461,X
0.0,0.0,-1e-06,-0.074954,-0.099208,0.007439,-0.125142,-0.190171,-0.010701,-0.179283,-0.253297,-0.034881,-0.192485,-0.273288,-0.056963,-0.074057,-0.321821,-0.022025,-0.103988,-0.4553,-0.054539,-0.166446,-0.46851,-0.070196,-0.209917,-0.448353,-0.080194,-0.057214,-0.297419,-0.042314,-0.175631,-0.325,-0.063393,-0.184261,-0.248446,-0.056001,-0.146709,-0.218024,-0.054203,-0.060623,-0.245808,-0.064217,-0.17887,-0.250697,-0.072982,-0.173027,-0.18694,-0.049858,-0.134948,-0.178739,-0.042155,-0.079146,-0.186731,-0.087913,-0.181994,-0.165505,-0.092606,-0.173274,-0.123172,-0.080241,-0.136295,-0.121138,-0.074771,X
0.0,0.0,-1e-06,-0.08473,-0.098254,0.005855,-0.135211,-0.191365,-0.012797,-0.182332,-0.259553,-0.037018,-0.186659,-0.281235,-0.059261,-0.074447,-0.322673,-0.023075,-0.103529,-0.45312,-0.05639,-0.165298,-0.46725,-0.074382,-0.209101,-0.448465,-0.086132,-0.055072,-0.298302,-0.042282,-0.170493,-0.323881,-0.062856,-0.179106,-0.249595,-0.056553,-0.142965,-0.218576,-0.055955,-0.057567,-0.245912,-0.063213,-0.173859,-0.253039,-0.07238,-0.170389,-0.189453,-0.050097,-0.133234,-0.178921,-0.042821,-0.076772,-0.186149,-0.085949,-0.180338,-0.167594,-0.090689,-0.172627,-0.126377,-0.078596,-0.135244,-0.123233,-0.073389,X
0.0,0.0,-1e-06,-0.078584,-0.097098,0.007672,-0.128948,-0.187625,-0.011011,-0.180613,-0.253489,-0.035413,-0.187337,-0.273744,-0.057935,-0.075512,-0.326224,-0.024651,-0.105442,-0.457414,-0.055592,-0.167728,-0.469631,-0.071217,-0.210812,-0.447956,-0.081853,-0.054868,-0.30381,-0.04471,-0.17292,-0.326563,-0.063004,-0.181081,-0.252223,-0.055755,-0.145069,-0.220672,-0.055462,-0.055825,-0.25169,-0.06592,-0.174943,-0.256429,-0.072563,-0.170258,-0.193335,-0.050124,-0.132701,-0.182932,-0.044093,-0.07309,-0.192497,-0.088717,-0.180474,-0.173238,-0.092101,-0.172782,-0.131292,-0.079938,-0.136043,-0.127946,-0.075421,X
0.0,0.0,-1e-06,-0.086189,-0.102019,0.007064,-0.137223,-0.194608,-0.012208,-0.183912,-0.264391,-0.03748,-0.185286,-0.289137,-0.06035,-0.075675,-0.328791,-0.025109,-0.104811,-0.46349,-0.056182,-0.167613,-0.474509,-0.070706,-0.209898,-0.447963,-0.080084,-0.055337,-0.305009,-0.045447,-0.170801,-0.327014,-0.065317,-0.179051,-0.252343,-0.058125,-0.142077,-0.218769,-0.056927,-0.056993,-0.252281,-0.0669,-0.173297,-0.253015,-0.074908,-0.168307,-0.18997,-0.052161,-0.129717,-0.179211,-0.04495,-0.075324,-0.19326,-0.090009,-0.179158,-0.172674,-0.093638,-0.171226,-0.130562,-0.080623,-0.133683,-0.126476,-0.074753,X
0.0,0.0,-1e-06,-0.083261,-0.099971,0.007371,-0.132218,-0.187677,-0.012,-0.182559,-0.249737,-0.037862,-0.190519,-0.26888,-0.061843,-0.075905,-0.323744,-0.020944,-0.107684,-0.455029,-0.053514,-0.1706,-0.466949,-0.069996,-0.214329,-0.443672,-0.080543,-0.057262,-0.301121,-0.04168,-0.17647,-0.323299,-0.062219,-0.185261,-0.246067,-0.055451,-0.148428,-0.215819,-0.054251,-0.059279,-0.250994,-0.064135,-0.179375,-0.252062,-0.072303,-0.174695,-0.187684,-0.049462,-0.137006,-0.178694,-0.042062,-0.077086,-0.193528,-0.08851,-0.183174,-0.170653,-0.092286,-0.175504,-0.127893,-0.07943,-0.138445,-0.125207,-0.073616,X
0.0,0.0,-1e-06,-0.082445,-0.099028,0.008455,-0.132064,-0.187468,-0.010245,-0.182636,-0.249919,-0.035492,-0.191674,-0.2689,-0.058856,-0.076474,-0.324363,-0.021035,-0.106634,-0.456882,-0.053645,-0.169774,-0.469326,-0.069983,-0.213853,-0.446457,-0.08042,-0.057935,-0.301737,-0.041953,-0.178689,-0.323223,-0.062184,-0.187526,-0.246047,-0.05483,-0.150219,-0.215959,-0.053414,-0.060147,-0.251223,-0.064509,-0.180859,-0.251829,-0.072071,-0.175721,-0.188496,-0.048751,-0.137903,-0.180007,-0.041304,-0.077852,-0.193468,-0.088948,-0.18415,-0.170378,-0.09241,-0.176837,-0.128594,-0.079653,-0.140443,-0.126542,-0.074089,X
0.0,0.0,-1e-06,-0.082509,-0.096756,0.002879,-0.13349,-0.184522,-0.017924,-0.185831,-0.246307,-0.044136,-0.194125,-0.260867,-0.068255,-0.078112,-0.318041,-0.024301,-0.109199,-0.449776,-0.058233,-0.171691,-0.461346,-0.075132,-0.21477,-0.439865,-0.08593,-0.060341,-0.295189,-0.042681,-0.178773,-0.319456,-0.064608,-0.186517,-0.24186,-0.057234,-0.149132,-0.214394,-0.055104,-0.062691,-0.245214,-0.063339,-0.180618,-0.246925,-0.073029,-0.174575,-0.183251,-0.050096,-0.136742,-0.176773,-0.042081,-0.080661,-0.187407,-0.08627,-0.184487,-0.162224,-0.091685,-0.175272,-0.120663,-0.080013,-0.137797,-0.120772,-0.074806,X
0.0,0.0,-1e-06,-0.078003,-0.096484,0.0064,-0.127789,-0.183445,-0.013199,-0.182447,-0.239328,-0.038794,-0.197734,-0.247898,-0.062456,-0.079002,-0.317083,-0.021698,-0.111085,-0.445616,-0.055565,-0.174415,-0.456146,-0.071987,-0.217727,-0.433624,-0.082214,-0.06253,-0.292451,-0.041452,-0.182127,-0.312053,-0.06273,-0.188533,-0.234023,-0.054146,-0.149746,-0.209012,-0.051327,-0.064668,-0.240522,-0.063356,-0.183712,-0.241183,-0.072083,-0.176102,-0.178333,-0.048161,-0.137145,-0.173502,-0.039817,-0.081166,-0.180847,-0.087267,-0.186259,-0.156915,-0.092109,-0.177092,-0.116503,-0.079903,-0.139369,-0.117728,-0.074515,X
0.0,0.0,-1e-06,0.061703,-0.080674,-0.022413,0.100368,-0.193574,-0.032598,0.138949,-0.268082,-0.044297,0.185358,-0.300694,-0.051784,0.01589,-0.267137,-0.025758,0.022882,-0.315833,-0.063009,0.03844,-0.238297,-0.078623,0.050613,-0.180734,-0.080272,-0.032665,-0.242625,-0.031874,-0.021061,-0.286171,-0.08188,0.010122,-0.195465,-0.097238,0.030556,-0.132008,-0.096803,-0.078595,-0.216515,-0.043464,-0.071597,-0.24733,-0.094548,-0.027901,-0.166845,-0.10522,0.001214,-0.108751,-0.098631,-0.120709,-0.188208,-0.055777,-0.158406,-0.275191,-0.081511,-0.179784,-0.332545,-0.09029,-0.200016,-0.39395,-0.09296,Y
0.0,0.0,-1e-06,0.061907,-0.081931,-0.023815,0.098724,-0.198477,-0.034412,0.137904,-0.278587,-0.045982,0.185724,-0.315684,-0.052831,0.016045,-0.269699,-0.026239,0.021557,-0.321474,-0.065552,0.038088,-0.244929,-0.082512,0.051291,-0.185742,-0.084953,-0.03175,-0.245687,-0.031705,-0.021167,-0.291977,-0.083701,0.011297,-0.201101,-0.099633,0.032475,-0.137211,-0.099365,-0.077169,-0.219468,-0.043221,-0.069217,-0.252212,-0.09649,-0.023957,-0.172705,-0.107926,0.005723,-0.114891,-0.101492,-0.118421,-0.190325,-0.055521,-0.156297,-0.278774,-0.083537,-0.178584,-0.337078,-0.094229,-0.200158,-0.399365,-0.098076,Y
0.0,0.0,-1e-06,0.062511,-0.081379,-0.025522,0.099708,-0.1968,-0.036998,0.138298,-0.27813,-0.049175,0.185897,-0.317355,-0.056536,0.016994,-0.268182,-0.027187,0.021686,-0.32045,-0.067733,0.038592,-0.243538,-0.085735,0.052898,-0.183934,-0.088816,-0.03095,-0.244357,-0.032186,-0.021104,-0.291364,-0.084916,0.011067,-0.200331,-0.101137,0.032502,-0.136243,-0.101092,-0.076573,-0.217973,-0.043535,-0.069554,-0.251052,-0.097389,-0.02473,-0.172145,-0.108698,0.005137,-0.11467,-0.102163,-0.117909,-0.188644,-0.055848,-0.156331,-0.276983,-0.084044,-0.178552,-0.335429,-0.094468,-0.19994,-0.397575,-0.098142,Y
0.0,0.0,-1e-06,0.061381,-0.080826,-0.024976,0.098698,-0.197952,-0.036196,0.138052,-0.279554,-0.048299,0.186266,-0.316982,-0.055585,0.016565,-0.269474,-0.027267,0.021194,-0.323011,-0.06746,0.037888,-0.245633,-0.084744,0.052239,-0.186352,-0.087217,-0.031187,-0.245438,-0.03241,-0.020917,-0.292143,-0.085374,0.011458,-0.200425,-0.101314,0.033037,-0.136475,-0.100816,-0.076647,-0.219327,-0.043774,-0.069764,-0.2537,-0.097661,-0.02506,-0.173509,-0.108767,0.004619,-0.115573,-0.101914,-0.117928,-0.190605,-0.056059,-0.156286,-0.279286,-0.084123,-0.178888,-0.337422,-0.094576,-0.200643,-0.399733,-0.098157,Y
0.0,0.0,-1e-06,0.061759,-0.081507,-0.02564,0.098715,-0.198394,-0.036955,0.137474,-0.279859,-0.048923,0.185165,-0.31759,-0.05609,0.01534,-0.268357,-0.027782,0.019726,-0.318263,-0.067774,0.036901,-0.240785,-0.084877,0.051852,-0.181212,-0.087284,-0.032607,-0.243926,-0.032679,-0.022308,-0.289512,-0.08517,0.009923,-0.198355,-0.100871,0.03138,-0.134229,-0.100416,-0.078179,-0.217367,-0.04381,-0.071565,-0.250503,-0.097506,-0.027149,-0.17104,-0.108454,0.002254,-0.113446,-0.10166,-0.119543,-0.188107,-0.055912,-0.158565,-0.275828,-0.083726,-0.180864,-0.333595,-0.093746,-0.202346,-0.395392,-0.097159,Y
0.0,0.0,-1e-06,0.061923,-0.082715,-0.025539,0.098017,-0.199563,-0.037098,0.136077,-0.281743,-0.049194,0.184923,-0.320157,-0.05649,0.01514,-0.268997,-0.02845,0.019691,-0.321575,-0.068979,0.036971,-0.245156,-0.086853,0.051569,-0.185487,-0.089988,-0.032571,-0.2447,-0.033382,-0.022111,-0.290794,-0.085688,0.010092,-0.200272,-0.101619,0.031444,-0.136753,-0.101765,-0.077956,-0.217385,-0.04458,-0.07077,-0.249849,-0.098245,-0.025894,-0.171136,-0.109546,0.003851,-0.114039,-0.103374,-0.118756,-0.186998,-0.056707,-0.157981,-0.275383,-0.085097,-0.180304,-0.333908,-0.095749,-0.201782,-0.395878,-0.099775,Y
0.0,0.0,-1e-06,0.062094,-0.082912,-0.024335,0.098108,-0.200591,-0.034781,0.135279,-0.282824,-0.046115,0.182497,-0.321413,-0.052626,0.015192,-0.269452,-0.025639,0.019496,-0.321365,-0.065207,0.036609,-0.244388,-0.082209,0.050642,-0.18476,-0.08451,-0.03273,-0.244992,-0.030908,-0.023606,-0.292469,-0.08355,0.009199,-0.201022,-0.099741,0.031063,-0.136445,-0.099326,-0.078297,-0.218591,-0.042344,-0.071551,-0.252895,-0.096018,-0.026192,-0.17354,-0.107393,0.003676,-0.115583,-0.100688,-0.119873,-0.189493,-0.054634,-0.158297,-0.278322,-0.082669,-0.180652,-0.336999,-0.093254,-0.202323,-0.399436,-0.096931,Y
0.0,0.0,-1e-06,0.061083,-0.082679,-0.023999,0.096583,-0.201024,-0.034275,0.134346,-0.282782,-0.045627,0.181968,-0.321066,-0.052353,0.013787,-0.271674,-0.024752,0.01894,-0.321388,-0.063883,0.036154,-0.244892,-0.080934,0.050434,-0.186363,-0.08331,-0.034024,-0.247082,-0.030092,-0.024039,-0.291852,-0.082371,0.008854,-0.200661,-0.098603,0.030685,-0.136589,-0.098152,-0.079437,-0.220345,-0.041557,-0.072625,-0.252957,-0.095123,-0.027446,-0.173006,-0.10661,0.002442,-0.114651,-0.0998,-0.120879,-0.190964,-0.053836,-0.159377,-0.279385,-0.081779,-0.182039,-0.337421,-0.09219,-0.203897,-0.399314,-0.095566,Y
0.0,0.0,-1e-06,0.060843,-0.082312,-0.024355,0.096143,-0.199673,-0.035032,0.133931,-0.281321,-0.046655,0.181725,-0.320011,-0.053593,0.01439,-0.270573,-0.025717,0.019241,-0.319824,-0.064855,0.036348,-0.242139,-0.081822,0.050142,-0.183252,-0.08417,-0.033444,-0.245826,-0.031023,-0.024055,-0.290654,-0.082859,0.008754,-0.199439,-0.098852,0.030531,-0.135769,-0.098529,-0.079096,-0.218905,-0.042423,-0.072987,-0.251354,-0.095675,-0.027948,-0.171189,-0.106926,0.001855,-0.112911,-0.100218,-0.120871,-0.189325,-0.054667,-0.159637,-0.277791,-0.082627,-0.182321,-0.336429,-0.092915,-0.204262,-0.398999,-0.096333,Y
0.0,0.0,-1e-06,0.060337,-0.082103,-0.024195,0.095995,-0.200403,-0.034894,0.133848,-0.281967,-0.046521,0.181921,-0.319284,-0.05357,0.012202,-0.27352,-0.026618,0.018397,-0.319662,-0.065402,0.036094,-0.241597,-0.081902,0.049882,-0.183089,-0.083866,-0.035827,-0.248017,-0.031939,-0.024334,-0.28906,-0.083298,0.009147,-0.198428,-0.098962,0.030947,-0.135872,-0.098421,-0.081091,-0.219857,-0.043135,-0.07333,-0.248985,-0.096266,-0.027921,-0.168766,-0.107414,0.001729,-0.111484,-0.10052,-0.121984,-0.189075,-0.055095,-0.159793,-0.27707,-0.082824,-0.182183,-0.335254,-0.092601,-0.204022,-0.397731,-0.095501,Y
0.0,0.0,-1e-06,0.060633,-0.084469,-0.023199,0.095882,-0.201393,-0.033736,0.133451,-0.281183,-0.045601,0.181736,-0.318031,-0.053111,0.011452,-0.273685,-0.024729,0.018997,-0.318862,-0.062827,0.03634,-0.241055,-0.0794,0.049112,-0.183275,-0.081571,-0.036625,-0.247803,-0.030579,-0.024517,-0.288395,-0.08154,0.009141,-0.19881,-0.097763,0.030863,-0.135931,-0.097696,-0.082039,-0.219422,-0.042226,-0.073944,-0.248731,-0.094856,-0.028035,-0.169519,-0.106489,0.00229,-0.111416,-0.100019,-0.123105,-0.188528,-0.054592,-0.161108,-0.276349,-0.081989,-0.183633,-0.334836,-0.091923,-0.205503,-0.396616,-0.095002,Y
0.0,0.0,-1e-06,0.061167,-0.08099,-0.026395,0.09699,-0.198758,-0.038037,0.133933,-0.282337,-0.050158,0.180924,-0.323307,-0.057292,0.014503,-0.267568,-0.028782,0.019234,-0.318814,-0.069586,0.03665,-0.24074,-0.086883,0.051936,-0.181332,-0.089259,-0.033406,-0.243214,-0.033286,-0.02338,-0.290186,-0.086777,0.008631,-0.199058,-0.102391,0.030345,-0.135192,-0.101543,-0.078771,-0.216539,-0.04413,-0.072131,-0.25046,-0.098339,-0.027915,-0.171738,-0.108938,0.001807,-0.114817,-0.10166,-0.119551,-0.187179,-0.056034,-0.158504,-0.27546,-0.084105,-0.180419,-0.334057,-0.094208,-0.201091,-0.396009,-0.09751,Y
0.0,0.0,-1e-06,0.06144,-0.082221,-0.025538,0.096551,-0.197892,-0.036748,0.13263,-0.280801,-0.048651,0.179077,-0.321589,-0.055626,0.014699,-0.266573,-0.026471,0.018877,-0.319786,-0.066202,0.036672,-0.242953,-0.083111,0.050996,-0.183859,-0.085385,-0.032303,-0.242137,-0.031319,-0.023122,-0.29117,-0.083904,0.009773,-0.200772,-0.10016,0.031066,-0.137074,-0.100027,-0.077434,-0.215754,-0.042387,-0.071342,-0.25213,-0.096271,-0.026581,-0.172855,-0.107361,0.002672,-0.115242,-0.100599,-0.118974,-0.186928,-0.054395,-0.157969,-0.274541,-0.082576,-0.179538,-0.3323,-0.092821,-0.20069,-0.394002,-0.096294,Y
0.0,0.0,-1e-06,0.062042,-0.081942,-0.02598,0.097848,-0.198765,-0.037367,0.134428,-0.282692,-0.04938,0.182113,-0.324126,-0.056454,0.015509,-0.267247,-0.026041,0.019399,-0.320027,-0.06626,0.036269,-0.243648,-0.08397,0.050394,-0.184008,-0.086862,-0.031753,-0.243212,-0.030665,-0.022819,-0.291242,-0.083136,0.009218,-0.201458,-0.099553,0.030316,-0.13757,-0.099698,-0.076924,-0.21652,-0.041713,-0.070605,-0.250896,-0.09544,-0.026228,-0.172655,-0.106734,0.002984,-0.115794,-0.100263,-0.118025,-0.186931,-0.053757,-0.156711,-0.27437,-0.081745,-0.178074,-0.332331,-0.092084,-0.198965,-0.393739,-0.095729,Y
0.0,0.0,-1e-06,0.061129,-0.082123,-0.024927,0.096131,-0.198989,-0.035739,0.132644,-0.282135,-0.047267,0.180326,-0.322361,-0.053885,0.015124,-0.26755,-0.025073,0.019399,-0.31962,-0.063593,0.036293,-0.243237,-0.079905,0.049719,-0.184303,-0.082022,-0.032024,-0.24315,-0.02998,-0.023777,-0.292443,-0.081526,0.008968,-0.202799,-0.097632,0.030117,-0.138954,-0.097555,-0.077325,-0.216833,-0.041024,-0.071838,-0.253228,-0.094016,-0.026499,-0.174773,-0.105336,0.003156,-0.117296,-0.098981,-0.119224,-0.188029,-0.052946,-0.157453,-0.275399,-0.0808,-0.178934,-0.33378,-0.091342,-0.200334,-0.396258,-0.095195,Y
0.0,0.0,-1e-06,0.061802,-0.081014,-0.026062,0.097392,-0.197658,-0.037215,0.133452,-0.281234,-0.04894,0.179628,-0.322864,-0.055635,0.015575,-0.266636,-0.026392,0.019939,-0.319368,-0.066143,0.037142,-0.242507,-0.083007,0.051444,-0.183606,-0.08529,-0.03164,-0.242657,-0.030973,-0.022565,-0.291979,-0.083735,0.009697,-0.201249,-0.099799,0.030947,-0.137034,-0.099394,-0.076875,-0.216574,-0.041913,-0.070563,-0.252423,-0.095748,-0.026058,-0.17333,-0.106691,0.003265,-0.115961,-0.099783,-0.118292,-0.187905,-0.053876,-0.15689,-0.275305,-0.081847,-0.178108,-0.333402,-0.092137,-0.198667,-0.395444,-0.095685,Y
0.0,0.0,-1e-06,0.062305,-0.081593,-0.025472,0.098322,-0.199701,-0.036403,0.134547,-0.284248,-0.047987,0.182104,-0.325101,-0.054593,0.015759,-0.267895,-0.026168,0.019607,-0.321342,-0.065866,0.036377,-0.24423,-0.082941,0.050276,-0.184483,-0.0855,-0.031542,-0.243617,-0.03099,-0.022741,-0.292802,-0.08327,0.009231,-0.202276,-0.099228,0.030086,-0.138164,-0.099055,-0.076808,-0.21693,-0.042138,-0.070816,-0.25208,-0.095581,-0.026321,-0.173474,-0.106581,0.002872,-0.116589,-0.100031,-0.118069,-0.187545,-0.054246,-0.156812,-0.274964,-0.081962,-0.178065,-0.332851,-0.092218,-0.198911,-0.394476,-0.095935,Y
0.0,0.0,-1e-06,0.062237,-0.080816,-0.025076,0.098256,-0.202127,-0.034866,0.133129,-0.287438,-0.045446,0.179692,-0.329089,-0.051169,0.014581,-0.266174,-0.024965,0.018295,-0.319834,-0.063925,0.034832,-0.242549,-0.080438,0.049563,-0.182777,-0.082627,-0.0333,-0.24185,-0.029758,-0.02497,-0.292953,-0.082012,0.006843,-0.202242,-0.097989,0.028425,-0.136832,-0.097535,-0.078812,-0.215242,-0.040811,-0.07343,-0.252775,-0.093701,-0.029087,-0.174369,-0.104541,0.000551,-0.116783,-0.097793,-0.120465,-0.186322,-0.05288,-0.159757,-0.273359,-0.080019,-0.181587,-0.331478,-0.090333,-0.202618,-0.393051,-0.094133,Y
0.0,0.0,-1e-06,0.061113,-0.082606,-0.0246,0.096088,-0.202398,-0.034605,0.130764,-0.287289,-0.045659,0.176665,-0.329187,-0.051924,0.011917,-0.267848,-0.02394,0.016436,-0.320707,-0.062812,0.033903,-0.243641,-0.079341,0.048459,-0.185214,-0.081355,-0.035644,-0.242535,-0.028995,-0.027412,-0.292912,-0.081127,0.005771,-0.203041,-0.097172,0.02791,-0.138731,-0.096575,-0.080944,-0.215391,-0.040287,-0.075339,-0.252174,-0.093233,-0.030052,-0.174054,-0.103999,2e-05,-0.116469,-0.096877,-0.122584,-0.186188,-0.052557,-0.161566,-0.273092,-0.079654,-0.183402,-0.331155,-0.089617,-0.204811,-0.392522,-0.092911,Y
0.0,0.0,-1e-06,0.061109,-0.081992,-0.025208,0.096023,-0.202492,-0.03537,0.130601,-0.287709,-0.046475,0.176345,-0.330001,-0.052739,0.011791,-0.269272,-0.024546,0.016743,-0.320966,-0.063273,0.034226,-0.244246,-0.079373,0.048635,-0.186115,-0.081035,-0.035964,-0.244173,-0.029234,-0.026701,-0.293358,-0.081728,0.00656,-0.203058,-0.097846,0.028234,-0.138454,-0.097096,-0.08122,-0.217152,-0.040112,-0.075195,-0.253762,-0.093544,-0.029874,-0.174452,-0.104279,-0.000148,-0.116197,-0.096897,-0.122917,-0.187774,-0.051985,-0.161668,-0.274146,-0.079349,-0.183789,-0.331382,-0.089304,-0.20561,-0.392355,-0.092431,Y
0.0,0.0,-1e-06,0.06077,-0.082664,-0.025066,0.095735,-0.204536,-0.035414,0.131802,-0.290312,-0.046526,0.179111,-0.33323,-0.052707,0.013158,-0.269137,-0.025038,0.016383,-0.324014,-0.064134,0.033483,-0.247812,-0.080784,0.04848,-0.189149,-0.083186,-0.034078,-0.244273,-0.029869,-0.026542,-0.295307,-0.082322,0.006434,-0.20475,-0.098442,0.028442,-0.139889,-0.098181,-0.079313,-0.217099,-0.041012,-0.074139,-0.2553,-0.094086,-0.028488,-0.176603,-0.104969,0.001708,-0.11876,-0.09832,-0.120602,-0.187587,-0.053165,-0.159906,-0.274656,-0.080876,-0.181674,-0.333155,-0.091748,-0.203083,-0.395397,-0.095929,Y
0.0,0.0,-1e-06,0.061295,-0.080981,-0.024556,0.096435,-0.200257,-0.034304,0.129939,-0.285214,-0.045,0.17533,-0.327201,-0.050876,0.013175,-0.266012,-0.023734,0.016879,-0.320196,-0.061861,0.03426,-0.244277,-0.077724,0.048944,-0.186086,-0.07941,-0.033915,-0.24117,-0.028482,-0.026044,-0.292593,-0.080197,0.006795,-0.203014,-0.096069,0.02839,-0.13884,-0.095353,-0.07884,-0.214853,-0.039344,-0.073897,-0.253445,-0.091908,-0.029091,-0.175215,-0.102528,0.00039,-0.117785,-0.095397,-0.120421,-0.186502,-0.051132,-0.159165,-0.272768,-0.078054,-0.180612,-0.329906,-0.087958,-0.201887,-0.390756,-0.091196,Y
0.0,0.0,-1e-06,0.061666,-0.080552,-0.02464,0.097236,-0.200771,-0.034179,0.131178,-0.286126,-0.044727,0.176749,-0.329074,-0.050491,0.013177,-0.265308,-0.023066,0.016464,-0.319662,-0.061392,0.033307,-0.243368,-0.077687,0.048189,-0.184694,-0.079722,-0.034226,-0.240449,-0.027906,-0.026882,-0.292037,-0.079819,0.00579,-0.20271,-0.096129,0.027841,-0.138159,-0.095762,-0.078939,-0.213842,-0.038922,-0.074135,-0.2516,-0.091368,-0.029215,-0.174601,-0.102165,0.000935,-0.118069,-0.095297,-0.120089,-0.185224,-0.050951,-0.158653,-0.271151,-0.077398,-0.179296,-0.32823,-0.087102,-0.199329,-0.388742,-0.0904,Y
0.0,0.0,-1e-06,0.061179,-0.080759,-0.025012,0.096285,-0.199582,-0.035121,0.1302,-0.284669,-0.046144,0.175862,-0.326289,-0.052335,0.013672,-0.263719,-0.024636,0.016533,-0.318793,-0.063548,0.033791,-0.243188,-0.0797,0.048568,-0.183794,-0.081368,-0.033603,-0.238358,-0.02946,-0.026869,-0.291264,-0.081965,0.006067,-0.202482,-0.098053,0.028254,-0.137933,-0.097379,-0.07857,-0.21157,-0.040512,-0.073869,-0.249178,-0.093737,-0.029432,-0.17183,-0.104448,-0.000125,-0.114998,-0.097214,-0.120209,-0.183,-0.052549,-0.158921,-0.269373,-0.079451,-0.180043,-0.327014,-0.089157,-0.200708,-0.387972,-0.092279,Y
0.0,0.0,-1e-06,0.061215,-0.082509,-0.024742,0.096211,-0.203687,-0.034553,0.130977,-0.289257,-0.045421,0.177595,-0.332693,-0.051439,0.012019,-0.268105,-0.022873,0.015252,-0.322388,-0.061355,0.032235,-0.245775,-0.077602,0.046939,-0.186751,-0.079549,-0.03527,-0.24312,-0.027676,-0.027884,-0.294481,-0.079892,0.004963,-0.204161,-0.096347,0.026513,-0.138933,-0.096067,-0.080066,-0.216259,-0.03871,-0.075791,-0.255806,-0.091265,-0.030438,-0.177944,-0.101997,-0.00021,-0.12017,-0.095128,-0.121605,-0.187148,-0.050782,-0.160215,-0.27313,-0.077358,-0.181079,-0.330276,-0.087342,-0.201738,-0.390787,-0.090863,Y
0.0,0.0,-1e-06,0.061816,-0.080495,-0.025727,0.097614,-0.202004,-0.035718,0.131396,-0.288927,-0.046498,0.178384,-0.332913,-0.052333,0.013994,-0.266001,-0.023592,0.016426,-0.32183,-0.062015,0.032914,-0.245568,-0.077904,0.04748,-0.185705,-0.079618,-0.033698,-0.241344,-0.027952,-0.02722,-0.294502,-0.080344,0.005153,-0.203679,-0.096642,0.026571,-0.137606,-0.096181,-0.078841,-0.214787,-0.038646,-0.075208,-0.255084,-0.091346,-0.030503,-0.176565,-0.101801,-0.00081,-0.118526,-0.094699,-0.120774,-0.186081,-0.050459,-0.159485,-0.272138,-0.07708,-0.179883,-0.329269,-0.086998,-0.200131,-0.390104,-0.090479,Y
0.0,0.0,-1e-06,-0.078516,-0.096412,-0.023812,-0.124805,-0.230639,-0.036172,-0.161534,-0.328894,-0.055075,-0.213821,-0.367575,-0.071065,-0.031674,-0.29126,0.002753,-0.021184,-0.348145,-0.03834,-0.032718,-0.262277,-0.059571,-0.048208,-0.187869,-0.060719,0.025453,-0.273015,-0.001592,0.032277,-0.334518,-0.056661,0.007933,-0.234294,-0.077966,-0.013709,-0.156812,-0.074928,0.078069,-0.250788,-0.012974,0.087171,-0.301092,-0.063004,0.051879,-0.210793,-0.072405,0.023365,-0.143136,-0.057814,0.124862,-0.22618,-0.02621,0.163724,-0.322226,-0.041205,0.190032,-0.380343,-0.041929,0.211434,-0.438963,-0.035053,Y
0.0,0.0,-1e-06,-0.077574,-0.095571,-0.02321,-0.122656,-0.227678,-0.035296,-0.157548,-0.323318,-0.054081,-0.208958,-0.361969,-0.070005,-0.031842,-0.287131,0.002545,-0.022191,-0.343678,-0.037929,-0.033451,-0.257376,-0.058432,-0.047825,-0.185221,-0.05923,0.024357,-0.268164,-0.002088,0.030871,-0.328232,-0.055483,0.007207,-0.228004,-0.075225,-0.013851,-0.154259,-0.071763,0.076014,-0.245923,-0.013786,0.086161,-0.298306,-0.06279,0.051536,-0.208048,-0.070816,0.023636,-0.142781,-0.05582,0.12202,-0.220834,-0.027432,0.161124,-0.316643,-0.042242,0.186476,-0.373047,-0.042371,0.206507,-0.431688,-0.035204,Y
0.0,0.0,-1e-06,-0.064427,-0.095743,-0.024467,-0.089972,-0.227168,-0.038149,-0.111395,-0.329462,-0.058429,-0.158578,-0.378004,-0.075918,-0.001933,-0.273383,0.003149,0.014511,-0.329268,-0.037087,-0.006263,-0.25328,-0.059774,-0.027967,-0.18665,-0.063195,0.047146,-0.250353,-0.000992,0.062334,-0.312168,-0.052682,0.028076,-0.222171,-0.073078,0.001924,-0.153484,-0.071028,0.092783,-0.222783,-0.01239,0.111625,-0.28104,-0.059052,0.069363,-0.201738,-0.066169,0.036851,-0.141938,-0.05216,0.133287,-0.192127,-0.026281,0.176839,-0.279574,-0.040778,0.203745,-0.331682,-0.041902,0.227963,-0.385604,-0.03636,Y
0.0,0.0,-1e-06,-0.078857,-0.072461,-0.023682,-0.126854,-0.191576,-0.035445,-0.162791,-0.279667,-0.052185,-0.210231,-0.318367,-0.065145,-0.049141,-0.262602,0.000198,-0.04038,-0.321533,-0.037374,-0.04481,-0.238842,-0.056518,-0.053082,-0.168013,-0.057831,0.003916,-0.254326,-0.002406,0.011989,-0.314421,-0.050449,-0.003284,-0.219492,-0.067303,-0.017042,-0.14898,-0.062908,0.052555,-0.239181,-0.011774,0.062143,-0.288888,-0.055185,0.037728,-0.202132,-0.061648,0.016641,-0.139858,-0.047935,0.095128,-0.220118,-0.023094,0.121029,-0.310728,-0.037608,0.13979,-0.3659,-0.038857,0.155942,-0.421868,-0.032957,Y
0.0,0.0,-1e-06,-0.076757,-0.076083,-0.02412,-0.122017,-0.197134,-0.035581,-0.156736,-0.286437,-0.052158,-0.203337,-0.326982,-0.06464,-0.046551,-0.266752,0.001119,-0.035021,-0.323501,-0.03635,-0.04013,-0.240984,-0.054658,-0.050283,-0.171876,-0.05504,0.007159,-0.257284,-0.00135,0.016833,-0.315824,-0.049861,0.000184,-0.220945,-0.066858,-0.015962,-0.151416,-0.062238,0.056826,-0.240856,-0.010775,0.068174,-0.289169,-0.0552,0.041211,-0.202799,-0.062636,0.017406,-0.142211,-0.049104,0.099835,-0.220904,-0.022163,0.127938,-0.310128,-0.0367,0.147143,-0.364837,-0.038355,0.162674,-0.42049,-0.032619,Y
0.0,0.0,-1e-06,-0.078347,-0.073687,-0.024165,-0.125731,-0.195345,-0.035503,-0.160934,-0.285103,-0.051825,-0.208016,-0.324395,-0.064024,-0.047817,-0.263022,0.000733,-0.037649,-0.321402,-0.03605,-0.042536,-0.238099,-0.053626,-0.052041,-0.168852,-0.053747,0.005975,-0.254192,-0.001599,0.014176,-0.313491,-0.049506,-0.001463,-0.218448,-0.065917,-0.015932,-0.14947,-0.061178,0.055268,-0.238611,-0.010775,0.065185,-0.287428,-0.054589,0.03952,-0.199989,-0.061067,0.017417,-0.138745,-0.047191,0.09826,-0.219579,-0.021902,0.124396,-0.309681,-0.036107,0.142762,-0.364736,-0.037094,0.15805,-0.420922,-0.031001,Y
0.0,0.0,-1e-06,-0.083591,-0.061187,-0.033047,-0.145498,-0.17764,-0.051009,-0.196046,-0.266439,-0.072572,-0.255942,-0.294163,-0.09006,-0.071485,-0.253388,-0.008158,-0.060312,-0.304927,-0.048788,-0.058232,-0.219579,-0.071706,-0.061177,-0.149049,-0.075887,-0.018976,-0.253254,-0.006666,-0.007906,-0.308744,-0.057228,-0.014712,-0.208443,-0.076602,-0.023833,-0.136441,-0.074472,0.028798,-0.248277,-0.012511,0.041529,-0.29379,-0.057942,0.026346,-0.198979,-0.065793,0.0088,-0.13287,-0.052851,0.070046,-0.238965,-0.021065,0.088774,-0.332297,-0.03414,0.10375,-0.387169,-0.035064,0.114914,-0.44395,-0.029709,Y
0.0,0.0,-1e-06,-0.07651,-0.075566,-0.027029,-0.123918,-0.195589,-0.040812,-0.161344,-0.282222,-0.060033,-0.213,-0.314333,-0.076044,-0.04336,-0.265012,-0.001729,-0.038332,-0.311147,-0.041877,-0.044918,-0.227737,-0.06249,-0.053113,-0.158816,-0.063976,0.010055,-0.253988,-0.004293,0.012819,-0.30371,-0.056176,-0.002706,-0.205934,-0.075014,-0.015705,-0.135316,-0.071603,0.059082,-0.238866,-0.014146,0.065804,-0.281018,-0.063432,0.039508,-0.190834,-0.071924,0.017373,-0.127879,-0.057613,0.10302,-0.222299,-0.026157,0.127934,-0.319546,-0.042252,0.144322,-0.376327,-0.04289,0.157253,-0.435276,-0.036113,Y
0.0,0.0,-1e-06,-0.07152,-0.083991,-0.0243,-0.108959,-0.211356,-0.036737,-0.139844,-0.306221,-0.05536,-0.191368,-0.344243,-0.071285,-0.027083,-0.265435,0.003504,-0.016243,-0.313688,-0.034217,-0.028957,-0.233196,-0.054585,-0.042449,-0.166244,-0.056695,0.024633,-0.247301,-8.5e-05,0.033837,-0.302961,-0.049957,0.009281,-0.207397,-0.068297,-0.010381,-0.13776,-0.064787,0.072492,-0.226123,-0.01078,0.084129,-0.278073,-0.057035,0.050739,-0.19063,-0.063894,0.024255,-0.128396,-0.049415,0.115276,-0.203097,-0.023705,0.150916,-0.293274,-0.037349,0.173175,-0.347021,-0.037272,0.192006,-0.405418,-0.030865,Y
0.0,0.0,-1e-06,-0.074199,-0.085269,-0.026486,-0.113374,-0.214884,-0.039278,-0.145049,-0.309522,-0.057984,-0.196599,-0.347616,-0.07355,-0.029244,-0.27243,0.001026,-0.017181,-0.320003,-0.039551,-0.030332,-0.236013,-0.060464,-0.044169,-0.168339,-0.061973,0.025118,-0.253505,-0.00168,0.034392,-0.305591,-0.053839,0.009567,-0.207468,-0.072063,-0.010081,-0.138467,-0.067956,0.074031,-0.231616,-0.01199,0.08577,-0.277496,-0.061425,0.051032,-0.187389,-0.068677,0.023685,-0.125462,-0.053319,0.117413,-0.208496,-0.024553,0.153044,-0.300014,-0.040618,0.174473,-0.354249,-0.041244,0.19252,-0.413252,-0.03448,Y
0.0,0.0,-1e-06,-0.074353,-0.083053,-0.026105,-0.114493,-0.211531,-0.038668,-0.147331,-0.305062,-0.057011,-0.199013,-0.342612,-0.072311,-0.031259,-0.27104,0.000406,-0.019551,-0.318624,-0.039962,-0.031385,-0.235396,-0.060615,-0.044639,-0.167624,-0.061892,0.022886,-0.253018,-0.002229,0.032753,-0.304696,-0.054327,0.008763,-0.206887,-0.072482,-0.011159,-0.137616,-0.068171,0.071837,-0.232149,-0.0123,0.083731,-0.276276,-0.061518,0.049885,-0.186739,-0.068996,0.022534,-0.125405,-0.053786,0.115527,-0.210163,-0.024488,0.149287,-0.302063,-0.040451,0.169635,-0.355719,-0.040931,0.18643,-0.413849,-0.034005,Y
0.0,0.0,-1e-06,-0.075354,-0.083066,-0.025339,-0.116314,-0.211538,-0.038007,-0.149316,-0.30316,-0.056359,-0.199686,-0.339204,-0.071496,-0.030652,-0.267781,-0.000648,-0.021271,-0.321176,-0.040515,-0.031722,-0.238772,-0.060991,-0.043277,-0.170927,-0.062396,0.022745,-0.251071,-0.00346,0.029694,-0.308331,-0.054958,0.008744,-0.212276,-0.072963,-0.008384,-0.141972,-0.068814,0.071129,-0.230571,-0.01339,0.08099,-0.279623,-0.06072,0.048768,-0.191025,-0.067293,0.023134,-0.128284,-0.052038,0.11413,-0.208509,-0.025527,0.146838,-0.301678,-0.040459,0.166973,-0.357801,-0.040848,0.183529,-0.416595,-0.034019,Y
0.0,0.0,-1e-06,-0.074991,-0.07788,-0.028353,-0.116668,-0.205752,-0.043195,-0.151471,-0.297986,-0.063172,-0.203384,-0.333681,-0.079459,-0.031096,-0.266043,-0.003945,-0.022639,-0.315745,-0.044211,-0.033855,-0.232461,-0.064743,-0.045577,-0.164512,-0.066616,0.022092,-0.250372,-0.005829,0.028398,-0.303921,-0.058097,0.006813,-0.207242,-0.076106,-0.010085,-0.137325,-0.072212,0.070476,-0.229825,-0.015012,0.080567,-0.27761,-0.06325,0.047493,-0.189556,-0.069712,0.021028,-0.127914,-0.054632,0.113316,-0.20766,-0.026717,0.143828,-0.300223,-0.042825,0.163073,-0.357125,-0.044068,0.179298,-0.416517,-0.037977,Y
0.0,0.0,-1e-06,-0.083315,-0.067894,-0.034006,-0.143746,-0.188562,-0.053335,-0.191984,-0.278688,-0.076121,-0.25074,-0.306953,-0.094633,-0.064643,-0.266141,-0.012281,-0.050518,-0.308041,-0.054727,-0.053168,-0.220935,-0.077404,-0.059015,-0.15131,-0.081356,-0.009111,-0.261569,-0.011621,0.003302,-0.308699,-0.064849,-0.010282,-0.205679,-0.083117,-0.023679,-0.13228,-0.079796,0.04027,-0.250056,-0.018441,0.05435,-0.287298,-0.068421,0.032687,-0.191371,-0.075921,0.010517,-0.124515,-0.061384,0.082596,-0.234774,-0.027774,0.107764,-0.328738,-0.044396,0.125744,-0.384794,-0.045763,0.138273,-0.443054,-0.039935,Y
0.0,0.0,-1e-06,-0.069439,-0.087257,-0.026653,-0.105013,-0.2165,-0.04203,-0.134684,-0.315164,-0.063454,-0.186157,-0.357709,-0.081937,-0.019199,-0.274268,-0.000478,-0.004993,-0.320989,-0.04058,-0.021808,-0.241067,-0.062897,-0.040232,-0.174088,-0.066173,0.032379,-0.253863,-0.003503,0.043642,-0.30679,-0.053788,0.015492,-0.212208,-0.072351,-0.007162,-0.143866,-0.069868,0.080048,-0.229163,-0.013929,0.095456,-0.279663,-0.060955,0.058375,-0.19276,-0.067513,0.028393,-0.130706,-0.053326,0.122131,-0.202211,-0.026894,0.158816,-0.291535,-0.041624,0.182207,-0.34441,-0.042375,0.202752,-0.401396,-0.036758,Y
0.0,0.0,-1e-06,-0.074806,-0.084832,-0.02604,-0.115334,-0.214334,-0.039159,-0.148424,-0.308252,-0.058324,-0.200202,-0.345151,-0.074481,-0.030368,-0.277521,0.000183,-0.019648,-0.323943,-0.040441,-0.031574,-0.240106,-0.061285,-0.043521,-0.172563,-0.062954,0.024678,-0.259652,-0.002898,0.033861,-0.31138,-0.054871,0.009658,-0.212974,-0.072346,-0.009594,-0.143506,-0.067872,0.074485,-0.237162,-0.013442,0.086766,-0.2835,-0.063268,0.052054,-0.192735,-0.069624,0.024497,-0.12973,-0.05357,0.118687,-0.212826,-0.026143,0.153504,-0.306187,-0.042515,0.174266,-0.360924,-0.042527,0.191528,-0.419825,-0.035201,Y
0.0,0.0,-1e-06,-0.081415,-0.065467,-0.030748,-0.136301,-0.184487,-0.047598,-0.178962,-0.273509,-0.068293,-0.232455,-0.305851,-0.084459,-0.055727,-0.26178,-0.009889,-0.047157,-0.316035,-0.049234,-0.05259,-0.22883,-0.068798,-0.059691,-0.158821,-0.071055,-0.000953,-0.254646,-0.010403,0.00568,-0.30776,-0.061111,-0.009921,-0.209154,-0.077855,-0.022966,-0.13853,-0.074088,0.048382,-0.24082,-0.017919,0.058663,-0.29008,-0.064247,0.033595,-0.19966,-0.069526,0.011639,-0.134912,-0.055013,0.090932,-0.223359,-0.027953,0.116327,-0.31627,-0.043917,0.134573,-0.373602,-0.045226,0.149926,-0.432128,-0.039647,Y
0.0,0.0,-1e-06,-0.081126,-0.065939,-0.029674,-0.135318,-0.182614,-0.04593,-0.177693,-0.270267,-0.065763,-0.228554,-0.305014,-0.08081,-0.057407,-0.260596,-0.010103,-0.047413,-0.315344,-0.048026,-0.053066,-0.228593,-0.065832,-0.060927,-0.159593,-0.067013,-0.002206,-0.252525,-0.010523,0.005468,-0.308424,-0.059816,-0.010762,-0.209515,-0.075502,-0.024757,-0.139131,-0.071137,0.047347,-0.23801,-0.01763,0.057423,-0.287728,-0.063116,0.03263,-0.196523,-0.068011,0.010737,-0.131813,-0.053482,0.090128,-0.220166,-0.026997,0.116229,-0.31128,-0.043264,0.134548,-0.368055,-0.044878,0.149028,-0.427006,-0.039515,Y
0.0,0.0,-1e-06,-0.079503,-0.065413,-0.030705,-0.133359,-0.183911,-0.047867,-0.17568,-0.272771,-0.068394,-0.227588,-0.307517,-0.084127,-0.054718,-0.263056,-0.013097,-0.044262,-0.316868,-0.051766,-0.049933,-0.231188,-0.069697,-0.057776,-0.161428,-0.07092,0.000914,-0.25478,-0.013424,0.009255,-0.308191,-0.063117,-0.007648,-0.210404,-0.078353,-0.022099,-0.139634,-0.07372,0.05058,-0.239193,-0.0205,0.06094,-0.286542,-0.066757,0.034678,-0.196768,-0.071574,0.012052,-0.132131,-0.056832,0.093493,-0.219584,-0.029894,0.120113,-0.311693,-0.04692,0.138681,-0.368817,-0.04864,0.153494,-0.426619,-0.043203,Y
0.0,0.0,-1e-06,-0.079302,-0.066563,-0.028062,-0.132203,-0.187635,-0.044221,-0.173549,-0.276399,-0.064553,-0.227306,-0.307859,-0.080583,-0.052291,-0.257751,-0.009705,-0.042515,-0.314881,-0.04851,-0.048918,-0.229718,-0.067935,-0.057033,-0.159739,-0.070325,0.001756,-0.249541,-0.011248,0.009428,-0.307022,-0.061076,-0.007457,-0.209535,-0.077477,-0.021058,-0.138058,-0.073739,0.050734,-0.234936,-0.019307,0.06175,-0.286422,-0.064032,0.036189,-0.197883,-0.068531,0.014073,-0.133435,-0.054068,0.093624,-0.216744,-0.029695,0.120652,-0.30892,-0.044347,0.138732,-0.365362,-0.044877,0.153178,-0.422652,-0.039144,Y
0.0,0.0,-1e-06,-0.080189,-0.06716,-0.027826,-0.132656,-0.188331,-0.04331,-0.173246,-0.276229,-0.062929,-0.225895,-0.306982,-0.078247,-0.052287,-0.259093,-0.008804,-0.041939,-0.315482,-0.04639,-0.048902,-0.230502,-0.064712,-0.058051,-0.160458,-0.066367,0.001856,-0.250713,-0.010308,0.009288,-0.306399,-0.058879,-0.007804,-0.209668,-0.074663,-0.022109,-0.139029,-0.070673,0.050754,-0.235934,-0.018346,0.061546,-0.287047,-0.062313,0.035971,-0.19854,-0.066983,0.013744,-0.134557,-0.052806,0.093364,-0.217668,-0.028687,0.119934,-0.309791,-0.043306,0.13834,-0.366552,-0.044157,0.153525,-0.42445,-0.038661,Y
0.0,0.0,-1e-06,-0.079351,-0.068261,-0.028111,-0.131425,-0.193445,-0.043673,-0.172768,-0.283721,-0.063682,-0.228295,-0.312883,-0.079506,-0.05031,-0.260503,-0.00898,-0.040041,-0.317715,-0.048017,-0.047576,-0.230435,-0.06722,-0.056581,-0.159928,-0.06939,0.003924,-0.25115,-0.010801,0.011306,-0.308764,-0.061307,-0.00643,-0.210028,-0.077269,-0.020152,-0.139355,-0.073023,0.052841,-0.235679,-0.019374,0.064956,-0.288726,-0.064955,0.03822,-0.198843,-0.069013,0.01552,-0.134789,-0.053918,0.095679,-0.216717,-0.030385,0.122487,-0.310506,-0.045502,0.141378,-0.367714,-0.046148,0.157354,-0.426367,-0.040409,Y
0.0,0.0,-1e-06,-0.079637,-0.071039,-0.026658,-0.130653,-0.195805,-0.041654,-0.17155,-0.285111,-0.061502,-0.227028,-0.314359,-0.077755,-0.0483,-0.260732,-0.006587,-0.039782,-0.317049,-0.044909,-0.04787,-0.231752,-0.064634,-0.056842,-0.161104,-0.067189,0.005549,-0.250659,-0.009065,0.011862,-0.308024,-0.059184,-0.005307,-0.210523,-0.075959,-0.018604,-0.138704,-0.072227,0.05419,-0.234958,-0.018157,0.065205,-0.287551,-0.063288,0.039698,-0.198182,-0.068574,0.018571,-0.133522,-0.054288,0.096893,-0.215696,-0.029567,0.123758,-0.310223,-0.043913,0.142882,-0.367499,-0.044679,0.15963,-0.425823,-0.039179,Y
0.0,0.0,-1e-06,-0.079899,-0.073474,-0.026883,-0.130206,-0.198842,-0.042097,-0.170741,-0.28899,-0.062357,-0.226044,-0.318951,-0.079093,-0.046474,-0.263168,-0.006325,-0.038558,-0.318572,-0.04517,-0.04767,-0.233774,-0.065235,-0.058224,-0.163947,-0.067752,0.007839,-0.252325,-0.008886,0.012242,-0.309308,-0.059083,-0.004787,-0.212331,-0.076309,-0.017866,-0.14172,-0.073026,0.057046,-0.235429,-0.018132,0.066093,-0.287381,-0.063498,0.038872,-0.197503,-0.068805,0.016966,-0.132921,-0.054459,0.100187,-0.215461,-0.029781,0.126202,-0.310633,-0.044571,0.144762,-0.36802,-0.045329,0.161717,-0.426603,-0.03965,Y
0.0,0.0,0.0,0.04616,-0.100903,-0.014354,0.040567,-0.223413,-0.027823,0.002905,-0.287543,-0.044004,-0.053018,-0.26863,-0.056901,-0.041749,-0.317371,-0.017402,-0.098259,-0.393161,-0.046331,-0.141161,-0.435982,-0.070219,-0.187504,-0.470449,-0.08857,-0.083588,-0.277427,-0.03066,-0.081687,-0.332276,-0.064031,-0.032719,-0.27672,-0.076296,-0.016637,-0.241266,-0.080931,-0.10937,-0.226108,-0.046629,-0.071243,-0.259599,-0.085042,-0.019001,-0.197559,-0.080419,-0.015975,-0.165335,-0.070118,-0.120719,-0.169122,-0.064812,-0.063707,-0.196619,-0.091285,-0.02648,-0.151597,-0.084676,-0.031806,-0.126036,-0.07589,Z
0.0,0.0,0.0,0.04948,-0.103346,-0.011216,0.045844,-0.230494,-0.022843,0.007199,-0.29441,-0.038067,-0.05087,-0.270543,-0.050214,-0.034471,-0.317982,-0.012678,-0.089253,-0.395495,-0.040668,-0.131798,-0.439932,-0.064764,-0.17865,-0.476414,-0.083762,-0.077067,-0.280352,-0.027662,-0.074985,-0.334908,-0.062696,-0.028695,-0.280636,-0.077377,-0.014528,-0.244466,-0.083373,-0.104207,-0.230186,-0.045094,-0.067563,-0.265962,-0.083335,-0.016761,-0.206401,-0.080328,-0.013321,-0.174784,-0.071277,-0.115891,-0.174802,-0.064639,-0.056552,-0.196551,-0.091227,-0.019543,-0.153698,-0.086685,-0.024564,-0.131822,-0.079747,Z
0.0,0.0,0.0,0.049856,-0.103832,-0.011916,0.045639,-0.230914,-0.023509,0.00595,-0.294197,-0.03842,-0.052326,-0.270927,-0.050265,-0.036504,-0.318889,-0.013962,-0.090071,-0.397096,-0.041848,-0.132287,-0.440751,-0.065854,-0.178501,-0.476195,-0.084448,-0.078117,-0.279726,-0.028393,-0.074676,-0.330737,-0.062097,-0.029264,-0.279209,-0.076292,-0.015455,-0.245509,-0.082499,-0.105069,-0.229323,-0.045345,-0.067163,-0.262228,-0.083019,-0.016567,-0.204328,-0.080667,-0.01286,-0.173456,-0.072278,-0.116407,-0.173927,-0.064388,-0.057466,-0.197666,-0.090383,-0.020099,-0.155021,-0.085614,-0.024578,-0.131098,-0.078584,Z
0.0,0.0,0.0,0.052031,-0.103735,-0.008866,0.049867,-0.233424,-0.019691,0.010589,-0.297952,-0.034696,-0.048729,-0.273784,-0.046336,-0.029307,-0.318635,-0.008976,-0.083213,-0.398503,-0.037598,-0.127523,-0.442348,-0.062364,-0.176492,-0.478121,-0.081445,-0.072928,-0.281178,-0.025414,-0.07732,-0.341202,-0.060702,-0.033861,-0.291979,-0.075808,-0.019778,-0.256937,-0.082041,-0.101292,-0.231709,-0.044543,-0.064031,-0.272592,-0.083429,-0.012373,-0.212028,-0.080443,-0.007187,-0.177436,-0.071045,-0.113517,-0.177344,-0.065678,-0.050826,-0.201101,-0.092331,-0.014509,-0.156691,-0.087781,-0.019244,-0.133534,-0.080894,Z
0.0,0.0,0.0,0.051024,-0.104618,-0.01188,0.047347,-0.232599,-0.023697,0.007258,-0.296008,-0.038969,-0.051063,-0.271185,-0.05106,-0.035639,-0.319677,-0.012965,-0.089139,-0.397637,-0.041197,-0.131445,-0.441179,-0.065548,-0.177528,-0.476343,-0.084308,-0.07744,-0.280463,-0.027699,-0.075356,-0.336083,-0.062315,-0.030387,-0.286569,-0.077193,-0.015627,-0.25118,-0.083562,-0.104585,-0.230116,-0.045054,-0.065797,-0.266071,-0.083356,-0.015614,-0.207668,-0.081166,-0.011809,-0.173971,-0.072574,-0.116088,-0.175343,-0.064573,-0.055604,-0.199344,-0.090921,-0.019138,-0.155796,-0.086466,-0.023913,-0.130275,-0.079634,Z
0.0,0.0,0.0,0.049912,-0.105266,-0.011703,0.046573,-0.2324,-0.02377,0.008061,-0.297089,-0.039339,-0.049544,-0.273322,-0.051806,-0.035771,-0.320328,-0.013055,-0.089597,-0.397766,-0.040875,-0.131319,-0.441282,-0.064756,-0.177516,-0.476578,-0.083341,-0.077962,-0.281702,-0.027637,-0.074745,-0.335543,-0.061873,-0.028519,-0.282475,-0.075998,-0.014495,-0.247116,-0.081821,-0.104853,-0.231245,-0.044723,-0.067193,-0.267038,-0.082549,-0.016297,-0.208251,-0.079647,-0.012838,-0.175741,-0.070725,-0.116447,-0.175602,-0.06393,-0.056985,-0.199907,-0.090115,-0.01996,-0.156904,-0.085378,-0.024726,-0.132823,-0.078279,Z
0.0,0.0,0.0,0.052662,-0.105554,-0.009317,0.050194,-0.234425,-0.020287,0.009796,-0.298857,-0.035431,-0.050389,-0.27311,-0.04697,-0.030189,-0.318314,-0.008924,-0.08541,-0.400723,-0.037155,-0.129944,-0.44597,-0.061639,-0.177804,-0.48211,-0.080692,-0.073327,-0.280378,-0.024992,-0.075785,-0.340354,-0.061725,-0.030964,-0.289833,-0.077611,-0.015341,-0.251657,-0.083962,-0.101536,-0.231481,-0.043669,-0.064797,-0.273419,-0.082756,-0.014396,-0.21406,-0.079789,-0.009851,-0.178501,-0.070259,-0.113234,-0.178221,-0.064463,-0.050181,-0.201966,-0.091147,-0.014634,-0.158799,-0.086975,-0.020173,-0.135901,-0.08029,Z
0.0,0.0,0.0,0.050713,-0.108207,-0.012542,0.0484,-0.233415,-0.025765,0.011723,-0.29795,-0.042422,-0.045401,-0.274967,-0.055554,-0.035368,-0.32406,-0.014861,-0.090013,-0.40176,-0.043323,-0.131909,-0.447112,-0.067217,-0.177985,-0.485363,-0.085962,-0.078154,-0.285574,-0.029717,-0.073461,-0.340135,-0.064123,-0.026565,-0.285641,-0.077678,-0.01205,-0.250156,-0.083179,-0.104822,-0.23426,-0.047154,-0.061423,-0.265094,-0.084756,-0.010689,-0.202214,-0.080064,-0.009216,-0.169276,-0.069931,-0.115908,-0.1773,-0.066954,-0.054617,-0.201349,-0.092208,-0.017571,-0.15732,-0.085863,-0.022944,-0.13297,-0.077622,Z
0.0,0.0,0.0,0.050713,-0.108207,-0.012542,0.0484,-0.233415,-0.025765,0.011723,-0.29795,-0.042422,-0.045401,-0.274967,-0.055554,-0.035368,-0.32406,-0.014861,-0.090013,-0.40176,-0.043323,-0.131909,-0.447112,-0.067217,-0.177985,-0.485363,-0.085962,-0.078154,-0.285574,-0.029717,-0.073461,-0.340135,-0.064123,-0.026565,-0.285641,-0.077678,-0.01205,-0.250156,-0.083179,-0.104822,-0.23426,-0.047154,-0.061423,-0.265094,-0.084756,-0.010689,-0.202214,-0.080064,-0.009216,-0.169276,-0.069931,-0.115908,-0.1773,-0.066954,-0.054617,-0.201349,-0.092208,-0.017571,-0.15732,-0.085863,-0.022944,-0.13297,-0.077622,Z
0.0,0.0,0.0,0.05123,-0.109223,-0.012667,0.048112,-0.234134,-0.025523,0.012153,-0.29839,-0.04168,-0.044379,-0.274664,-0.054361,-0.0366,-0.324275,-0.015043,-0.090338,-0.401108,-0.043398,-0.131975,-0.44656,-0.067042,-0.178108,-0.484943,-0.085545,-0.079249,-0.285654,-0.02964,-0.073232,-0.339619,-0.06294,-0.024833,-0.28211,-0.07521,-0.009873,-0.245683,-0.079809,-0.10525,-0.233983,-0.046937,-0.061706,-0.264526,-0.084004,-0.009759,-0.200681,-0.078683,-0.008122,-0.168108,-0.068035,-0.116165,-0.176004,-0.066599,-0.055937,-0.202404,-0.091247,-0.01817,-0.158597,-0.084081,-0.023519,-0.133928,-0.075195,Z
0.0,0.0,0.0,0.051575,-0.109215,-0.011037,0.049064,-0.23642,-0.02395,0.012205,-0.300972,-0.04069,-0.046081,-0.273354,-0.053852,-0.033338,-0.32227,-0.013093,-0.087474,-0.401638,-0.041247,-0.129833,-0.446761,-0.065235,-0.177495,-0.484478,-0.084073,-0.075803,-0.284012,-0.028865,-0.07415,-0.342162,-0.06348,-0.028519,-0.290663,-0.077445,-0.014821,-0.255687,-0.083076,-0.102946,-0.233107,-0.04718,-0.061986,-0.268665,-0.084369,-0.010508,-0.206331,-0.080024,-0.008668,-0.171754,-0.070109,-0.113998,-0.17715,-0.067848,-0.052891,-0.20168,-0.092677,-0.01607,-0.158329,-0.08686,-0.022117,-0.133844,-0.079223,Z
0.0,0.0,0.0,0.054166,-0.107908,-0.011526,0.052329,-0.238203,-0.023991,0.013445,-0.30304,-0.040273,-0.045306,-0.274966,-0.052466,-0.029954,-0.322752,-0.0111,-0.083647,-0.402778,-0.041091,-0.128936,-0.447288,-0.066427,-0.178776,-0.48469,-0.08582,-0.073653,-0.284995,-0.026777,-0.075441,-0.344809,-0.063772,-0.031201,-0.29559,-0.079047,-0.016136,-0.260407,-0.084759,-0.101556,-0.23499,-0.04545,-0.061972,-0.271903,-0.084505,-0.008729,-0.210352,-0.080461,-0.002985,-0.175055,-0.069898,-0.112637,-0.180181,-0.066679,-0.05007,-0.202582,-0.092597,-0.012374,-0.158687,-0.087421,-0.015931,-0.135245,-0.079837,Z
0.0,0.0,0.0,0.054132,-0.109755,-0.011176,0.05166,-0.238427,-0.023048,0.013033,-0.30241,-0.038414,-0.04498,-0.273023,-0.049672,-0.029469,-0.322508,-0.012495,-0.083259,-0.402749,-0.041787,-0.127504,-0.447705,-0.06675,-0.176686,-0.486435,-0.086286,-0.07369,-0.285507,-0.02809,-0.072217,-0.342396,-0.063403,-0.026299,-0.288945,-0.077588,-0.012179,-0.252345,-0.083325,-0.101547,-0.235355,-0.046521,-0.059436,-0.270031,-0.084291,-0.00703,-0.205951,-0.079277,-0.004325,-0.171347,-0.06869,-0.113056,-0.179518,-0.067493,-0.049133,-0.202121,-0.092854,-0.011353,-0.158311,-0.086994,-0.016812,-0.135413,-0.079191,Z
0.0,0.0,0.0,0.051874,-0.109222,-0.014049,0.04924,-0.233137,-0.028085,0.013803,-0.29851,-0.04527,-0.042237,-0.278322,-0.058769,-0.035929,-0.322361,-0.016615,-0.089816,-0.400494,-0.046415,-0.131421,-0.447257,-0.07084,-0.177914,-0.486564,-0.089635,-0.079,-0.284167,-0.030873,-0.072097,-0.341468,-0.065757,-0.024607,-0.285383,-0.078774,-0.010144,-0.249285,-0.083657,-0.105312,-0.233563,-0.047965,-0.061073,-0.269277,-0.086542,-0.009583,-0.204497,-0.080965,-0.008047,-0.170411,-0.069791,-0.116353,-0.176987,-0.067554,-0.054807,-0.204386,-0.093652,-0.016241,-0.159704,-0.086747,-0.020808,-0.134121,-0.077726,Z
0.0,0.0,0.0,0.047429,-0.100437,-0.013299,0.043163,-0.226737,-0.026231,0.006972,-0.294324,-0.042269,-0.048301,-0.269965,-0.055448,-0.042762,-0.31882,-0.016278,-0.099228,-0.396675,-0.0425,-0.138958,-0.44253,-0.064372,-0.182434,-0.481396,-0.082328,-0.084437,-0.279057,-0.030402,-0.080745,-0.338427,-0.065193,-0.031053,-0.28045,-0.07792,-0.016516,-0.242565,-0.081833,-0.109851,-0.227818,-0.046638,-0.069534,-0.261139,-0.085943,-0.017761,-0.197655,-0.081204,-0.016932,-0.164657,-0.070118,-0.120914,-0.170628,-0.064825,-0.06147,-0.200944,-0.09139,-0.026093,-0.153958,-0.084066,-0.034193,-0.126888,-0.074466,Z
0.0,0.0,0.0,0.049632,-0.104213,-0.012492,0.046384,-0.22924,-0.025694,0.009049,-0.295852,-0.042361,-0.04626,-0.27375,-0.05576,-0.038499,-0.321974,-0.015285,-0.095956,-0.401374,-0.043023,-0.138278,-0.446767,-0.066427,-0.183826,-0.483819,-0.084973,-0.081403,-0.282251,-0.0295,-0.077659,-0.339549,-0.064236,-0.028426,-0.283515,-0.07764,-0.012657,-0.24554,-0.082626,-0.10723,-0.231096,-0.04599,-0.066498,-0.266431,-0.084051,-0.014996,-0.204544,-0.078803,-0.012987,-0.170593,-0.068048,-0.118212,-0.17455,-0.064628,-0.057359,-0.202976,-0.090209,-0.022443,-0.157765,-0.083022,-0.029796,-0.132514,-0.073923,Z
0.0,0.0,0.0,0.048477,-0.104416,-0.012242,0.045774,-0.230577,-0.024608,0.010631,-0.297624,-0.040302,-0.04455,-0.274716,-0.052773,-0.03834,-0.320979,-0.014783,-0.093779,-0.398859,-0.042108,-0.134732,-0.444727,-0.065205,-0.180102,-0.483685,-0.08369,-0.081388,-0.282543,-0.029202,-0.075735,-0.341125,-0.062765,-0.026847,-0.283219,-0.075646,-0.01242,-0.246015,-0.080435,-0.107192,-0.231877,-0.045946,-0.065251,-0.26928,-0.083643,-0.0139,-0.203962,-0.078408,-0.013086,-0.169994,-0.067692,-0.118196,-0.175849,-0.064851,-0.05705,-0.204749,-0.090598,-0.020634,-0.158256,-0.08364,-0.02736,-0.132327,-0.074732,Z
0.0,0.0,0.0,0.048081,-0.105337,-0.014254,0.043813,-0.228247,-0.027597,0.00821,-0.293932,-0.043631,-0.046048,-0.275879,-0.056221,-0.040143,-0.32365,-0.018224,-0.096072,-0.401497,-0.046562,-0.137781,-0.447042,-0.06983,-0.182871,-0.485141,-0.088175,-0.082751,-0.283785,-0.031822,-0.076405,-0.337948,-0.064545,-0.02747,-0.279328,-0.076041,-0.012466,-0.244515,-0.080548,-0.108487,-0.232295,-0.048055,-0.064585,-0.262943,-0.085846,-0.013892,-0.197592,-0.079848,-0.013567,-0.166537,-0.068965,-0.119683,-0.174507,-0.06657,-0.059635,-0.203085,-0.092288,-0.023597,-0.15703,-0.084325,-0.031029,-0.132052,-0.074766,Z
0.0,0.0,0.0,0.04887,-0.106925,-0.012353,0.04568,-0.230533,-0.025086,0.007644,-0.295134,-0.041147,-0.048385,-0.272645,-0.054194,-0.036765,-0.320702,-0.014685,-0.093024,-0.400619,-0.04243,-0.134873,-0.447137,-0.065579,-0.179198,-0.485126,-0.083612,-0.078504,-0.28254,-0.029345,-0.075041,-0.338526,-0.063887,-0.029817,-0.283862,-0.077275,-0.015954,-0.246657,-0.082192,-0.10511,-0.231749,-0.046468,-0.062468,-0.261196,-0.085301,-0.012539,-0.197619,-0.081733,-0.010595,-0.163558,-0.071651,-0.117817,-0.17513,-0.06558,-0.05918,-0.200445,-0.091432,-0.023432,-0.154716,-0.084898,-0.029017,-0.128404,-0.076161,Z
0.0,0.0,0.0,0.049363,-0.106096,-0.012626,0.045502,-0.231635,-0.025077,0.00936,-0.297738,-0.040648,-0.04522,-0.276164,-0.052829,-0.037639,-0.326087,-0.015861,-0.094162,-0.406237,-0.043468,-0.135949,-0.452397,-0.066573,-0.180984,-0.491551,-0.08507,-0.080825,-0.287166,-0.030232,-0.074922,-0.341125,-0.063903,-0.027641,-0.282253,-0.076768,-0.013618,-0.246036,-0.081937,-0.1076,-0.236112,-0.046998,-0.065489,-0.269579,-0.085289,-0.01518,-0.204923,-0.080508,-0.013586,-0.172652,-0.070273,-0.11925,-0.179452,-0.065892,-0.057318,-0.20499,-0.092474,-0.019783,-0.157804,-0.086012,-0.024929,-0.132239,-0.077413,Z
0.0,0.0,0.0,0.047281,-0.10476,-0.01487,0.04383,-0.228437,-0.029056,0.006692,-0.293614,-0.045943,-0.048677,-0.274667,-0.059368,-0.04098,-0.324002,-0.019437,-0.097965,-0.403809,-0.048189,-0.140067,-0.449206,-0.071189,-0.185105,-0.487047,-0.0893,-0.083885,-0.283625,-0.033094,-0.077792,-0.337921,-0.067512,-0.029648,-0.279525,-0.0795,-0.014882,-0.245265,-0.083912,-0.110076,-0.232122,-0.04934,-0.065459,-0.260508,-0.088499,-0.015081,-0.194651,-0.082593,-0.014766,-0.163862,-0.0714,-0.12138,-0.1747,-0.067855,-0.060007,-0.20059,-0.0943,-0.024519,-0.153385,-0.086482,-0.032629,-0.128846,-0.076868,Z
0.0,0.0,0.0,0.04788,-0.105705,-0.014882,0.04366,-0.230566,-0.028901,0.00681,-0.297083,-0.045691,-0.048769,-0.274416,-0.058855,-0.040897,-0.324342,-0.019048,-0.097181,-0.404386,-0.047693,-0.139082,-0.450409,-0.070724,-0.18434,-0.488959,-0.089083,-0.084012,-0.284559,-0.032748,-0.077439,-0.338597,-0.067826,-0.029268,-0.279792,-0.079875,-0.014851,-0.245051,-0.084122,-0.110152,-0.233507,-0.049077,-0.065092,-0.261559,-0.088286,-0.014351,-0.195295,-0.08201,-0.014179,-0.163581,-0.070461,-0.121445,-0.176498,-0.067845,-0.059735,-0.201965,-0.094307,-0.024395,-0.154652,-0.08669,-0.032581,-0.129852,-0.077223,Z
0.0,0.0,0.0,0.046779,-0.104135,-0.014458,0.041609,-0.229395,-0.027944,0.004848,-0.29522,-0.044385,-0.050418,-0.272581,-0.05752,-0.043808,-0.322966,-0.016847,-0.100865,-0.4006,-0.044267,-0.141901,-0.44568,-0.06649,-0.185561,-0.483344,-0.084362,-0.086405,-0.282335,-0.030595,-0.081096,-0.33757,-0.066267,-0.032492,-0.278526,-0.078993,-0.017709,-0.24247,-0.082981,-0.112393,-0.230809,-0.04685,-0.069358,-0.258607,-0.08673,-0.017816,-0.193714,-0.081825,-0.01704,-0.161921,-0.070651,-0.123934,-0.173448,-0.065322,-0.063809,-0.199585,-0.092044,-0.027893,-0.152263,-0.084955,-0.035646,-0.126754,-0.075606,Z
0.0,0.0,0.0,0.046895,-0.104482,-0.014096,0.042136,-0.231561,-0.028082,0.005073,-0.299246,-0.045203,-0.050403,-0.273735,-0.059064,-0.045393,-0.3258,-0.016968,-0.10149,-0.405224,-0.044222,-0.141919,-0.450819,-0.066357,-0.185936,-0.489213,-0.084402,-0.087996,-0.284445,-0.031108,-0.081372,-0.338953,-0.067018,-0.031315,-0.279449,-0.079558,-0.016528,-0.244235,-0.083442,-0.113282,-0.232409,-0.047669,-0.068875,-0.259801,-0.087751,-0.017047,-0.195458,-0.082533,-0.016663,-0.163863,-0.071209,-0.124288,-0.174776,-0.066414,-0.061679,-0.200688,-0.093042,-0.026622,-0.152724,-0.085639,-0.035271,-0.127242,-0.076103,Z
0.0,0.0,0.0,0.052822,-0.110969,-0.012573,0.049586,-0.241673,-0.025081,0.0095,-0.306538,-0.041075,-0.049252,-0.278603,-0.053559,-0.034484,-0.328818,-0.013508,-0.089809,-0.408611,-0.042204,-0.132691,-0.453368,-0.066326,-0.179408,-0.491027,-0.084918,-0.078133,-0.288991,-0.028514,-0.075144,-0.344096,-0.063888,-0.029486,-0.291807,-0.078081,-0.014797,-0.257058,-0.0835,-0.105909,-0.237247,-0.046309,-0.064177,-0.26834,-0.085398,-0.012573,-0.206439,-0.082643,-0.008776,-0.173496,-0.073155,-0.117553,-0.180419,-0.066388,-0.055734,-0.202938,-0.092226,-0.018698,-0.158149,-0.0869,-0.023384,-0.133965,-0.079283,Z
0.0,0.0,0.0,0.040946,-0.088137,-0.018085,0.047205,-0.216991,-0.030635,0.007574,-0.295943,-0.046195,-0.052826,-0.307263,-0.059573,-0.031801,-0.302453,-0.006998,-0.080379,-0.405649,-0.032371,-0.118486,-0.458803,-0.054337,-0.162093,-0.500141,-0.071063,-0.068887,-0.268213,-0.016864,-0.072008,-0.340727,-0.052618,-0.025149,-0.283471,-0.069395,-0.012425,-0.253954,-0.074829,-0.097447,-0.222314,-0.029628,-0.089896,-0.289387,-0.071278,-0.033407,-0.227178,-0.069242,-0.021905,-0.19309,-0.058063,-0.119166,-0.168472,-0.043842,-0.096683,-0.236151,-0.072358,-0.054895,-0.196118,-0.063977,-0.050117,-0.164836,-0.052123,Z
0.0,0.0,0.0,0.047611,-0.091713,-0.015235,0.052625,-0.221112,-0.026247,0.014565,-0.298984,-0.04116,-0.045769,-0.306894,-0.054499,-0.026349,-0.318913,-0.001547,-0.075799,-0.418354,-0.027099,-0.115738,-0.473266,-0.051221,-0.16015,-0.51456,-0.069108,-0.064729,-0.286834,-0.012736,-0.065346,-0.355446,-0.046395,-0.01684,-0.296274,-0.063954,-0.000451,-0.260405,-0.07031,-0.094348,-0.239922,-0.027101,-0.080175,-0.299111,-0.066879,-0.023843,-0.237546,-0.067606,-0.010572,-0.201195,-0.058509,-0.116156,-0.183975,-0.04283,-0.087926,-0.244003,-0.070407,-0.045665,-0.203262,-0.063844,-0.038694,-0.171974,-0.053395,Z
0.0,0.0,0.0,0.046708,-0.089993,-0.01658,0.051195,-0.219309,-0.028267,0.01344,-0.297764,-0.043679,-0.047224,-0.307625,-0.057221,-0.027664,-0.315765,-0.00239,-0.078193,-0.417903,-0.028432,-0.11856,-0.47328,-0.05269,-0.163076,-0.513346,-0.070609,-0.065771,-0.283542,-0.013073,-0.067551,-0.354027,-0.047418,-0.018664,-0.295708,-0.065055,-0.002651,-0.261122,-0.071364,-0.095453,-0.236564,-0.027153,-0.081971,-0.296174,-0.067915,-0.024882,-0.233045,-0.068361,-0.012227,-0.196278,-0.058848,-0.11726,-0.180867,-0.042691,-0.090087,-0.241483,-0.071193,-0.047244,-0.20058,-0.064814,-0.040223,-0.169828,-0.054396,Z
0.0,0.0,0.0,0.050342,-0.089359,-0.017124,0.056585,-0.217948,-0.028927,0.017539,-0.296165,-0.044174,-0.041991,-0.308746,-0.057826,-0.024103,-0.318063,-0.004641,-0.072672,-0.417196,-0.031207,-0.112762,-0.472439,-0.055649,-0.156547,-0.513761,-0.073683,-0.063281,-0.286236,-0.014984,-0.0622,-0.350628,-0.048804,-0.013413,-0.289147,-0.066084,0.003712,-0.252989,-0.072606,-0.093717,-0.239422,-0.028626,-0.077421,-0.29549,-0.068848,-0.021919,-0.23192,-0.069197,-0.008771,-0.196286,-0.060174,-0.116533,-0.182722,-0.04374,-0.08799,-0.240631,-0.072087,-0.045022,-0.198403,-0.065507,-0.036737,-0.16687,-0.055031,Z
0.0,0.0,0.0,0.05039,-0.089129,-0.016891,0.05738,-0.218902,-0.028961,0.017094,-0.296993,-0.044632,-0.043071,-0.309088,-0.058782,-0.024372,-0.318312,-0.004151,-0.074018,-0.417762,-0.030595,-0.114543,-0.47409,-0.055032,-0.15849,-0.516027,-0.073107,-0.063467,-0.286634,-0.014828,-0.062708,-0.353887,-0.049792,-0.014091,-0.293083,-0.067769,0.002445,-0.255394,-0.074187,-0.093635,-0.240356,-0.028668,-0.077619,-0.299037,-0.069352,-0.021743,-0.235717,-0.069574,-0.008858,-0.198255,-0.060104,-0.116072,-0.184347,-0.043943,-0.087666,-0.244432,-0.07228,-0.045266,-0.201549,-0.065182,-0.038065,-0.16857,-0.054137,Z
0.0,0.0,0.0,0.048229,-0.089057,-0.017497,0.054758,-0.218906,-0.028566,0.016023,-0.297339,-0.042826,-0.044545,-0.307172,-0.055083,-0.025962,-0.319294,-0.002384,-0.075162,-0.418359,-0.027231,-0.115815,-0.473472,-0.050786,-0.160349,-0.51565,-0.068522,-0.065198,-0.287926,-0.012225,-0.06475,-0.350445,-0.04484,-0.015956,-0.289004,-0.06175,0.000823,-0.254942,-0.067912,-0.095355,-0.241177,-0.025446,-0.078767,-0.293953,-0.065011,-0.022614,-0.230048,-0.065469,-0.009889,-0.196023,-0.056409,-0.117193,-0.184891,-0.040225,-0.087346,-0.240527,-0.068298,-0.044882,-0.197255,-0.061645,-0.038145,-0.166611,-0.050979,Z
0.0,0.0,0.0,0.049708,-0.088008,-0.018028,0.05634,-0.216121,-0.030666,0.016486,-0.293488,-0.046565,-0.043764,-0.305829,-0.060778,-0.024482,-0.315748,-0.005485,-0.073935,-0.416327,-0.031984,-0.114578,-0.472605,-0.056126,-0.158252,-0.51416,-0.074027,-0.063373,-0.284112,-0.015498,-0.063949,-0.349748,-0.050275,-0.01572,-0.290369,-0.067509,0.001822,-0.255137,-0.073467,-0.093727,-0.237603,-0.028752,-0.078656,-0.294205,-0.069427,-0.023093,-0.231056,-0.068835,-0.009433,-0.195001,-0.058846,-0.116391,-0.180928,-0.043555,-0.088236,-0.239096,-0.072097,-0.046183,-0.195894,-0.064569,-0.038645,-0.163395,-0.053088,Z
0.0,0.0,0.0,0.044996,-0.08651,-0.016029,0.052406,-0.216335,-0.026501,0.012775,-0.29372,-0.040166,-0.047009,-0.3048,-0.052436,-0.029318,-0.315556,-0.005102,-0.079382,-0.414449,-0.027881,-0.119662,-0.471765,-0.049139,-0.161659,-0.516477,-0.066081,-0.068703,-0.284347,-0.01498,-0.067785,-0.346099,-0.045739,-0.019749,-0.28429,-0.060981,-0.003563,-0.250428,-0.066664,-0.098812,-0.237551,-0.027364,-0.082981,-0.291041,-0.06477,-0.029004,-0.225343,-0.062692,-0.01787,-0.19038,-0.052994,-0.12116,-0.179763,-0.041085,-0.093309,-0.237777,-0.068104,-0.051257,-0.193773,-0.059697,-0.044263,-0.161005,-0.048184,Z
0.0,0.0,0.0,0.049882,-0.085803,-0.017841,0.055502,-0.21561,-0.030071,0.013601,-0.295505,-0.045698,-0.046039,-0.312452,-0.059739,-0.023963,-0.310426,-0.006047,-0.07351,-0.413983,-0.032954,-0.113801,-0.474158,-0.056629,-0.1566,-0.51899,-0.074248,-0.062953,-0.280146,-0.016086,-0.065268,-0.350311,-0.053025,-0.016866,-0.295244,-0.070374,0.002387,-0.259621,-0.07568,-0.093825,-0.235768,-0.029328,-0.080405,-0.296416,-0.071594,-0.025844,-0.234621,-0.070356,-0.010903,-0.196256,-0.05924,-0.116947,-0.181539,-0.044161,-0.089343,-0.240723,-0.073897,-0.046959,-0.199947,-0.067048,-0.036891,-0.169287,-0.055705,Z
0.0,0.0,0.0,0.049164,-0.090471,-0.017539,0.054282,-0.22062,-0.029037,0.014514,-0.299457,-0.044088,-0.046631,-0.309158,-0.057014,-0.023873,-0.317531,-0.001766,-0.073241,-0.418485,-0.028432,-0.114513,-0.475161,-0.05297,-0.159633,-0.51786,-0.070877,-0.063443,-0.286377,-0.012121,-0.064673,-0.351733,-0.046967,-0.015934,-0.293921,-0.064176,0.002201,-0.259671,-0.069771,-0.094278,-0.240836,-0.026251,-0.078314,-0.295655,-0.06737,-0.021577,-0.232532,-0.067552,-0.007026,-0.195903,-0.057377,-0.116427,-0.186413,-0.042125,-0.086696,-0.243743,-0.070419,-0.044379,-0.201739,-0.063639,-0.036421,-0.170182,-0.052511,Z
0.0,0.0,0.0,0.048119,-0.087107,-0.016357,0.054617,-0.216528,-0.02799,0.01494,-0.294384,-0.043111,-0.044647,-0.307744,-0.056937,-0.026516,-0.313387,-0.006971,-0.077788,-0.417585,-0.032811,-0.118408,-0.473323,-0.056054,-0.160672,-0.514458,-0.073199,-0.065166,-0.28103,-0.017328,-0.064571,-0.348549,-0.051855,-0.018162,-0.292473,-0.06883,-0.001782,-0.257029,-0.074773,-0.095549,-0.234413,-0.03041,-0.0796,-0.293934,-0.070319,-0.025975,-0.233221,-0.06937,-0.013054,-0.19589,-0.059473,-0.118469,-0.178287,-0.044849,-0.091235,-0.239755,-0.073023,-0.050113,-0.199933,-0.065349,-0.042463,-0.168024,-0.053914,Z
0.0,0.0,0.0,0.051766,-0.085734,-0.016923,0.057116,-0.217646,-0.028268,0.015094,-0.297309,-0.043423,-0.045717,-0.309077,-0.057112,-0.023255,-0.312536,-0.004243,-0.071955,-0.416843,-0.030007,-0.11211,-0.475429,-0.053282,-0.154792,-0.519299,-0.070673,-0.061577,-0.281876,-0.01456,-0.063028,-0.349337,-0.050457,-0.01593,-0.293222,-0.068256,0.001547,-0.258054,-0.074145,-0.092491,-0.23743,-0.028031,-0.079745,-0.30021,-0.069599,-0.0246,-0.238829,-0.069994,-0.01005,-0.200399,-0.060167,-0.115905,-0.183871,-0.042941,-0.088353,-0.246387,-0.072439,-0.046572,-0.204815,-0.066277,-0.038226,-0.171829,-0.055595,Z
0.0,0.0,0.0,0.050641,-0.086584,-0.017226,0.056385,-0.216005,-0.028671,0.01494,-0.293719,-0.043532,-0.044285,-0.309678,-0.056807,-0.026115,-0.309364,-0.005809,-0.074029,-0.412465,-0.030602,-0.11365,-0.472673,-0.05253,-0.155936,-0.51947,-0.069398,-0.064821,-0.27953,-0.015685,-0.064328,-0.34666,-0.049412,-0.017012,-0.287009,-0.065069,-5e-06,-0.251674,-0.070074,-0.0949,-0.235135,-0.028515,-0.078598,-0.294827,-0.068572,-0.024688,-0.230585,-0.066717,-0.012551,-0.193431,-0.056076,-0.116886,-0.180623,-0.042824,-0.087497,-0.241006,-0.071703,-0.04521,-0.197756,-0.064201,-0.037701,-0.164623,-0.052766,Z
0.0,0.0,0.0,0.046884,-0.082132,-0.014541,0.055003,-0.21498,-0.023944,0.011714,-0.294077,-0.036441,-0.047084,-0.309079,-0.048003,-0.02895,-0.314721,-0.008272,-0.076266,-0.412886,-0.029553,-0.115294,-0.472248,-0.048702,-0.156072,-0.520588,-0.064943,-0.069659,-0.284401,-0.018634,-0.066863,-0.343502,-0.049161,-0.020358,-0.276656,-0.063204,-0.00652,-0.241616,-0.068281,-0.099807,-0.238459,-0.03077,-0.083852,-0.29455,-0.068505,-0.030288,-0.225711,-0.065528,-0.019661,-0.190573,-0.055616,-0.122412,-0.180992,-0.043881,-0.093202,-0.239654,-0.072673,-0.049756,-0.193275,-0.064893,-0.041779,-0.160822,-0.053814,Z
0.0,0.0,0.0,0.048347,-0.086447,-0.016653,0.054274,-0.218118,-0.027567,0.013999,-0.296737,-0.042192,-0.04676,-0.307153,-0.055284,-0.026928,-0.31114,-0.003273,-0.077732,-0.414766,-0.02778,-0.117683,-0.473731,-0.050171,-0.159566,-0.518233,-0.067122,-0.064925,-0.279849,-0.01352,-0.067195,-0.348091,-0.049356,-0.01902,-0.292152,-0.067017,-0.0013,-0.255531,-0.072348,-0.094976,-0.234915,-0.026732,-0.081647,-0.294616,-0.067897,-0.026086,-0.232624,-0.068003,-0.012114,-0.193276,-0.057725,-0.11683,-0.180953,-0.04137,-0.089432,-0.241991,-0.070247,-0.047178,-0.200122,-0.063612,-0.03873,-0.166341,-0.052424,Z
0.0,0.0,0.0,0.050259,-0.083008,-0.017187,0.056995,-0.21432,-0.028302,0.014682,-0.29327,-0.04266,-0.044683,-0.310569,-0.055601,-0.024612,-0.308533,-0.007812,-0.07417,-0.412152,-0.032929,-0.114489,-0.471875,-0.055008,-0.156504,-0.518788,-0.072143,-0.063636,-0.278591,-0.017574,-0.065285,-0.345514,-0.052761,-0.018299,-0.286715,-0.069328,-0.001137,-0.251866,-0.074809,-0.094264,-0.23423,-0.02998,-0.080548,-0.295754,-0.071502,-0.026379,-0.230983,-0.070037,-0.013316,-0.193946,-0.059458,-0.117012,-0.180175,-0.04368,-0.088521,-0.241667,-0.074026,-0.046064,-0.197303,-0.066971,-0.037759,-0.164388,-0.055612,Z
0.0,0.0,0.0,0.051059,-0.085701,-0.017977,0.059988,-0.216246,-0.030346,0.018918,-0.295821,-0.045906,-0.041831,-0.307393,-0.059832,-0.022951,-0.312655,-0.007708,-0.070849,-0.416857,-0.033469,-0.111274,-0.474768,-0.056959,-0.153825,-0.518479,-0.074813,-0.062577,-0.282492,-0.017472,-0.060081,-0.349001,-0.052859,-0.01277,-0.290568,-0.070597,0.003565,-0.253708,-0.076947,-0.093134,-0.237752,-0.030028,-0.07584,-0.297969,-0.070909,-0.021627,-0.234121,-0.070438,-0.008938,-0.194972,-0.060663,-0.114861,-0.183402,-0.044097,-0.083306,-0.242304,-0.073593,-0.040949,-0.198663,-0.06697,-0.033285,-0.164664,-0.056056,Z
0.0,0.0,0.0,0.0468,-0.084789,-0.015043,0.055788,-0.215363,-0.025718,0.014688,-0.294892,-0.039616,-0.044093,-0.310792,-0.052406,-0.0289,-0.31451,-0.009113,-0.073762,-0.412749,-0.031903,-0.112575,-0.470896,-0.052004,-0.152744,-0.517577,-0.068232,-0.06904,-0.286097,-0.019209,-0.062199,-0.345729,-0.050296,-0.017412,-0.282349,-0.064224,-0.004042,-0.246902,-0.069164,-0.098789,-0.242431,-0.031278,-0.077312,-0.296083,-0.068417,-0.02656,-0.229708,-0.064901,-0.01752,-0.193142,-0.054696,-0.120272,-0.18775,-0.044547,-0.087712,-0.245621,-0.072177,-0.045851,-0.201068,-0.063932,-0.038288,-0.168199,-0.052522,Z
0.0,0.0,0.0,0.043264,-0.085888,-0.014664,0.052325,-0.218119,-0.025612,0.014508,-0.299147,-0.039952,-0.044827,-0.309021,-0.053227,-0.030854,-0.319077,-0.008501,-0.075797,-0.413854,-0.028686,-0.114272,-0.470002,-0.04744,-0.153447,-0.516781,-0.063584,-0.072353,-0.287488,-0.019424,-0.063338,-0.348515,-0.048674,-0.020564,-0.283236,-0.062413,-0.010278,-0.249997,-0.067571,-0.101682,-0.24137,-0.031841,-0.078838,-0.297271,-0.066905,-0.028819,-0.229536,-0.062848,-0.022092,-0.193264,-0.052896,-0.121793,-0.184922,-0.045567,-0.088464,-0.246629,-0.07143,-0.047447,-0.201955,-0.062231,-0.042132,-0.167788,-0.050632,Z
0.0,0.0,0.0,0.044155,-0.089601,-0.013987,0.052328,-0.219425,-0.024565,0.013597,-0.299314,-0.038635,-0.045009,-0.311088,-0.051614,-0.031503,-0.315985,-0.007914,-0.079156,-0.414165,-0.029116,-0.117497,-0.472023,-0.048325,-0.156108,-0.51942,-0.064619,-0.071322,-0.285556,-0.019188,-0.064953,-0.352679,-0.049855,-0.020052,-0.28851,-0.064009,-0.007481,-0.252554,-0.069112,-0.100495,-0.24028,-0.032152,-0.079644,-0.29886,-0.068439,-0.028829,-0.231831,-0.06458,-0.020737,-0.194531,-0.054331,-0.12115,-0.184266,-0.046297,-0.089633,-0.245002,-0.072834,-0.048558,-0.2014,-0.064085,-0.043106,-0.16803,-0.052694,Z
0.0,0.0,0.0,0.049565,-0.08883,-0.016417,0.057729,-0.217099,-0.028048,0.019034,-0.295989,-0.043145,-0.040476,-0.307594,-0.056612,-0.025106,-0.313502,-0.005263,-0.072699,-0.415312,-0.030672,-0.112573,-0.472264,-0.053829,-0.155357,-0.514822,-0.071226,-0.064284,-0.283454,-0.015439,-0.060048,-0.352573,-0.048544,-0.012866,-0.293942,-0.064905,0.002645,-0.257135,-0.070722,-0.094083,-0.2384,-0.028495,-0.07317,-0.295274,-0.067408,-0.020483,-0.231952,-0.066125,-0.010442,-0.194233,-0.056262,-0.115247,-0.183608,-0.043035,-0.082061,-0.240379,-0.070604,-0.041122,-0.197463,-0.063079,-0.03574,-0.164361,-0.051929,Z
0.0,0.0,0.0,0.047713,-0.088438,-0.014629,0.056512,-0.218826,-0.025329,0.016688,-0.299533,-0.039551,-0.042742,-0.311677,-0.052609,-0.028643,-0.316205,-0.008236,-0.073747,-0.416278,-0.031369,-0.112897,-0.473839,-0.052195,-0.153633,-0.51861,-0.068697,-0.068216,-0.285726,-0.018964,-0.062422,-0.352437,-0.050056,-0.01705,-0.294929,-0.064942,-0.0023,-0.25931,-0.070558,-0.098018,-0.240944,-0.031766,-0.076304,-0.298688,-0.068486,-0.02461,-0.235232,-0.065953,-0.014132,-0.196179,-0.056273,-0.119402,-0.185891,-0.045885,-0.087117,-0.245223,-0.072607,-0.045667,-0.204346,-0.064858,-0.038239,-0.171327,-0.054012,Z
0.0,0.0,0.0,0.050237,-0.091465,-0.015683,0.058105,-0.220219,-0.026974,0.021813,-0.300444,-0.04215,-0.038196,-0.309644,-0.055683,-0.024039,-0.316199,-0.002894,-0.070552,-0.417577,-0.027974,-0.109058,-0.475439,-0.051147,-0.150544,-0.518881,-0.068491,-0.062667,-0.286314,-0.01348,-0.057778,-0.356482,-0.047396,-0.011665,-0.2985,-0.064211,0.00355,-0.260277,-0.069769,-0.092483,-0.242097,-0.027016,-0.071306,-0.300153,-0.065967,-0.019411,-0.237513,-0.065185,-0.0092,-0.196969,-0.0552,-0.113748,-0.188698,-0.042131,-0.080152,-0.245518,-0.069376,-0.039483,-0.204019,-0.062508,-0.033384,-0.170101,-0.051679,Z
0.0,0.0,0.0,0.044385,-0.086559,-0.014714,0.053469,-0.217322,-0.025641,0.015466,-0.29699,-0.039925,-0.042856,-0.307612,-0.053207,-0.02948,-0.315894,-0.009132,-0.075026,-0.412532,-0.030374,-0.112883,-0.470551,-0.049627,-0.150942,-0.518161,-0.066002,-0.070539,-0.284519,-0.02013,-0.061843,-0.348776,-0.051225,-0.018794,-0.283512,-0.065649,-0.00792,-0.24683,-0.070807,-0.10026,-0.238659,-0.032728,-0.07723,-0.296918,-0.069044,-0.02773,-0.228664,-0.065298,-0.020561,-0.190367,-0.055139,-0.121198,-0.182214,-0.046606,-0.086842,-0.241105,-0.073429,-0.046124,-0.196922,-0.065153,-0.040978,-0.163547,-0.054085,Z
0.0,0.0,0.0,0.051934,-0.091284,-0.016406,0.058512,-0.221162,-0.028214,0.024156,-0.301061,-0.044126,-0.03527,-0.312848,-0.058251,-0.018387,-0.317654,-0.001536,-0.064096,-0.419401,-0.027335,-0.102697,-0.477114,-0.051292,-0.145574,-0.520466,-0.068864,-0.057145,-0.287849,-0.012286,-0.053876,-0.354936,-0.046055,-0.008078,-0.295965,-0.06304,0.007186,-0.260982,-0.068868,-0.087546,-0.243562,-0.026582,-0.068531,-0.304648,-0.065917,-0.01462,-0.242162,-0.066051,-0.003094,-0.204073,-0.056543,-0.109056,-0.190863,-0.042526,-0.076651,-0.249883,-0.069397,-0.035574,-0.208838,-0.062804,-0.029594,-0.177333,-0.052366,Z
